equipo_tag,temp_motor_c,presion_hidraulica_psi,vibracion_rodamientos_mm_s,presion_aceite_psi,temp_refrigerante_c,rpm_motor,voltaje_sistema_v,corriente_a,desgaste_componente_hrs,falla_maquina,tipo_falla
PALA-02,75.3,3139.09,2.96,54.79,86.86,1526.4,26.36,188.58,1050.9,0,NORMAL
CARG-02,76.94,3179.32,2.02,44.45,79.09,1656.2,27.5,151.76,2822.7,0,NORMAL
CARG-01,83.75,3064.27,2.17,58.65,85.93,1814.9,24.8,153.93,3149.1,0,NORMAL
PALA-03,76.72,3089.93,1.37,41.22,72.3,1767.7,25.35,152.13,2415.8,0,NORMAL
PALA-01,87.01,3328.19,0.99,52.51,82.19,1553.9,27.85,154.58,255.6,0,NORMAL
PALA-01,81.68,3273.69,1.24,61.72,87.42,1488.5,26.08,177.39,3454.6,0,NORMAL
PALA-01,82.39,3338.49,1.47,57.6,81.4,1589.3,26.64,149.33,1974.3,0,NORMAL
CARG-02,80.75,3288.52,0.95,46.35,80.24,1458.6,27.4,170.79,2904.7,0,NORMAL
PALA-03,85.48,3376.78,1.54,47.3,80.22,1731.0,26.67,196.54,2538.0,0,NORMAL
CARG-01,85.52,3408.08,1.85,51.01,86.87,1664.9,27.13,211.73,1206.7,0,NORMAL
PALA-01,83.51,2936.49,3.23,54.39,74.63,1674.1,26.89,128.41,3216.7,0,NORMAL
CARG-02,103.44,3096.22,2.81,58.38,98.05,1781.2,27.19,195.73,1101.6,1,FALLA_TERMICA
CARG-01,81.05,3208.35,2.7,57.02,84.37,1824.8,26.79,199.66,3430.1,0,NORMAL
PALA-01,84.44,3245.92,1.01,48.71,82.27,1748.6,26.98,204.15,3444.8,0,NORMAL
PALA-01,80.48,3129.38,2.61,57.09,85.75,1693.3,25.94,161.72,199.0,0,NORMAL
PALA-01,82.01,3414.16,1.02,57.63,83.73,1635.7,26.82,151.63,495.9,0,NORMAL
PALA-02,80.76,3606.39,3.19,56.44,79.11,1677.9,26.37,105.93,858.7,0,NORMAL
PALA-03,79.94,3283.51,1.53,66.39,83.33,1744.9,26.33,163.48,1324.0,0,NORMAL
PALA-02,78.9,3265.18,0.97,57.63,75.72,1831.1,25.06,222.38,2304.4,0,NORMAL
PALA-02,84.1,3402.9,2.51,58.84,72.93,1553.3,26.06,171.0,1309.7,0,NORMAL
PALA-03,87.9,2914.15,2.78,63.38,78.55,1584.6,26.29,152.45,3283.8,0,NORMAL
PALA-01,87.27,3255.12,1.95,58.25,81.32,1719.3,27.64,180.31,1692.6,0,NORMAL
PALA-02,76.35,3426.23,3.01,51.24,77.75,1466.7,26.18,118.47,1972.8,0,NORMAL
PALA-02,87.8,3134.23,2.02,60.21,81.7,1754.2,26.63,150.45,2210.7,0,NORMAL
PALA-02,80.57,3029.22,1.15,51.99,81.23,1846.8,27.5,188.52,1517.8,0,NORMAL
CARG-01,84.7,3216.55,2.01,49.09,73.56,2003.0,25.41,179.56,2239.4,0,NORMAL
PALA-01,77.92,3239.08,2.13,49.52,78.84,1729.8,26.09,142.49,359.1,0,NORMAL
PALA-03,82.64,1935.23,1.93,35.95,84.76,1823.1,27.1,222.43,1782.1,1,FALLA_PRESION_HIDRAULICA
PALA-03,83.41,3627.31,0.85,57.1,82.95,1722.6,28.38,108.91,1189.3,0,NORMAL
PALA-01,75.32,3163.83,4.1,59.3,78.21,1914.4,24.81,170.96,747.1,0,NORMAL
PALA-03,84.74,3042.34,5.24,57.13,83.48,1669.2,26.31,189.64,180.2,0,NORMAL
PALA-01,88.06,3233.15,1.73,54.94,88.02,1759.5,26.9,203.24,2744.1,0,NORMAL
PALA-01,81.21,3413.41,1.82,55.59,79.3,1792.4,27.07,164.27,468.7,0,NORMAL
CARG-02,88.12,3253.13,2.02,56.96,83.97,1766.6,28.2,186.8,639.8,0,NORMAL
CARG-02,81.15,3337.41,1.88,50.99,83.33,1627.4,25.88,160.15,630.2,0,NORMAL
CARG-01,85.82,3093.13,1.17,47.55,79.09,1555.1,26.21,218.4,3432.5,0,NORMAL
PALA-02,72.02,3517.78,2.9,51.57,76.47,1842.5,25.1,171.3,924.2,0,NORMAL
PALA-01,92.88,3351.11,2.97,56.72,87.6,1750.1,26.5,200.6,692.7,0,NORMAL
PALA-03,88.73,3438.59,1.86,50.76,85.35,1729.0,26.81,119.55,3393.9,0,NORMAL
PALA-02,80.72,3315.73,1.79,64.65,79.89,1827.0,28.07,156.01,2213.9,0,NORMAL
PALA-01,73.13,3398.48,1.77,56.21,85.85,1821.4,27.76,178.88,2404.6,0,NORMAL
PALA-02,83.3,3092.85,2.86,54.6,83.22,1763.0,27.61,178.57,2861.5,0,NORMAL
PALA-01,75.5,3161.55,1.99,50.97,85.82,1796.3,25.84,140.11,1934.6,0,NORMAL
CARG-02,102.58,3492.37,1.72,58.58,94.82,1657.0,26.74,94.87,1922.7,1,FALLA_TERMICA
PALA-02,83.85,3530.75,0.98,47.94,79.37,1784.1,26.71,98.39,3494.2,0,NORMAL
PALA-03,77.76,3043.53,3.09,55.58,87.29,1531.7,26.77,126.84,2430.2,0,NORMAL
PALA-02,87.04,3294.95,1.31,51.82,91.61,1722.4,26.37,257.56,2504.7,0,NORMAL
PALA-03,85.63,3172.43,0.97,54.6,79.44,1809.7,27.3,53.75,354.2,0,NORMAL
PALA-03,86.39,3124.53,2.62,56.43,79.37,1633.7,26.12,154.13,444.3,0,NORMAL
PALA-01,82.04,3301.27,1.98,48.27,83.73,1737.1,26.66,149.71,1801.6,0,NORMAL
CARG-02,75.63,3455.37,5.38,45.65,82.38,1756.2,27.56,161.48,2564.1,0,NORMAL
CARG-01,108.12,3331.3,0.9,49.34,110.38,1613.1,28.12,157.12,2650.8,1,FALLA_TERMICA
CARG-02,80.78,3192.49,1.44,58.4,72.35,1855.5,25.74,125.69,2753.0,0,NORMAL
CARG-02,75.75,3342.68,2.61,55.87,80.05,1758.4,26.84,195.66,2509.2,0,NORMAL
PALA-03,88.08,3185.2,1.93,51.99,84.22,1518.9,26.76,102.9,454.5,0,NORMAL
CARG-02,91.45,3324.18,2.15,63.84,71.58,1730.9,27.38,225.45,2927.0,0,NORMAL
PALA-01,81.81,3501.36,2.14,60.43,74.53,1894.5,27.71,175.81,2695.3,0,NORMAL
PALA-01,91.72,2876.11,0.7,59.22,73.9,1719.5,26.13,128.1,1338.4,0,NORMAL
PALA-01,103.87,3393.51,2.22,50.38,110.71,1641.9,26.34,135.83,1460.0,1,FALLA_TERMICA
PALA-02,80.29,2972.97,2.81,59.16,77.28,1654.6,26.46,200.04,1959.8,0,NORMAL
PALA-02,79.16,3471.1,1.21,55.7,76.2,1700.8,26.78,113.02,3475.3,0,NORMAL
PALA-02,89.37,3135.34,1.25,50.39,81.22,1574.5,27.06,161.73,2617.5,0,NORMAL
CARG-01,78.49,3030.82,1.56,53.48,76.04,1888.3,26.1,158.91,2940.3,0,NORMAL
PALA-02,85.31,3375.15,0.96,48.81,82.81,1830.9,27.89,157.98,759.5,0,NORMAL
PALA-02,102.5,3315.55,1.13,50.43,107.78,1849.3,24.94,179.08,1794.9,1,FALLA_TERMICA
PALA-03,79.93,3070.15,2.04,48.28,79.53,1539.6,25.44,182.56,1991.2,0,NORMAL
PALA-01,86.64,3024.46,3.54,58.78,73.23,1735.4,26.89,174.46,202.6,0,NORMAL
CARG-01,80.29,3216.25,1.46,53.65,79.19,1849.4,26.27,199.23,434.7,0,NORMAL
PALA-01,80.18,3033.26,4.28,49.29,82.96,1606.4,25.95,169.02,789.8,0,NORMAL
CARG-02,87.1,3058.93,1.45,56.59,82.56,1711.3,27.17,142.44,3097.7,0,NORMAL
CARG-01,89.19,3270.81,2.94,54.01,84.35,1588.1,27.05,120.41,2724.4,0,NORMAL
PALA-01,84.9,3076.14,1.29,59.25,78.62,1820.1,27.4,162.16,1727.8,0,NORMAL
PALA-01,79.05,3326.78,2.38,54.67,79.88,1694.2,25.57,173.65,2755.5,0,NORMAL
CARG-01,79.7,3518.23,4.0,46.81,71.19,1708.9,27.05,98.14,1848.3,0,NORMAL
CARG-01,82.36,3223.26,2.65,51.52,83.46,1584.6,27.04,175.52,3230.6,0,NORMAL
CARG-01,83.44,3273.43,1.83,48.21,75.76,1905.8,25.59,129.49,1034.1,0,NORMAL
CARG-01,77.55,3613.26,1.77,56.82,81.8,1726.1,26.43,128.46,460.1,0,NORMAL
PALA-01,85.25,3036.23,2.39,59.42,77.52,1815.0,27.18,165.27,219.2,0,NORMAL
PALA-02,82.38,3464.42,2.77,46.28,80.65,1766.1,27.47,86.53,1561.8,0,NORMAL
PALA-01,94.28,3442.75,2.93,53.38,101.06,1610.9,26.28,210.65,1103.2,1,FALLA_TERMICA
CARG-02,77.82,3403.78,2.05,59.76,79.25,1523.1,25.52,191.91,3387.5,0,NORMAL
PALA-03,79.73,3482.51,2.35,46.2,78.04,1697.0,27.63,118.37,3094.2,0,NORMAL
PALA-02,81.67,3300.5,1.26,51.82,81.01,1852.8,26.43,153.4,1533.3,0,NORMAL
PALA-01,90.5,3145.07,2.51,54.0,78.43,1483.7,24.89,165.34,107.3,0,NORMAL
PALA-02,83.07,3447.02,1.31,59.34,77.23,1953.8,26.21,133.79,374.3,0,NORMAL
PALA-02,78.22,3453.91,2.16,56.72,88.47,1820.0,27.31,142.6,793.2,0,NORMAL
CARG-01,82.99,3448.96,1.64,57.75,73.58,1742.9,25.42,155.71,1403.2,0,NORMAL
PALA-03,80.42,3258.01,3.79,57.01,83.62,1706.1,26.49,159.6,2815.8,0,NORMAL
CARG-02,83.46,3121.08,2.04,52.13,80.46,1823.0,26.14,155.35,2992.2,0,NORMAL
PALA-02,84.61,3284.45,3.99,62.22,77.7,1573.5,26.37,161.97,3496.9,0,NORMAL
PALA-01,87.44,3419.6,1.94,50.65,82.39,1773.1,26.05,173.12,1882.4,0,NORMAL
CARG-01,81.89,3434.38,4.33,40.11,81.14,1757.0,26.8,148.25,3320.8,0,NORMAL
CARG-01,89.38,3172.66,2.56,45.0,86.28,1935.5,26.22,175.17,2303.5,0,NORMAL
PALA-03,86.09,3306.77,0.73,53.42,76.46,1676.2,26.93,200.93,1699.0,0,NORMAL
CARG-01,78.82,3014.42,1.66,52.34,78.94,1725.4,26.11,175.82,515.8,0,NORMAL
PALA-02,91.94,3427.29,1.37,51.32,85.05,1712.0,27.29,220.94,3212.3,0,NORMAL
PALA-03,83.47,3109.0,1.0,54.75,80.18,1658.0,26.41,110.91,3133.7,0,NORMAL
PALA-02,78.24,3391.35,1.33,60.0,83.19,1897.4,25.43,139.6,3084.1,0,NORMAL
PALA-01,89.44,3043.13,1.49,56.27,85.86,1603.0,25.72,172.73,3374.7,0,NORMAL
PALA-01,91.35,3435.65,0.7,57.24,83.25,1537.9,25.47,168.49,2875.8,0,NORMAL
PALA-01,81.85,3307.93,0.77,48.6,78.56,1749.3,25.52,146.49,69.1,0,NORMAL
PALA-03,79.73,3109.36,1.81,51.4,79.6,1633.0,25.35,181.45,2516.9,0,NORMAL
PALA-02,81.22,3374.44,2.5,57.5,85.89,1750.5,25.53,167.29,1484.6,0,NORMAL
PALA-03,85.22,3143.73,5.44,54.54,81.62,1796.0,26.4,201.16,3307.2,0,NORMAL
CARG-02,87.75,3384.92,3.61,56.39,80.19,1737.5,26.99,122.9,2755.9,0,NORMAL
PALA-01,84.57,3200.66,1.78,57.07,82.53,1722.9,25.32,161.95,2820.8,0,NORMAL
PALA-02,82.46,2940.21,2.01,54.83,75.86,1472.6,25.76,144.43,425.4,0,NORMAL
CARG-01,88.74,3073.17,2.62,61.91,80.05,1787.1,27.04,190.01,1651.5,0,NORMAL
PALA-01,80.59,3172.53,1.85,51.34,80.69,1743.5,26.27,179.12,1622.7,0,NORMAL
PALA-01,86.64,3496.27,2.06,49.9,80.62,1944.9,25.03,143.15,1756.3,0,NORMAL
PALA-02,80.7,3412.21,1.33,45.18,79.42,1856.5,26.43,195.03,2796.8,0,NORMAL
PALA-01,83.94,3542.3,1.97,57.74,79.76,1542.2,26.69,159.23,810.7,0,NORMAL
CARG-02,81.49,3547.65,2.11,51.15,80.54,1847.3,26.65,116.49,669.1,0,NORMAL
CARG-01,81.75,3153.74,1.01,60.33,86.84,1564.0,28.2,151.11,3009.7,0,NORMAL
PALA-03,80.3,3216.07,2.59,55.24,72.19,1820.0,25.8,241.14,2930.1,0,NORMAL
CARG-02,88.05,3175.97,2.65,52.31,83.8,1894.4,27.28,153.36,2348.4,0,NORMAL
CARG-01,78.7,3129.13,2.71,48.73,80.65,1944.0,26.38,168.29,265.8,0,NORMAL
PALA-01,78.67,2918.53,1.35,58.23,80.75,1672.5,26.77,170.08,2534.2,0,NORMAL
CARG-02,91.54,3247.35,4.0,53.73,79.38,1804.7,25.88,158.49,422.2,0,NORMAL
PALA-03,86.4,3018.6,1.67,55.34,83.01,1841.1,25.86,213.63,1419.2,0,NORMAL
CARG-01,71.27,3243.85,1.07,57.02,84.8,1776.5,25.4,185.66,2945.8,0,NORMAL
CARG-02,79.46,3630.84,3.86,55.33,73.42,1519.4,25.23,182.85,155.6,0,NORMAL
PALA-02,73.85,3158.32,1.18,49.75,89.38,1738.5,26.94,150.58,2238.3,0,NORMAL
PALA-01,77.72,3285.06,2.32,56.61,81.58,1788.3,25.97,184.34,1955.7,0,NORMAL
PALA-01,67.88,3413.2,1.46,58.1,81.44,1719.8,28.44,149.22,1350.2,0,NORMAL
PALA-02,81.38,3300.45,0.84,55.8,75.42,1617.0,26.02,174.96,785.1,0,NORMAL
CARG-01,76.86,3302.65,1.16,57.16,78.72,1695.9,26.94,232.26,621.6,0,NORMAL
CARG-02,82.27,3184.77,3.64,57.63,86.44,1828.1,26.44,214.66,2948.1,0,NORMAL
PALA-01,74.69,3208.26,2.02,52.02,81.27,1767.2,24.94,155.92,431.7,0,NORMAL
PALA-03,82.37,3077.2,1.53,51.83,82.66,1775.9,25.32,167.83,3379.8,0,NORMAL
PALA-02,80.13,3402.29,1.73,65.13,79.16,1690.2,25.19,121.57,726.5,0,NORMAL
PALA-01,88.76,2936.53,1.08,60.63,88.88,1771.2,27.58,151.51,2538.7,0,NORMAL
PALA-01,88.35,3424.8,1.28,53.76,80.39,1467.2,27.44,82.16,1972.5,0,NORMAL
PALA-02,85.53,2997.33,2.94,57.41,85.52,1714.7,27.94,191.98,1341.6,0,NORMAL
CARG-02,80.53,4174.43,2.22,49.31,80.39,1674.3,24.62,312.69,3204.1,1,FALLA_SOBRECARGA
PALA-02,90.93,3186.31,1.97,51.01,82.39,1723.3,25.3,156.63,167.8,0,NORMAL
PALA-03,75.01,3028.26,1.8,47.77,82.41,1579.3,26.88,144.13,2696.2,0,NORMAL
CARG-01,75.68,4485.29,0.77,55.43,84.7,1764.4,25.79,345.86,2601.7,1,FALLA_SOBRECARGA
PALA-02,81.62,3417.18,1.88,55.49,83.96,1950.7,26.96,207.91,2932.8,0,NORMAL
CARG-02,92.14,3171.15,2.94,59.42,79.1,1729.7,26.04,209.4,3126.4,0,NORMAL
CARG-02,81.09,3379.71,1.44,52.94,85.64,1725.6,25.96,115.3,1627.7,0,NORMAL
PALA-02,81.18,2838.68,1.9,59.33,77.04,2020.9,24.95,182.9,2379.1,0,NORMAL
PALA-02,75.51,3012.29,0.51,57.26,76.27,1606.3,25.94,129.49,2034.6,0,NORMAL
PALA-02,86.26,3482.63,3.49,66.3,79.83,1779.4,26.7,165.2,2091.4,0,NORMAL
PALA-02,86.29,3209.74,4.02,62.34,82.57,1909.6,25.61,193.72,136.1,0,NORMAL
PALA-01,85.55,2914.8,4.01,61.46,76.91,1673.2,26.45,150.87,3371.8,0,NORMAL
PALA-03,79.17,3124.2,0.82,58.18,80.69,1822.3,25.56,167.72,609.2,0,NORMAL
PALA-03,78.82,3083.79,3.06,49.53,75.46,1740.0,25.78,138.34,1479.6,0,NORMAL
PALA-01,76.18,4283.53,0.4,55.46,79.92,1591.0,25.84,369.05,2466.4,1,FALLA_SOBRECARGA
PALA-02,82.38,3183.26,3.14,65.24,84.89,1700.3,26.77,152.41,785.1,0,NORMAL
CARG-02,77.14,3282.21,1.95,56.53,77.63,1716.2,27.09,141.3,450.7,0,NORMAL
PALA-01,76.7,3237.5,1.64,49.89,76.11,1643.7,27.87,171.91,3140.3,0,NORMAL
PALA-01,80.09,3494.75,3.05,55.68,82.51,1527.2,27.02,192.21,2052.6,0,NORMAL
PALA-02,79.8,3326.42,2.08,49.05,77.85,1670.6,26.69,111.18,514.7,0,NORMAL
CARG-02,79.58,3332.38,1.27,49.72,90.69,1540.6,27.82,176.02,3061.9,0,NORMAL
PALA-01,84.1,3459.73,2.74,56.06,81.77,1785.0,26.62,142.56,700.9,0,NORMAL
PALA-03,82.36,3180.02,3.43,57.7,85.1,1785.9,26.89,183.35,2318.3,0,NORMAL
CARG-01,80.7,3022.86,2.94,50.01,75.74,1567.0,27.17,141.87,3001.6,0,NORMAL
PALA-01,82.82,3467.25,3.03,51.2,82.83,1729.8,26.54,129.78,2187.9,0,NORMAL
CARG-01,77.54,3274.45,1.08,46.87,76.98,1558.7,26.35,135.15,74.1,0,NORMAL
PALA-02,82.47,3275.08,1.51,53.35,80.28,1676.6,26.27,165.79,2291.3,0,NORMAL
PALA-03,82.68,3136.0,2.24,44.27,77.99,1639.7,25.94,178.75,2008.7,0,NORMAL
PALA-03,75.24,3138.97,3.82,52.5,85.16,1777.6,26.0,138.13,1871.9,0,NORMAL
PALA-03,86.48,3402.41,1.29,54.4,82.28,1525.7,27.25,161.93,1106.2,0,NORMAL
PALA-01,78.03,3427.24,3.72,45.22,81.47,1838.0,25.52,137.42,2211.4,0,NORMAL
CARG-01,82.41,3391.09,0.7,48.96,86.44,1867.3,26.51,146.9,107.0,0,NORMAL
PALA-02,87.24,3392.73,3.49,53.7,81.06,1702.7,26.38,142.73,1837.6,0,NORMAL
PALA-01,86.17,3352.43,3.34,53.02,85.12,1558.5,25.26,135.23,1182.4,0,NORMAL
PALA-01,82.15,3273.67,4.79,53.25,88.2,1468.8,27.07,117.31,215.1,0,NORMAL
PALA-03,80.37,3218.43,3.13,55.44,81.56,1851.4,25.33,157.41,955.4,0,NORMAL
PALA-03,86.26,3467.86,2.34,45.64,82.04,1958.1,25.8,199.65,2936.5,0,NORMAL
PALA-01,85.04,3182.73,1.65,57.54,84.82,1725.2,26.33,162.98,941.5,0,NORMAL
PALA-03,79.22,3316.6,1.55,52.41,86.75,1580.5,27.59,149.57,1678.6,0,NORMAL
PALA-01,78.42,3105.28,1.92,51.02,81.51,1588.6,26.82,188.2,2000.0,0,NORMAL
PALA-03,72.67,3131.33,1.59,44.68,78.45,1861.8,26.65,142.77,1040.6,0,NORMAL
PALA-01,82.69,3207.49,2.74,52.66,84.47,1740.3,27.48,166.75,1924.7,0,NORMAL
PALA-03,81.63,3105.29,3.1,56.56,83.29,1603.7,26.19,105.55,3346.3,0,NORMAL
PALA-02,87.11,3393.61,1.24,54.71,84.43,1995.9,28.0,159.85,685.6,0,NORMAL
CARG-02,83.62,3007.35,3.17,54.85,83.79,1845.4,26.8,148.35,3128.0,0,NORMAL
PALA-01,88.0,3267.86,2.42,52.3,81.83,1785.9,26.51,94.82,1986.0,0,NORMAL
PALA-02,78.86,3273.85,1.71,53.7,82.06,1653.0,24.96,144.32,2738.6,0,NORMAL
PALA-01,87.12,2924.06,3.45,48.46,83.81,1868.7,27.18,77.78,2117.0,0,NORMAL
CARG-02,79.62,3170.62,1.34,53.98,75.2,1825.8,26.83,139.34,1103.3,0,NORMAL
CARG-02,85.5,3296.03,0.99,51.54,86.32,1707.2,26.22,177.28,2032.5,0,NORMAL
PALA-02,75.44,3327.17,1.31,48.38,82.8,1850.6,26.0,128.25,1519.9,0,NORMAL
PALA-03,83.06,3213.22,1.51,57.77,77.62,1845.5,19.84,135.13,2098.6,1,FALLA_ELECTRICA
CARG-01,73.07,3371.84,3.39,46.12,81.74,1752.9,25.76,106.8,2000.7,0,NORMAL
PALA-03,80.8,3230.32,5.36,56.62,86.27,1582.4,26.68,170.1,2389.2,0,NORMAL
PALA-03,83.98,3252.46,3.3,56.94,82.16,1597.4,26.43,144.5,2551.5,0,NORMAL
PALA-01,79.66,3295.3,2.03,51.36,78.07,1529.8,26.95,158.58,1939.5,0,NORMAL
PALA-01,77.27,3416.86,0.64,59.15,75.9,1879.0,24.86,200.22,2847.0,0,NORMAL
CARG-02,85.81,3128.37,1.38,51.26,90.86,1544.7,26.94,125.0,2416.1,0,NORMAL
CARG-02,81.53,3162.37,4.56,50.94,74.04,1724.1,27.68,204.25,926.7,0,NORMAL
PALA-03,79.8,3129.6,3.0,48.0,82.35,1529.1,24.88,151.07,3288.8,0,NORMAL
PALA-02,82.19,3190.2,0.61,53.96,78.65,1922.0,25.64,196.79,295.1,0,NORMAL
PALA-02,93.87,3506.72,0.46,49.21,85.17,1580.5,26.85,156.06,2233.9,0,NORMAL
CARG-01,109.59,3353.09,2.93,50.04,96.95,1758.7,26.29,102.79,2162.5,1,FALLA_TERMICA
CARG-02,87.23,3046.4,3.76,53.67,87.43,1531.8,26.94,116.55,1583.3,0,NORMAL
CARG-02,83.96,3141.92,1.13,53.88,80.5,1824.5,27.0,150.87,1696.5,0,NORMAL
CARG-01,82.75,3317.1,1.35,60.28,80.12,1850.2,26.58,101.79,2732.3,0,NORMAL
PALA-03,71.22,3086.83,3.25,58.66,79.75,1722.1,27.81,178.55,2541.7,0,NORMAL
PALA-01,97.63,3119.44,1.71,56.75,104.94,1712.1,27.0,188.7,1479.3,1,FALLA_TERMICA
PALA-01,79.84,3492.09,1.83,53.27,79.53,1817.3,25.34,108.09,788.9,0,NORMAL
CARG-02,73.56,3139.59,1.79,51.98,83.87,1646.8,26.96,150.03,263.2,0,NORMAL
PALA-03,76.79,3421.84,2.14,53.87,74.11,1850.7,26.37,156.74,2548.5,0,NORMAL
PALA-01,95.01,3475.96,2.37,51.22,94.42,1755.6,26.84,184.11,2452.3,1,FALLA_TERMICA
PALA-01,81.83,1731.62,4.75,27.0,86.98,1531.2,27.33,174.35,1032.1,1,FALLA_PRESION_HIDRAULICA
PALA-03,85.68,3089.81,1.64,53.61,80.64,1941.6,27.69,145.52,3337.8,0,NORMAL
PALA-01,86.98,3200.3,1.83,49.61,78.71,1742.1,26.47,110.49,2295.3,0,NORMAL
PALA-01,83.87,3054.05,1.07,49.92,75.9,1679.4,27.07,160.05,2347.2,0,NORMAL
PALA-03,77.66,3271.79,2.13,58.77,76.32,1739.8,25.54,155.47,1993.5,0,NORMAL
PALA-03,73.31,3212.98,3.37,47.1,84.93,1633.8,26.03,131.29,2279.2,0,NORMAL
PALA-03,74.09,3314.9,1.34,48.8,77.71,1701.7,25.95,234.12,3496.8,0,NORMAL
PALA-01,76.29,3501.45,1.24,60.37,84.22,1814.7,27.23,166.05,2815.2,0,NORMAL
CARG-01,78.0,3397.15,3.22,52.04,77.08,1802.5,27.78,137.25,1507.7,0,NORMAL
PALA-01,81.28,3338.06,2.36,60.88,80.5,1794.4,28.95,140.4,722.6,0,NORMAL
PALA-02,77.44,2896.11,1.25,48.16,80.72,1647.9,27.09,189.13,2648.9,0,NORMAL
CARG-01,83.53,3329.81,2.19,54.37,77.99,1616.7,27.3,201.62,3082.9,0,NORMAL
PALA-03,80.95,3560.07,1.18,57.86,81.31,1766.5,25.02,181.6,1853.4,0,NORMAL
CARG-01,82.05,2708.11,1.68,49.47,72.54,1812.5,24.97,195.58,3236.1,0,NORMAL
PALA-03,87.13,3374.09,1.76,62.37,80.65,1632.1,25.7,116.66,1976.2,0,NORMAL
PALA-03,76.69,3221.32,3.2,52.05,82.78,1692.7,25.4,158.41,797.3,0,NORMAL
PALA-01,83.88,3097.04,2.66,56.55,77.66,1767.1,26.81,119.72,1519.8,0,NORMAL
PALA-02,81.94,3394.2,3.29,50.61,81.85,1708.5,27.79,188.13,1504.7,0,NORMAL
PALA-02,80.5,3557.75,1.66,61.46,81.61,1858.9,26.41,191.4,651.0,0,NORMAL
PALA-01,85.98,3389.54,2.53,55.52,81.77,1563.0,25.88,125.35,2422.5,0,NORMAL
CARG-02,85.96,3183.19,0.75,64.49,75.62,1545.6,26.64,139.02,2955.8,0,NORMAL
PALA-02,77.74,3080.18,1.22,59.9,81.38,1851.5,25.82,126.27,770.8,0,NORMAL
CARG-02,81.18,3276.03,0.98,58.19,74.11,1794.1,25.97,167.89,2699.3,0,NORMAL
PALA-03,83.27,3407.17,2.96,49.22,78.48,1730.9,26.24,156.47,552.8,0,NORMAL
CARG-01,80.77,3180.33,4.34,54.42,80.98,1679.9,26.71,161.34,1195.8,0,NORMAL
PALA-03,84.63,3197.73,1.8,52.42,81.83,1776.5,25.07,148.56,2601.2,0,NORMAL
PALA-03,83.27,3757.96,2.63,54.13,76.16,1742.7,24.78,224.15,1429.6,0,NORMAL
PALA-02,90.25,3444.16,2.6,54.74,79.86,1755.9,25.71,193.59,77.6,0,NORMAL
PALA-01,75.11,3457.02,4.14,49.5,84.18,1711.9,26.82,154.97,2860.0,0,NORMAL
CARG-01,81.45,2987.15,1.68,53.22,77.08,1784.2,25.39,106.45,823.7,0,NORMAL
PALA-02,77.91,3122.71,2.1,53.52,72.39,1830.2,27.87,100.68,3000.6,0,NORMAL
PALA-01,84.72,4181.16,1.24,48.95,83.12,1828.5,27.08,273.75,927.3,1,FALLA_SOBRECARGA
PALA-03,74.72,3069.8,1.03,58.0,77.23,1774.9,26.94,175.34,929.1,0,NORMAL
PALA-01,83.56,3538.07,2.8,55.11,78.44,1719.6,27.08,154.26,3099.1,0,NORMAL
CARG-02,79.16,3503.86,1.38,58.07,81.52,1773.3,26.74,203.12,1255.7,0,NORMAL
CARG-02,78.7,3153.96,1.42,56.44,81.31,1863.4,26.81,185.09,2349.9,0,NORMAL
CARG-02,75.49,3571.11,2.5,45.43,85.09,1701.5,27.39,81.96,1281.8,0,NORMAL
PALA-02,79.91,3249.23,1.75,49.83,80.03,1687.3,27.2,131.25,1917.5,0,NORMAL
PALA-01,86.88,3716.09,2.83,62.27,81.27,1779.2,26.64,101.26,2709.2,0,NORMAL
CARG-02,81.89,3276.04,2.86,57.93,74.23,1808.6,27.94,145.93,3218.8,0,NORMAL
PALA-02,84.82,3353.71,2.2,45.89,83.51,1707.9,26.46,170.86,2298.8,0,NORMAL
CARG-02,89.49,3501.98,2.07,56.35,78.23,1774.1,26.04,162.64,1363.6,0,NORMAL
CARG-02,83.19,3479.97,4.3,49.84,93.92,1619.2,25.21,159.38,1409.5,0,NORMAL
CARG-02,79.49,3341.93,1.87,43.52,80.15,1718.7,25.82,118.93,588.5,0,NORMAL
PALA-02,84.1,3224.59,2.92,62.29,82.7,1906.4,27.36,240.87,2000.9,0,NORMAL
PALA-02,79.55,3342.54,1.18,54.38,83.55,1792.9,26.37,165.34,2955.7,0,NORMAL
CARG-02,79.73,3103.09,2.05,55.08,80.65,1642.4,26.78,215.02,499.1,0,NORMAL
PALA-02,75.16,3277.38,2.93,47.72,82.75,1658.4,26.46,188.6,950.5,0,NORMAL
PALA-01,86.17,3050.32,1.27,48.23,90.02,1570.8,25.44,181.33,116.8,0,NORMAL
PALA-03,80.26,2929.44,1.93,46.04,77.98,1914.8,26.17,181.37,1865.0,0,NORMAL
CARG-02,82.82,3259.08,2.02,61.08,72.03,1600.6,25.73,140.57,250.7,0,NORMAL
PALA-03,77.34,3477.21,10.04,45.78,75.79,1416.5,26.05,139.35,3487.0,1,FALLA_DESGASTE_RODAMIENTOS
PALA-03,83.96,3416.64,1.43,62.08,84.99,1551.2,25.69,156.49,1030.7,0,NORMAL
PALA-01,78.57,3235.26,1.17,49.07,79.08,1726.4,26.79,154.3,2819.4,0,NORMAL
PALA-03,81.36,3564.46,0.58,47.86,90.33,1634.0,27.05,74.17,1895.3,0,NORMAL
CARG-02,85.95,3147.57,5.94,53.72,83.91,1735.5,26.43,159.45,3503.9,1,FALLA_DESGASTE_RODAMIENTOS
PALA-01,85.56,2904.79,2.19,50.58,78.39,1761.0,24.81,179.98,849.1,0,NORMAL
PALA-03,81.9,2857.22,1.46,54.49,77.89,1645.1,25.32,114.41,3243.5,0,NORMAL
CARG-02,74.04,3037.39,1.94,49.61,79.21,1609.6,26.92,122.57,3335.5,0,NORMAL
CARG-01,95.47,3396.99,2.08,52.43,72.74,1829.3,25.8,162.28,2651.7,0,NORMAL
PALA-03,89.86,3135.74,1.79,50.21,82.11,1755.8,25.8,174.39,1106.6,0,NORMAL
CARG-01,85.25,3332.97,2.9,58.31,83.77,1398.9,26.46,154.15,2769.9,0,NORMAL
PALA-02,78.61,3546.33,5.03,56.56,77.13,1535.5,25.77,172.09,2548.7,0,NORMAL
PALA-02,81.49,3051.98,1.21,55.24,74.79,1504.9,24.7,164.65,779.7,0,NORMAL
CARG-01,79.55,3336.13,3.2,59.27,77.36,1700.9,18.59,146.54,331.5,1,FALLA_ELECTRICA
CARG-01,87.69,3347.01,1.32,55.32,84.99,1744.3,26.08,158.76,715.9,0,NORMAL
CARG-02,83.18,3095.07,2.41,54.89,84.21,1699.4,25.96,158.91,3040.5,0,NORMAL
CARG-02,78.47,3493.76,0.98,53.4,81.86,1644.6,26.96,160.79,589.6,0,NORMAL
PALA-03,79.88,3198.21,2.32,50.42,87.57,1842.6,26.47,154.78,2782.6,0,NORMAL
PALA-03,87.05,3180.92,1.63,50.43,74.24,1758.5,26.41,171.93,1148.7,0,NORMAL
CARG-01,89.2,3630.09,1.61,54.74,80.17,1610.5,27.33,193.18,2546.0,0,NORMAL
PALA-03,88.88,3344.1,2.18,59.09,83.24,1618.3,25.15,175.22,3153.1,0,NORMAL
CARG-01,85.41,3416.55,1.13,56.85,84.16,1628.5,27.65,79.19,2769.1,0,NORMAL
CARG-01,80.86,3493.88,1.13,56.82,84.22,1678.3,27.72,111.47,1904.0,0,NORMAL
CARG-02,67.41,3132.91,1.66,48.47,83.9,1724.2,26.31,180.72,66.8,0,NORMAL
PALA-02,83.34,3474.97,3.16,56.61,86.28,1769.6,26.09,131.48,525.5,0,NORMAL
PALA-02,81.99,3159.66,1.68,52.0,84.04,1621.2,27.47,201.09,2752.8,0,NORMAL
PALA-01,82.63,3151.97,5.08,54.88,76.38,1557.2,26.19,108.27,385.2,0,NORMAL
PALA-03,82.24,3201.04,5.8,56.76,79.18,1767.2,26.68,188.88,3407.4,0,NORMAL
PALA-01,76.03,3138.03,1.92,48.22,74.22,1819.5,26.62,129.39,3397.5,0,NORMAL
PALA-02,84.51,3397.99,4.22,54.79,84.99,1925.2,20.46,199.29,1064.0,1,FALLA_ELECTRICA
PALA-03,84.84,3298.1,1.23,55.18,85.78,1768.6,25.52,134.15,168.0,0,NORMAL
PALA-02,85.07,3161.58,2.04,58.99,76.12,1632.4,26.75,126.16,2626.7,0,NORMAL
PALA-03,86.26,3371.41,2.23,51.42,79.48,1793.3,25.69,162.82,709.5,0,NORMAL
PALA-01,84.72,3200.47,2.66,53.69,73.98,1701.9,25.92,108.64,2580.1,0,NORMAL
PALA-01,80.15,3190.95,0.88,54.85,80.52,1558.6,27.14,126.82,1205.6,0,NORMAL
CARG-01,81.68,3258.76,2.16,51.42,77.69,1714.2,26.0,190.39,1336.1,0,NORMAL
PALA-02,82.41,3333.42,3.62,51.32,76.33,1753.9,25.89,210.81,2123.2,0,NORMAL
PALA-01,82.48,3320.17,0.55,51.13,80.9,1892.0,26.56,152.05,615.4,0,NORMAL
PALA-03,86.49,3184.62,1.27,53.36,88.53,1728.6,27.48,142.66,3394.8,0,NORMAL
CARG-01,84.9,3402.48,3.66,62.74,84.18,1622.2,18.64,106.68,199.6,1,FALLA_ELECTRICA
PALA-01,91.35,3209.97,1.44,53.54,79.99,1493.6,27.31,182.21,3320.0,0,NORMAL
PALA-03,91.93,3132.1,2.12,56.44,80.81,1572.5,27.3,144.53,1080.1,0,NORMAL
PALA-01,82.36,2985.76,2.45,54.16,88.51,1603.6,26.38,117.64,2349.3,0,NORMAL
PALA-01,64.74,1971.93,1.27,31.35,86.03,1920.0,28.45,169.72,3493.0,1,FALLA_PRESION_HIDRAULICA
PALA-03,87.57,3252.23,1.04,53.88,79.76,1697.1,26.56,113.84,867.6,0,NORMAL
PALA-03,79.57,3287.96,1.78,57.85,83.0,1709.2,26.37,165.33,1689.4,0,NORMAL
PALA-03,78.39,3438.24,3.32,53.73,77.01,1852.1,26.71,146.28,131.1,0,NORMAL
CARG-01,80.21,3164.07,2.17,53.2,81.1,1792.3,26.61,166.72,790.9,0,NORMAL
CARG-02,79.99,3002.61,1.06,52.83,84.06,1688.6,25.35,109.15,528.4,0,NORMAL
PALA-03,84.76,3262.56,2.93,49.03,85.08,1857.6,25.84,166.94,2651.9,0,NORMAL
PALA-02,74.98,3305.43,1.09,59.2,78.44,1637.9,26.7,97.81,2438.4,0,NORMAL
CARG-01,77.15,3202.69,2.41,51.77,85.01,1754.0,25.77,169.49,1736.5,0,NORMAL
PALA-02,83.54,3515.27,1.83,61.35,81.59,1569.4,26.92,156.87,56.0,0,NORMAL
PALA-02,84.8,2802.49,1.57,55.22,79.85,1751.2,26.43,94.42,759.9,0,NORMAL
PALA-01,84.89,3451.61,1.74,61.03,88.64,1842.1,27.15,159.53,2383.6,0,NORMAL
PALA-01,78.46,3392.41,1.86,53.0,79.56,1824.6,26.3,184.44,96.1,0,NORMAL
CARG-02,77.6,3332.22,1.95,50.33,76.57,1828.3,26.79,144.46,2060.3,0,NORMAL
CARG-01,79.72,2649.54,2.23,59.22,78.31,2066.5,24.95,114.46,605.3,0,NORMAL
PALA-03,83.08,3481.1,3.15,51.19,83.9,1687.9,25.11,144.98,2057.9,0,NORMAL
PALA-02,88.68,3065.24,4.5,60.43,77.05,1611.6,25.76,80.66,2778.6,0,NORMAL
PALA-01,72.79,3158.62,1.99,56.89,84.32,1774.7,26.65,171.07,3066.1,0,NORMAL
PALA-01,81.01,3219.29,2.98,61.32,77.59,1614.4,25.78,186.32,1541.8,0,NORMAL
PALA-02,76.0,3323.34,2.1,49.12,80.7,1584.1,26.98,143.58,2131.9,0,NORMAL
PALA-03,74.56,3365.1,1.68,58.78,89.84,1689.7,26.71,150.96,1889.5,0,NORMAL
CARG-01,86.35,3410.71,2.29,50.29,77.47,1957.6,26.03,198.95,1912.8,0,NORMAL
PALA-03,84.45,3396.85,0.88,42.02,72.92,1802.7,26.58,213.84,1382.3,0,NORMAL
PALA-02,84.02,3295.53,1.18,58.48,86.47,1765.7,26.04,185.58,2772.7,0,NORMAL
CARG-02,86.14,3324.87,1.01,53.97,75.4,1519.3,26.65,124.5,1216.8,0,NORMAL
CARG-01,79.84,3053.66,2.23,58.81,77.75,1645.2,25.99,203.28,2093.1,0,NORMAL
PALA-03,80.05,3114.82,0.63,54.46,83.91,1891.9,26.72,181.59,1621.8,0,NORMAL
PALA-03,91.84,3411.18,0.95,54.11,83.75,1687.6,27.49,168.32,1233.5,0,NORMAL
PALA-02,80.89,3400.7,0.73,61.49,71.5,1983.4,25.41,170.86,1310.1,0,NORMAL
PALA-01,85.31,3380.28,2.01,54.59,79.63,1773.8,25.84,197.36,1544.9,0,NORMAL
PALA-02,82.03,3157.4,1.56,51.62,84.41,1701.9,25.88,94.89,1456.9,0,NORMAL
CARG-01,73.68,3413.89,1.74,53.56,89.11,1682.3,26.65,154.69,2495.3,0,NORMAL
PALA-01,72.8,3040.98,2.41,54.79,76.04,1712.2,27.07,120.15,1997.7,0,NORMAL
PALA-01,79.39,3443.92,1.9,39.78,85.27,1545.8,25.01,174.37,1811.8,0,NORMAL
PALA-01,86.75,3203.04,1.65,56.46,78.35,1836.8,26.25,131.42,641.4,0,NORMAL
PALA-01,85.55,3553.15,0.63,60.79,85.17,1773.0,26.42,268.02,1676.1,0,NORMAL
CARG-02,86.11,2976.14,2.42,53.76,76.84,1689.3,27.11,186.32,1718.7,0,NORMAL
CARG-01,77.56,3567.41,0.6,51.9,80.08,1706.6,25.68,119.24,2490.8,0,NORMAL
PALA-02,89.27,3184.94,2.18,55.94,82.55,1817.2,26.98,193.55,1558.7,0,NORMAL
PALA-01,77.66,3181.69,7.15,62.72,84.82,1963.6,26.63,145.68,1842.5,0,NORMAL
PALA-02,82.96,3285.07,2.62,56.35,83.28,1903.8,27.82,163.22,1432.8,0,NORMAL
PALA-02,81.95,3124.53,1.38,55.07,79.28,1742.3,28.16,155.03,3425.7,0,NORMAL
PALA-01,81.22,3236.98,3.09,52.05,78.99,1621.3,27.04,96.06,3002.5,0,NORMAL
PALA-02,88.02,3117.23,4.87,48.65,88.12,1536.0,26.19,138.85,199.1,0,NORMAL
PALA-02,78.83,3123.81,3.34,54.12,82.11,1734.7,26.79,120.54,3008.7,0,NORMAL
PALA-03,75.93,3337.64,3.87,54.21,79.1,1626.0,26.87,75.53,1307.2,0,NORMAL
PALA-03,82.09,3087.72,1.22,44.34,83.15,1738.6,26.82,141.43,1198.0,0,NORMAL
PALA-01,80.2,3111.73,1.58,50.37,83.49,1754.9,26.74,150.86,379.1,0,NORMAL
PALA-02,97.2,3002.9,2.81,59.79,75.59,1806.0,26.83,108.56,3176.6,0,NORMAL
PALA-03,85.04,3159.29,1.88,52.71,82.95,1579.4,27.24,197.75,3076.7,0,NORMAL
PALA-03,80.16,3486.09,1.17,41.72,74.97,1613.5,28.16,173.02,3275.0,0,NORMAL
CARG-02,77.25,3097.73,2.64,62.01,78.42,1682.3,24.95,163.59,2710.1,0,NORMAL
PALA-03,73.54,3118.31,2.81,49.54,77.05,1751.3,27.44,178.01,415.1,0,NORMAL
PALA-01,77.39,3284.91,1.68,51.65,80.48,1744.2,26.51,179.12,142.1,0,NORMAL
PALA-01,82.52,3183.26,1.07,59.31,79.25,2029.4,25.77,169.36,3190.4,0,NORMAL
PALA-03,88.42,3651.07,1.54,50.29,80.2,1448.9,25.32,214.07,1945.2,0,NORMAL
PALA-01,87.05,3220.74,1.6,44.15,73.42,1853.2,26.64,86.67,870.0,0,NORMAL
PALA-03,83.03,3310.34,2.11,55.09,80.7,1847.0,26.43,178.63,349.9,0,NORMAL
CARG-02,80.55,3419.88,0.97,57.98,76.59,1610.2,25.54,146.91,552.3,0,NORMAL
PALA-03,83.21,3416.42,1.8,51.65,90.13,1663.3,26.38,209.0,593.0,0,NORMAL
PALA-02,79.67,3291.99,1.48,53.39,79.4,1931.4,27.23,172.89,2257.7,0,NORMAL
PALA-03,89.73,3221.0,2.66,48.1,79.97,1645.3,27.64,156.02,936.0,0,NORMAL
PALA-02,81.15,3614.33,8.94,49.02,83.78,1647.3,26.5,210.46,1105.1,0,NORMAL
PALA-03,81.61,3232.04,2.17,52.39,86.29,1734.4,26.5,153.6,2115.5,0,NORMAL
CARG-02,72.03,3170.5,1.92,57.24,76.29,1781.5,26.9,174.66,2776.4,0,NORMAL
PALA-02,81.12,3133.75,2.39,54.49,83.29,1839.7,27.33,137.96,1432.7,0,NORMAL
CARG-02,85.76,2939.18,2.85,59.1,84.87,1844.9,26.55,164.61,183.3,0,NORMAL
CARG-02,77.2,3397.89,0.36,62.27,81.74,1813.8,26.68,232.29,2301.1,0,NORMAL
PALA-01,78.62,2827.35,1.91,58.43,81.66,1491.0,26.08,190.11,2412.0,0,NORMAL
PALA-01,85.57,3248.97,3.02,46.05,78.95,1715.0,26.27,174.92,1210.8,0,NORMAL
PALA-01,75.36,3213.13,0.77,52.58,79.71,1799.8,25.89,111.92,54.2,0,NORMAL
PALA-01,86.76,3653.19,2.16,58.38,80.57,1802.2,25.57,242.52,2022.3,0,NORMAL
PALA-01,79.61,2920.3,3.17,53.4,79.3,1634.8,25.44,117.27,2723.7,0,NORMAL
PALA-03,80.25,3087.8,4.79,45.9,84.55,1597.3,25.71,162.49,806.5,0,NORMAL
PALA-01,76.94,3225.5,2.28,51.24,77.51,1589.0,25.66,176.15,1818.7,0,NORMAL
PALA-02,83.7,3214.44,2.65,42.64,84.42,1775.9,26.64,182.1,2456.5,0,NORMAL
CARG-01,93.07,3151.08,2.51,52.61,86.31,1840.9,26.76,135.29,2082.3,0,NORMAL
PALA-01,85.52,3235.42,0.88,50.58,82.48,1737.0,26.06,183.47,2710.9,0,NORMAL
CARG-01,78.11,3023.28,5.71,52.2,73.84,1591.6,25.73,117.04,1458.0,0,NORMAL
PALA-02,87.11,3314.29,2.38,59.91,83.45,1741.6,28.12,218.03,3051.9,0,NORMAL
PALA-01,80.57,2832.13,1.77,47.34,78.43,1605.8,26.05,115.05,1148.5,0,NORMAL
PALA-03,88.19,3245.36,3.66,50.41,78.89,1631.6,25.93,141.84,581.9,0,NORMAL
PALA-03,85.63,3141.94,1.33,48.29,82.45,1675.8,25.14,179.99,2755.9,0,NORMAL
CARG-02,68.76,4466.21,2.54,59.36,85.42,1624.2,26.81,289.71,85.1,1,FALLA_SOBRECARGA
CARG-01,77.48,3565.96,1.68,59.66,74.35,1584.4,27.86,213.06,3330.7,0,NORMAL
CARG-01,86.25,3190.41,1.3,55.8,81.23,1905.9,26.25,204.05,304.2,0,NORMAL
PALA-02,82.68,3500.33,2.01,55.54,88.97,1493.5,26.12,177.28,2767.6,0,NORMAL
PALA-01,77.39,3193.1,2.16,48.0,76.6,1649.0,26.62,134.84,467.6,0,NORMAL
CARG-01,79.15,3076.1,1.89,55.0,80.2,1694.1,26.65,155.61,1018.2,0,NORMAL
CARG-01,73.42,3564.26,6.0,48.39,78.54,1867.4,24.4,108.88,2123.2,0,NORMAL
CARG-02,81.6,3343.74,2.15,54.21,83.81,1755.4,26.92,130.54,533.6,0,NORMAL
PALA-02,91.95,3250.8,1.64,52.28,76.0,1686.2,27.9,151.48,385.7,0,NORMAL
PALA-02,85.62,3373.69,2.13,51.03,74.72,1631.1,26.44,190.77,3263.9,0,NORMAL
CARG-01,91.86,3299.36,2.83,54.14,84.33,1857.7,26.31,174.87,2535.0,0,NORMAL
PALA-02,85.97,3237.54,2.46,57.39,81.95,1623.2,27.04,150.56,463.6,0,NORMAL
CARG-02,86.62,3011.24,4.21,62.88,76.26,1745.3,26.94,133.44,1840.9,0,NORMAL
CARG-02,90.88,3201.3,2.28,56.75,80.73,1699.7,26.54,186.75,2930.2,0,NORMAL
PALA-02,83.7,3362.19,0.51,65.39,75.87,1777.6,27.02,139.78,350.2,0,NORMAL
CARG-01,81.16,3227.9,2.16,55.0,84.69,1908.5,27.06,183.82,2847.0,0,NORMAL
CARG-01,86.65,3412.42,2.18,62.92,82.11,1804.7,25.46,178.12,2957.8,0,NORMAL
PALA-01,88.54,3319.06,3.24,56.18,78.14,1704.5,25.48,197.35,1228.3,0,NORMAL
CARG-02,79.84,3091.94,0.62,55.2,78.68,1921.1,25.37,130.05,3484.7,0,NORMAL
PALA-03,78.75,3012.55,2.6,53.16,79.16,1909.6,25.19,144.48,1405.1,0,NORMAL
CARG-01,82.62,3221.71,3.01,55.5,76.7,1856.7,27.05,159.92,3162.8,0,NORMAL
PALA-02,85.74,3155.64,2.19,56.16,86.36,1753.8,27.05,149.22,3147.9,0,NORMAL
CARG-02,85.59,3310.54,2.88,46.91,85.65,1627.5,26.76,136.42,2511.4,0,NORMAL
PALA-02,75.59,3120.74,1.19,57.5,79.39,1436.1,27.73,136.11,52.9,0,NORMAL
PALA-01,90.6,3139.23,3.11,46.58,79.74,1745.4,26.15,115.21,2405.5,0,NORMAL
CARG-02,79.11,3439.55,1.08,57.51,76.51,1812.9,25.85,132.96,375.6,0,NORMAL
PALA-01,80.81,3276.68,1.44,56.99,80.36,1559.5,26.5,184.46,174.6,0,NORMAL
PALA-02,77.94,3123.51,2.75,61.11,82.96,1769.9,27.31,191.2,672.6,0,NORMAL
CARG-02,94.14,3253.18,5.05,49.69,85.72,1666.5,25.93,170.31,1814.2,0,NORMAL
CARG-02,111.37,3498.2,4.59,49.06,98.93,1781.2,27.95,151.4,1638.4,1,FALLA_TERMICA
PALA-03,78.17,3302.88,2.38,59.54,74.26,1646.0,26.34,156.27,1393.7,0,NORMAL
PALA-03,85.89,3356.73,0.79,48.63,76.97,1632.9,26.81,209.36,1895.1,0,NORMAL
PALA-02,85.46,3114.6,1.47,48.13,83.22,1712.7,26.53,189.91,963.3,0,NORMAL
PALA-02,81.16,3434.76,1.71,55.04,80.83,1578.8,26.08,68.56,1129.9,0,NORMAL
PALA-02,85.78,3667.26,0.4,53.77,84.97,1835.4,27.13,130.18,770.4,0,NORMAL
PALA-03,78.29,3107.54,1.07,54.78,81.17,1722.4,23.62,141.83,1610.4,0,NORMAL
CARG-01,79.78,3037.26,3.15,56.69,87.46,1582.7,26.13,213.59,2514.2,0,NORMAL
CARG-01,72.95,3281.6,4.44,56.72,74.66,1646.1,27.04,182.13,1815.2,0,NORMAL
CARG-01,76.04,3407.59,3.41,53.61,71.04,1790.8,25.24,109.63,2986.8,0,NORMAL
PALA-01,123.46,3233.55,1.52,54.24,104.56,1683.8,25.84,184.32,1745.4,1,FALLA_TERMICA
PALA-02,89.39,3060.42,2.82,53.67,77.82,1805.2,26.01,260.54,746.7,0,NORMAL
PALA-01,82.3,3230.45,1.98,54.18,81.55,1600.6,26.14,188.83,1817.0,0,NORMAL
PALA-03,89.48,3357.66,1.06,47.06,81.54,1686.4,25.92,129.57,1332.4,0,NORMAL
PALA-02,81.28,3176.73,2.33,57.78,82.31,1711.3,25.59,212.56,1746.5,0,NORMAL
CARG-02,80.9,3359.31,2.69,59.25,79.11,1987.2,26.34,171.72,389.0,0,NORMAL
PALA-02,82.25,3459.65,1.19,57.19,77.19,1632.6,27.04,136.42,2729.5,0,NORMAL
PALA-01,81.44,3293.24,0.89,56.8,76.87,1795.2,26.71,161.71,1246.4,0,NORMAL
PALA-01,81.03,3244.97,1.53,49.05,83.41,1776.6,27.22,151.53,108.3,0,NORMAL
CARG-01,87.15,3399.28,3.67,46.92,84.09,1929.7,26.24,135.48,2003.5,0,NORMAL
PALA-03,82.68,3095.9,2.94,58.15,80.0,1883.1,27.41,117.39,2409.2,0,NORMAL
PALA-01,85.21,3078.15,1.59,54.14,78.61,1664.5,25.38,138.94,300.6,0,NORMAL
PALA-01,86.64,3202.02,1.24,54.85,83.27,1594.1,27.45,158.24,1343.7,0,NORMAL
CARG-01,83.75,3161.46,1.97,55.07,75.07,1550.1,27.27,187.83,1704.8,0,NORMAL
PALA-01,77.63,3105.4,1.03,55.29,88.8,1748.3,25.14,115.34,1784.4,0,NORMAL
CARG-01,75.91,3579.48,2.2,57.23,82.81,1841.7,26.77,111.72,173.2,0,NORMAL
CARG-01,82.67,3640.96,1.82,53.52,80.36,1857.3,26.3,163.68,2233.1,0,NORMAL
PALA-01,81.23,3186.33,0.38,44.47,84.32,1688.7,26.32,148.48,374.6,0,NORMAL
PALA-01,82.39,3266.51,1.64,57.44,83.52,1725.3,26.45,146.22,1259.4,0,NORMAL
CARG-02,81.93,3216.19,0.42,56.89,81.94,1891.1,25.9,127.83,1800.3,0,NORMAL
PALA-02,93.63,3449.35,2.28,47.53,73.44,1628.4,27.15,129.53,2640.1,0,NORMAL
PALA-02,76.01,3485.02,0.98,48.17,82.64,1423.0,26.4,120.72,1310.5,0,NORMAL
CARG-01,73.05,2930.09,0.7,58.41,86.82,1858.4,25.5,97.29,2883.2,0,NORMAL
CARG-02,83.5,3335.68,1.74,59.6,78.78,1580.8,26.37,171.81,2717.1,0,NORMAL
CARG-02,80.31,3014.77,1.65,40.68,84.83,1685.1,26.02,177.31,1448.0,0,NORMAL
CARG-01,83.42,3566.49,2.32,56.2,84.4,1774.8,26.89,218.22,3074.9,0,NORMAL
PALA-02,84.63,3329.24,1.01,52.9,82.18,1664.5,25.35,180.64,3369.5,0,NORMAL
PALA-01,87.78,3101.8,3.89,54.37,81.68,1849.6,28.0,158.76,984.2,0,NORMAL
CARG-01,75.22,3206.56,2.86,54.66,83.24,2040.6,26.5,176.59,2884.7,0,NORMAL
PALA-03,79.49,4004.14,3.97,50.19,82.66,1623.2,25.41,287.66,1036.1,1,FALLA_SOBRECARGA
PALA-02,83.93,3344.52,1.78,57.26,88.56,1736.1,26.24,130.16,2416.4,0,NORMAL
CARG-02,85.47,3437.54,1.17,50.56,84.87,1720.6,26.01,182.68,2353.9,0,NORMAL
PALA-01,91.87,3875.78,4.45,57.74,83.83,1757.5,25.76,294.48,2777.6,1,FALLA_SOBRECARGA
PALA-02,86.3,3580.98,2.83,58.85,85.23,1647.6,26.74,115.31,800.2,0,NORMAL
PALA-01,81.74,3539.02,1.71,49.64,83.83,1642.0,28.18,158.67,3272.8,0,NORMAL
PALA-02,77.99,3092.44,1.93,49.76,72.68,1644.8,27.9,130.88,1531.4,0,NORMAL
PALA-01,79.46,3263.1,1.54,54.57,80.53,1664.6,26.56,192.2,58.0,0,NORMAL
PALA-01,79.33,3557.95,3.21,61.52,78.52,1666.5,25.78,145.05,2717.2,0,NORMAL
PALA-01,84.95,3471.93,2.41,51.04,82.31,1419.4,26.62,219.77,3264.2,0,NORMAL
PALA-03,83.16,3189.39,2.57,51.98,78.77,1730.6,26.99,201.27,3390.8,0,NORMAL
CARG-01,76.04,3396.58,1.11,55.61,83.36,1683.9,26.56,121.81,1301.6,0,NORMAL
PALA-03,80.04,3789.5,1.84,57.28,79.32,1633.8,27.0,136.66,120.3,0,NORMAL
CARG-02,85.95,3268.93,2.18,56.63,87.79,1731.2,26.76,183.52,1229.8,0,NORMAL
PALA-02,83.58,3136.12,0.75,54.16,87.6,1719.3,26.63,161.95,3098.6,0,NORMAL
PALA-02,84.56,3281.04,2.39,52.47,75.21,1672.3,25.43,150.2,2960.8,0,NORMAL
CARG-02,83.72,3294.38,2.07,55.66,82.29,1721.1,26.3,161.94,1358.3,0,NORMAL
PALA-01,89.32,3155.58,3.07,38.0,79.15,1650.2,27.93,155.64,577.9,0,NORMAL
CARG-02,83.06,3329.49,3.33,63.35,82.01,1579.7,26.79,195.26,2274.2,0,NORMAL
PALA-01,80.26,3024.21,4.96,53.07,83.35,1955.3,27.33,150.03,2340.9,0,NORMAL
CARG-02,77.88,3130.2,2.14,54.91,75.88,1660.5,28.01,176.4,2225.9,0,NORMAL
PALA-01,83.12,2339.77,1.64,39.55,77.11,1751.9,25.46,176.24,569.8,1,FALLA_PRESION_HIDRAULICA
CARG-02,71.02,2934.12,1.01,50.29,77.6,2031.6,28.48,203.52,2894.0,0,NORMAL
PALA-03,81.17,3412.57,0.91,65.66,78.79,1670.4,27.18,157.53,175.6,0,NORMAL
CARG-02,81.07,2887.84,1.92,57.7,78.91,1775.2,27.33,165.49,3396.1,0,NORMAL
PALA-01,75.86,2938.36,0.86,56.23,84.19,1999.2,25.86,173.09,3160.7,0,NORMAL
PALA-03,77.82,3160.18,0.96,57.22,81.89,1522.0,26.98,137.28,3479.7,0,NORMAL
CARG-02,85.64,3301.64,1.96,49.79,77.52,1880.1,25.76,154.46,2117.7,0,NORMAL
PALA-03,83.04,3488.55,1.57,45.76,79.72,1746.7,26.52,128.2,2132.4,0,NORMAL
PALA-03,82.46,3260.37,1.17,48.1,71.52,1659.4,26.67,184.05,1376.7,0,NORMAL
PALA-03,83.38,3205.62,1.63,59.44,89.08,1725.8,26.21,214.84,439.5,0,NORMAL
PALA-02,82.42,3354.32,2.91,49.32,81.07,1676.6,27.32,93.18,2654.1,0,NORMAL
PALA-03,87.59,3093.24,2.42,45.73,84.97,1909.2,25.98,194.93,1746.1,0,NORMAL
PALA-03,82.56,3275.09,3.27,53.6,84.17,1718.1,24.79,158.46,1306.9,0,NORMAL
CARG-02,75.44,3034.1,1.79,56.87,80.86,1803.7,26.2,204.18,3070.8,0,NORMAL
PALA-01,89.34,3264.87,1.54,54.19,71.47,1656.5,27.4,169.11,56.7,0,NORMAL
PALA-02,83.67,3226.63,2.12,57.03,78.77,1755.1,28.36,193.99,1700.8,0,NORMAL
CARG-02,79.35,3105.23,0.97,59.78,82.41,1674.1,27.45,156.33,2300.4,0,NORMAL
CARG-02,76.36,2144.32,1.71,32.55,81.24,1549.6,27.25,161.68,64.0,1,FALLA_PRESION_HIDRAULICA
PALA-02,83.78,3278.54,1.61,53.23,85.16,1877.0,26.1,193.71,2560.3,0,NORMAL
PALA-03,81.47,3461.58,6.48,51.28,80.99,1761.8,28.24,245.86,622.7,0,NORMAL
PALA-02,89.08,2960.99,3.58,57.85,88.37,1812.5,26.95,141.54,2966.9,0,NORMAL
PALA-01,80.44,3236.31,11.09,55.38,76.76,1632.6,26.98,164.04,3094.7,1,FALLA_DESGASTE_RODAMIENTOS
PALA-02,78.23,3113.15,2.46,49.7,83.07,1862.2,26.9,134.64,532.2,0,NORMAL
PALA-02,86.03,3406.56,4.25,60.51,76.88,1776.1,25.47,151.64,2030.3,0,NORMAL
PALA-03,108.35,3385.7,0.13,55.31,110.17,1738.0,26.71,142.04,2662.8,1,FALLA_TERMICA
PALA-01,116.13,3341.42,2.45,57.26,105.51,1843.5,25.24,125.08,151.1,1,FALLA_TERMICA
CARG-02,85.04,3123.31,1.28,52.04,73.97,1680.5,27.06,177.77,1930.0,0,NORMAL
CARG-02,106.95,3409.38,1.22,59.65,99.15,1875.4,26.67,167.13,224.6,1,FALLA_TERMICA
PALA-03,83.05,2974.58,2.95,46.07,79.11,1640.5,25.89,128.68,2187.5,0,NORMAL
PALA-03,87.24,2937.64,2.68,62.38,87.23,1724.0,27.3,119.24,3093.4,0,NORMAL
PALA-02,84.81,3020.34,2.44,44.31,83.97,1607.6,26.11,190.37,1412.0,0,NORMAL
CARG-01,81.24,3243.97,3.34,47.12,82.79,1582.2,26.13,142.69,1554.1,0,NORMAL
PALA-03,88.09,3371.53,3.25,55.26,80.74,1664.1,26.83,238.51,3421.6,0,NORMAL
PALA-01,71.36,2714.31,0.66,51.35,76.49,1700.7,26.39,157.05,1623.3,0,NORMAL
CARG-02,91.23,3488.09,1.81,52.36,77.27,1786.2,26.59,161.53,1035.1,0,NORMAL
CARG-01,74.32,3273.6,2.57,51.34,78.79,1642.8,27.23,152.06,3487.4,0,NORMAL
CARG-02,79.18,2967.8,3.76,50.08,78.43,1790.4,25.81,110.64,2398.5,0,NORMAL
CARG-01,81.82,3268.17,2.78,55.58,78.37,1681.6,25.74,110.55,2056.7,0,NORMAL
PALA-03,81.34,3446.65,2.97,53.76,77.19,1660.7,26.21,208.55,2325.3,0,NORMAL
PALA-02,86.53,3357.9,1.05,58.42,81.02,1795.5,26.35,206.82,2777.9,0,NORMAL
CARG-02,77.24,3447.83,0.82,54.4,77.99,1654.7,26.91,125.55,179.1,0,NORMAL
CARG-02,83.17,3004.08,2.39,51.92,85.53,1939.0,27.95,177.43,739.6,0,NORMAL
PALA-01,79.4,3175.48,1.53,57.87,85.49,1771.9,26.37,206.64,176.2,0,NORMAL
PALA-01,83.33,3083.56,2.61,44.84,83.4,1555.9,26.43,113.61,1087.1,0,NORMAL
PALA-02,81.71,3559.16,1.38,41.09,82.94,1705.7,25.88,159.6,2668.1,0,NORMAL
CARG-01,82.42,3365.09,1.51,46.06,74.79,1642.3,25.78,141.62,1442.2,0,NORMAL
CARG-02,79.53,3762.46,2.93,52.28,90.16,1523.0,26.94,165.78,2452.8,0,NORMAL
PALA-01,79.7,3165.83,2.02,55.96,79.87,1846.9,26.43,203.14,1104.6,0,NORMAL
PALA-03,83.29,3119.56,1.03,40.64,84.17,1849.7,27.4,173.93,3439.4,0,NORMAL
PALA-02,86.25,3224.29,1.33,53.94,84.33,1633.0,27.31,180.64,364.1,0,NORMAL
CARG-02,79.31,3498.1,1.86,52.23,76.84,1805.3,27.1,82.34,2034.3,0,NORMAL
CARG-01,78.09,3184.1,2.72,54.68,78.49,1825.2,25.23,184.5,2124.1,0,NORMAL
CARG-01,84.76,3272.4,1.93,44.46,82.59,1718.5,26.95,158.74,2568.3,0,NORMAL
PALA-02,81.85,3267.4,2.56,67.08,74.82,1834.3,25.65,235.57,89.1,0,NORMAL
PALA-02,85.74,3257.11,1.73,54.16,80.64,1755.3,24.89,180.98,953.0,0,NORMAL
PALA-02,77.92,3132.57,3.61,47.91,71.42,1857.5,26.58,148.57,1580.5,0,NORMAL
PALA-01,73.99,3225.29,1.84,54.65,81.04,1579.3,27.49,226.04,1866.8,0,NORMAL
CARG-02,79.6,2085.97,1.48,40.69,86.5,1737.8,26.97,157.49,279.2,1,FALLA_PRESION_HIDRAULICA
CARG-01,78.55,3248.64,4.06,47.57,80.99,1744.2,25.69,169.64,2865.3,0,NORMAL
CARG-02,81.65,3419.83,2.02,46.53,75.15,1581.2,28.64,111.6,513.5,0,NORMAL
CARG-02,79.13,3566.91,2.54,53.41,78.79,1592.7,27.05,137.91,2034.9,0,NORMAL
PALA-03,85.33,3098.72,1.47,53.84,83.46,1529.9,25.73,134.84,1181.4,0,NORMAL
CARG-01,80.7,3179.44,2.5,57.55,81.67,1725.4,24.76,153.61,1772.9,0,NORMAL
CARG-02,82.68,3101.5,2.71,61.38,82.81,1667.2,26.24,117.33,209.4,0,NORMAL
CARG-01,82.71,3283.68,1.28,57.9,80.31,1565.1,24.83,99.78,2969.0,0,NORMAL
PALA-01,82.88,3153.1,3.05,47.06,77.94,1866.1,25.58,163.73,1013.8,0,NORMAL
PALA-02,81.89,3293.16,1.9,48.64,81.5,1768.0,25.04,108.62,1049.7,0,NORMAL
PALA-01,84.3,3448.65,3.05,50.01,81.27,1633.1,25.8,185.47,1535.3,0,NORMAL
CARG-02,78.42,2795.35,1.36,57.89,85.11,1744.4,25.97,228.97,976.2,0,NORMAL
PALA-03,88.3,3338.52,1.51,57.03,79.12,1691.4,25.7,167.95,2056.2,0,NORMAL
PALA-01,80.94,3167.17,2.19,60.31,81.19,1532.5,28.24,169.21,3031.2,0,NORMAL
PALA-03,76.1,3332.88,1.22,56.79,80.42,1752.9,26.25,82.27,1573.8,0,NORMAL
PALA-03,82.85,3088.64,2.22,50.86,90.1,1916.8,27.46,181.85,439.6,0,NORMAL
PALA-02,78.17,3465.33,2.4,53.02,77.99,1889.4,26.86,157.37,3074.7,0,NORMAL
PALA-01,84.99,3414.39,2.18,46.69,79.46,1732.4,26.23,176.76,1852.8,0,NORMAL
PALA-03,91.94,3352.3,2.11,57.14,77.17,1667.7,26.02,119.02,3360.9,0,NORMAL
PALA-03,78.46,3392.78,1.09,50.87,86.22,1787.5,27.48,150.63,3055.3,0,NORMAL
CARG-01,83.5,3115.79,0.89,60.12,86.51,1752.0,25.57,203.09,3042.7,0,NORMAL
PALA-03,74.1,3138.47,1.96,57.0,80.13,1703.4,25.9,133.33,469.9,0,NORMAL
CARG-02,84.04,3385.44,0.7,63.69,85.74,1943.2,25.89,148.66,1860.2,0,NORMAL
PALA-03,78.01,3111.81,0.63,56.1,82.31,1672.5,26.46,191.58,2972.7,0,NORMAL
PALA-03,79.19,3510.21,1.5,56.01,83.81,1834.9,25.67,184.37,2769.2,0,NORMAL
CARG-02,77.04,3191.75,1.21,53.09,77.02,1737.3,27.15,196.99,1855.0,0,NORMAL
PALA-02,85.29,3340.34,2.45,52.08,81.65,1737.8,27.26,135.01,3478.9,0,NORMAL
PALA-01,86.53,3627.86,1.96,52.71,88.49,1521.9,25.83,154.54,3219.6,0,NORMAL
PALA-01,82.11,3122.88,2.39,59.0,86.91,1852.2,26.82,128.57,1514.2,0,NORMAL
CARG-01,78.11,3262.38,3.03,47.26,84.22,1820.4,25.73,126.44,865.0,0,NORMAL
PALA-03,89.15,3439.75,3.63,54.32,84.8,1742.6,26.54,126.64,1359.0,0,NORMAL
CARG-01,78.62,3421.23,2.85,45.67,90.73,1844.2,27.34,158.58,1025.0,0,NORMAL
PALA-01,72.27,3190.99,2.16,55.86,84.14,1769.9,26.48,215.55,2289.1,0,NORMAL
PALA-01,84.06,3156.99,1.15,51.71,78.35,1564.3,26.32,204.42,2489.0,0,NORMAL
PALA-01,77.03,3208.04,3.47,56.52,85.85,1603.5,28.23,178.89,527.7,0,NORMAL
PALA-02,86.45,3510.61,1.03,50.29,80.7,1712.7,26.69,128.08,1042.5,0,NORMAL
PALA-03,80.28,3199.76,3.07,52.72,82.96,1517.0,25.73,124.3,3272.5,0,NORMAL
PALA-02,84.72,3264.06,3.82,57.16,81.47,1854.7,25.66,149.88,2246.9,0,NORMAL
PALA-02,88.31,3173.18,2.47,54.63,78.16,1694.1,28.22,174.32,2456.2,0,NORMAL
CARG-02,76.56,3377.0,1.17,61.71,82.23,1736.4,25.81,179.53,213.1,0,NORMAL
PALA-02,79.45,3277.99,1.56,51.59,84.87,1602.2,25.84,168.39,1479.2,0,NORMAL
PALA-03,81.66,3069.38,2.26,51.16,83.96,1797.6,26.42,156.74,3326.1,0,NORMAL
CARG-01,88.92,3075.61,1.33,60.18,82.92,1702.9,26.99,167.49,2770.4,0,NORMAL
PALA-02,79.04,2890.25,0.57,52.16,80.2,1680.9,25.41,140.73,2746.9,0,NORMAL
PALA-03,79.32,3100.36,2.14,51.93,74.36,1889.3,26.18,109.52,3145.0,0,NORMAL
CARG-02,84.15,3392.91,2.45,55.92,80.81,1877.1,25.33,149.87,757.2,0,NORMAL
CARG-02,79.4,3488.28,2.57,53.18,83.22,1810.0,26.28,166.41,3451.5,0,NORMAL
PALA-01,82.69,3373.4,1.55,52.44,72.36,1745.1,27.06,155.53,1577.7,0,NORMAL
CARG-02,75.02,3349.83,2.02,50.54,80.73,1658.1,26.2,106.64,2959.3,0,NORMAL
PALA-02,91.96,3227.23,2.21,60.81,80.62,1685.3,27.98,152.57,1100.9,0,NORMAL
PALA-02,75.94,3389.48,0.79,53.25,77.34,1679.8,25.72,138.54,2294.1,0,NORMAL
PALA-02,80.55,3301.53,1.52,51.19,84.04,1767.1,26.57,206.77,266.1,0,NORMAL
CARG-02,81.85,3574.8,2.08,52.52,84.78,1716.2,27.45,179.66,3357.0,0,NORMAL
PALA-02,90.61,3232.28,2.44,55.77,88.26,1719.2,27.21,54.57,453.7,0,NORMAL
PALA-02,76.04,3491.74,3.99,61.31,80.89,1904.9,28.51,161.77,2430.9,0,NORMAL
PALA-03,90.93,3407.34,2.34,53.15,86.17,1857.2,26.66,120.21,71.3,0,NORMAL
PALA-01,85.41,3382.38,1.0,49.69,77.72,1626.3,25.68,109.15,1822.8,0,NORMAL
PALA-01,83.88,2887.93,1.27,63.59,79.52,1755.6,26.47,79.86,1163.6,0,NORMAL
PALA-01,77.57,3417.25,3.15,54.68,83.72,1626.9,25.73,190.68,851.6,0,NORMAL
PALA-01,84.57,3227.05,4.71,53.47,78.38,1792.3,26.5,195.46,2513.0,0,NORMAL
PALA-01,78.74,3170.09,1.14,54.36,80.35,1951.5,27.39,107.5,1579.2,0,NORMAL
PALA-01,87.7,2983.08,1.49,47.77,84.36,1677.3,26.96,199.17,1145.6,0,NORMAL
PALA-03,77.63,3248.99,4.81,53.77,80.98,1814.9,26.32,233.59,1597.9,0,NORMAL
PALA-01,81.49,3256.04,4.24,57.8,77.32,1913.6,25.85,152.77,1137.3,0,NORMAL
PALA-02,79.5,3015.46,2.69,60.1,78.64,1703.7,26.66,128.38,1507.0,0,NORMAL
CARG-02,77.56,2984.81,1.51,52.21,79.91,1779.3,26.82,157.45,617.8,0,NORMAL
PALA-02,85.34,3337.59,1.11,54.94,83.35,1925.8,25.4,200.9,3240.4,0,NORMAL
PALA-03,84.41,3406.91,1.45,60.19,79.7,1607.7,25.58,206.06,1501.7,0,NORMAL
PALA-01,87.44,3284.25,1.66,54.19,71.2,1595.6,26.17,158.77,1657.9,0,NORMAL
PALA-01,73.99,3457.15,1.7,57.6,84.15,1570.7,25.33,127.84,2553.8,0,NORMAL
PALA-01,86.79,3234.45,0.79,56.12,83.58,1810.6,24.95,168.5,478.2,0,NORMAL
PALA-01,93.27,3240.22,1.23,50.68,76.74,1598.4,25.58,156.59,723.7,0,NORMAL
PALA-02,79.97,3084.93,2.12,49.42,76.47,1787.2,26.71,164.17,568.5,0,NORMAL
PALA-01,90.53,2969.16,1.48,59.3,86.4,1883.2,26.48,146.46,1704.0,0,NORMAL
PALA-01,80.82,3583.84,0.98,40.63,80.04,1640.6,26.04,166.71,2075.7,0,NORMAL
PALA-01,75.82,3453.63,1.16,50.66,84.01,1628.5,25.65,94.76,2515.5,0,NORMAL
PALA-02,80.62,2999.35,1.8,47.02,78.22,1800.4,26.7,172.56,3305.0,0,NORMAL
PALA-01,86.72,3278.04,0.87,59.3,83.62,1725.7,26.65,199.77,347.1,0,NORMAL
PALA-02,78.23,3231.99,3.7,60.82,77.31,1436.5,27.39,153.34,2371.2,0,NORMAL
PALA-03,79.3,3200.68,0.91,50.38,82.69,1903.8,24.39,164.4,2654.6,0,NORMAL
PALA-03,84.67,3176.38,9.89,67.82,82.43,1786.2,25.0,103.8,3062.6,1,FALLA_DESGASTE_RODAMIENTOS
PALA-01,82.01,3318.63,4.67,60.89,72.74,1674.4,27.15,178.21,2999.8,0,NORMAL
CARG-01,84.63,3397.27,0.96,54.99,81.5,1669.5,26.78,192.45,1844.8,0,NORMAL
PALA-03,83.07,3322.43,1.08,61.5,78.13,1804.0,27.15,217.43,2872.4,0,NORMAL
PALA-01,84.16,3228.31,1.81,50.79,85.37,1714.6,25.69,76.89,290.2,0,NORMAL
CARG-02,80.05,3221.7,1.57,52.62,81.94,1726.9,26.09,178.5,2246.7,0,NORMAL
CARG-02,83.04,3418.63,3.2,56.32,80.01,1738.1,25.38,99.11,3296.0,0,NORMAL
PALA-01,77.83,3333.42,1.75,50.54,87.08,1621.7,24.53,173.69,1619.6,0,NORMAL
PALA-02,87.8,3263.08,1.22,47.58,73.39,1676.7,26.51,140.6,469.9,0,NORMAL
CARG-01,79.15,3243.54,2.88,49.31,88.71,1697.4,27.53,177.52,1304.7,0,NORMAL
CARG-01,87.08,3312.15,1.66,53.02,88.5,1628.7,26.27,175.08,2983.7,0,NORMAL
PALA-01,80.95,3939.02,1.2,56.35,79.44,1753.0,25.83,326.03,488.8,1,FALLA_SOBRECARGA
PALA-01,82.91,3397.88,1.31,52.31,84.55,1778.1,25.5,144.02,1869.1,0,NORMAL
PALA-02,79.77,3056.35,0.94,45.8,82.94,1922.4,27.29,165.67,3007.4,0,NORMAL
PALA-02,77.43,3175.94,0.55,56.35,71.06,1628.7,26.46,192.85,2762.6,0,NORMAL
PALA-03,74.15,3360.0,1.0,60.37,80.55,1826.9,26.5,169.36,1817.6,0,NORMAL
PALA-02,77.25,3046.08,1.77,50.7,75.94,1891.0,25.24,187.67,2203.9,0,NORMAL
PALA-02,80.54,2966.86,1.64,62.31,75.58,1834.0,25.67,111.39,1015.1,0,NORMAL
CARG-01,82.95,3261.35,0.83,58.34,79.85,1660.2,26.99,162.25,3269.1,0,NORMAL
PALA-01,86.55,2944.64,1.23,48.73,79.99,1682.9,25.98,143.05,157.1,0,NORMAL
PALA-02,79.99,3016.22,2.69,50.76,85.86,1902.2,25.88,187.21,1311.1,0,NORMAL
CARG-01,78.03,3386.19,2.58,52.44,77.99,1697.6,28.41,178.58,1414.3,0,NORMAL
CARG-02,75.51,3213.14,2.05,53.07,79.42,1716.4,26.46,142.02,2725.7,0,NORMAL
PALA-03,84.16,2274.98,1.05,19.67,86.47,1661.6,26.26,165.38,1681.6,1,FALLA_PRESION_HIDRAULICA
PALA-03,88.22,3033.13,3.19,50.23,80.27,1812.9,26.29,155.08,3009.4,0,NORMAL
PALA-01,87.7,3233.09,1.82,51.23,78.95,1424.7,25.86,173.73,1030.5,0,NORMAL
PALA-02,85.19,3321.93,1.3,63.45,84.43,1622.8,26.34,172.2,662.4,0,NORMAL
PALA-03,84.87,3039.31,1.08,55.13,83.12,1602.4,27.95,162.39,902.8,0,NORMAL
PALA-01,89.64,3435.72,2.82,50.01,81.4,1910.6,26.73,113.17,647.5,0,NORMAL
PALA-02,83.49,3341.92,0.31,51.81,84.7,1747.9,25.12,211.97,1226.8,0,NORMAL
PALA-02,84.91,2960.33,2.29,56.13,76.01,1695.8,26.05,196.94,888.7,0,NORMAL
PALA-01,104.44,3243.21,1.52,52.11,99.0,1695.5,26.48,163.13,2177.9,1,FALLA_TERMICA
PALA-02,75.87,3319.47,3.4,51.07,88.99,1554.2,25.19,178.16,96.0,0,NORMAL
PALA-01,78.92,3143.79,5.47,51.23,68.86,1882.7,26.03,181.04,1790.8,0,NORMAL
PALA-02,81.96,2983.62,1.31,56.4,78.31,1677.8,25.63,135.83,1405.3,0,NORMAL
PALA-01,82.27,3300.12,3.21,47.09,76.27,1791.2,26.08,203.47,1196.0,0,NORMAL
CARG-02,90.67,3648.02,2.34,48.57,81.28,1641.2,26.46,88.88,309.7,0,NORMAL
PALA-03,82.37,3180.34,2.22,49.36,83.42,1712.8,26.96,100.35,2559.8,0,NORMAL
PALA-03,87.3,3532.46,0.84,48.48,85.43,1609.7,25.48,134.98,1299.3,0,NORMAL
CARG-01,80.04,3114.59,1.46,49.88,79.36,1690.2,26.33,171.75,3292.9,0,NORMAL
PALA-02,80.6,3288.8,9.99,58.48,77.31,1844.9,26.14,164.66,3300.1,1,FALLA_DESGASTE_RODAMIENTOS
PALA-01,76.02,3388.87,3.61,59.18,75.19,1732.7,26.22,162.55,2029.2,0,NORMAL
PALA-03,78.66,3248.49,4.19,55.36,81.19,1764.9,25.74,157.5,1263.2,0,NORMAL
PALA-03,84.37,3196.41,1.46,55.07,89.51,1727.5,26.36,148.77,1428.5,0,NORMAL
CARG-01,82.03,3380.7,2.54,50.65,78.65,1915.7,26.79,115.36,1042.3,0,NORMAL
PALA-02,86.24,2040.17,1.5,13.42,80.71,1622.0,25.29,111.81,2408.9,1,FALLA_PRESION_HIDRAULICA
PALA-01,82.82,3304.11,2.12,54.72,81.54,1703.4,27.78,115.05,1893.7,0,NORMAL
PALA-02,80.41,3157.11,2.52,55.49,79.31,1742.5,27.15,121.74,1506.9,0,NORMAL
PALA-02,91.67,3215.84,1.53,50.63,86.69,1600.5,25.14,110.49,1855.9,0,NORMAL
PALA-03,81.58,3703.55,2.62,48.62,85.84,1735.2,27.56,109.74,469.2,0,NORMAL
PALA-03,87.23,3274.28,1.77,47.63,84.27,1723.6,27.61,150.42,2336.8,0,NORMAL
PALA-02,80.19,3143.01,1.92,54.84,84.84,1733.7,26.0,196.96,1826.4,0,NORMAL
CARG-02,85.19,1521.25,0.85,34.42,78.26,1734.2,26.56,175.41,2171.7,1,FALLA_PRESION_HIDRAULICA
PALA-03,112.11,2921.34,1.42,59.97,100.62,1639.4,26.47,127.58,1007.7,1,FALLA_TERMICA
PALA-01,82.94,3315.45,1.43,49.97,78.29,1525.1,25.3,135.85,2613.5,0,NORMAL
PALA-01,71.4,3367.84,5.71,52.56,82.12,1742.0,27.22,226.39,1701.4,0,NORMAL
PALA-01,82.08,3178.59,1.26,54.09,79.7,1612.8,24.9,142.53,390.5,0,NORMAL
PALA-01,87.54,3247.31,1.9,51.25,83.28,1708.9,26.63,121.95,2359.5,0,NORMAL
PALA-01,84.37,3039.32,1.27,58.2,81.43,1630.2,27.65,149.91,439.4,0,NORMAL
PALA-01,84.01,3273.93,1.77,60.19,75.64,1542.3,25.05,140.07,255.0,0,NORMAL
PALA-02,74.25,3336.67,2.1,48.47,85.96,1763.3,26.17,130.02,2618.6,0,NORMAL
PALA-01,78.76,3153.67,1.13,51.71,78.95,1804.0,27.31,161.21,1675.8,0,NORMAL
CARG-02,83.85,3554.28,3.04,60.62,84.15,1852.4,26.72,204.34,137.5,0,NORMAL
PALA-01,83.85,3099.32,1.17,55.62,77.61,1666.4,27.07,113.79,1819.2,0,NORMAL
PALA-03,87.47,3301.03,0.78,54.59,77.48,1724.8,25.85,173.59,3138.5,0,NORMAL
PALA-02,81.35,3402.7,2.01,55.71,77.28,1760.9,25.65,194.58,377.2,0,NORMAL
CARG-02,83.83,3236.09,4.77,57.28,75.27,1842.5,26.24,175.77,1246.9,0,NORMAL
PALA-01,82.07,3216.07,0.64,55.95,75.37,1510.0,26.61,196.22,2914.5,0,NORMAL
PALA-02,77.56,2992.8,10.05,55.07,82.52,1543.8,26.88,178.81,4109.3,1,FALLA_DESGASTE_RODAMIENTOS
CARG-02,71.85,3494.32,2.92,54.05,77.29,1886.6,26.76,135.59,424.5,0,NORMAL
CARG-02,83.94,3219.42,1.26,60.74,82.38,1517.8,27.18,222.86,1580.1,0,NORMAL
CARG-01,82.78,2373.88,2.17,22.47,81.41,1830.1,26.49,178.2,3033.0,1,FALLA_PRESION_HIDRAULICA
PALA-02,79.22,3371.09,12.68,54.01,84.52,1879.7,25.56,239.96,3257.8,1,FALLA_DESGASTE_RODAMIENTOS
PALA-01,74.71,3136.91,2.82,61.76,76.93,1816.4,25.32,94.84,2935.8,0,NORMAL
PALA-03,84.83,3214.44,2.09,55.63,85.24,1599.6,27.01,243.66,441.9,0,NORMAL
CARG-02,80.8,3490.21,2.11,53.67,77.38,1613.0,27.2,190.22,1454.8,0,NORMAL
PALA-03,84.51,3048.9,2.09,57.15,70.03,1713.1,27.98,176.47,1735.2,0,NORMAL
PALA-03,90.39,3633.03,2.28,55.14,81.76,1930.2,22.88,127.73,1412.8,1,FALLA_ELECTRICA
PALA-02,72.36,3115.92,3.7,50.3,77.5,1929.2,27.18,185.95,3111.4,0,NORMAL
CARG-01,78.85,3037.69,1.03,55.23,87.0,1755.9,17.45,201.93,1128.4,1,FALLA_ELECTRICA
PALA-01,81.06,3273.82,0.95,49.96,82.2,1528.7,26.06,98.49,3031.4,0,NORMAL
PALA-02,88.55,3647.5,2.63,63.13,80.66,1739.5,25.7,179.95,2925.5,0,NORMAL
PALA-02,74.64,2906.03,1.36,55.19,81.81,1695.1,26.45,137.38,2738.5,0,NORMAL
PALA-03,90.71,3224.62,0.82,49.31,79.01,1722.7,26.32,180.22,929.8,0,NORMAL
PALA-01,82.61,3335.73,4.1,52.04,87.74,1521.2,27.92,123.94,1307.0,0,NORMAL
PALA-01,81.57,3256.06,2.21,57.8,78.81,1749.3,26.87,204.49,1990.1,0,NORMAL
PALA-03,81.11,3318.75,4.35,48.54,82.85,1539.6,26.22,157.2,563.8,0,NORMAL
PALA-02,80.04,3120.75,2.79,67.6,77.72,1416.4,25.69,186.24,1553.7,0,NORMAL
PALA-03,86.72,3142.05,1.68,46.72,81.01,1746.9,26.83,193.82,74.5,0,NORMAL
PALA-01,77.19,3223.28,1.98,58.63,76.05,1950.2,26.51,170.47,804.4,0,NORMAL
PALA-02,83.55,3046.62,3.18,51.57,81.91,1619.7,26.04,129.59,3053.9,0,NORMAL
PALA-03,80.27,3241.96,0.8,49.96,81.26,1663.3,25.85,182.16,86.2,0,NORMAL
PALA-01,78.57,3180.03,3.28,56.69,83.2,1827.5,26.84,156.65,1335.9,0,NORMAL
PALA-02,93.64,3165.39,1.91,51.73,82.87,1859.5,26.07,166.65,3254.5,0,NORMAL
PALA-01,83.89,3307.69,1.76,61.96,81.12,1732.7,26.14,147.23,2775.4,0,NORMAL
PALA-01,84.76,2922.28,5.35,46.99,89.16,1635.0,26.01,97.36,563.6,0,NORMAL
CARG-02,87.12,3208.76,3.72,56.81,80.93,1879.1,28.67,162.05,1108.9,0,NORMAL
PALA-02,75.6,3667.12,1.23,52.62,81.16,1572.4,26.53,139.06,2565.1,0,NORMAL
CARG-01,89.89,3054.5,2.31,55.48,80.66,1657.5,25.74,170.5,1948.9,0,NORMAL
PALA-02,70.71,3481.39,1.13,56.57,81.81,1790.6,24.34,158.75,2798.7,0,NORMAL
PALA-03,78.54,3259.84,2.52,45.34,79.86,1531.8,25.09,141.57,623.7,0,NORMAL
CARG-01,79.93,3141.47,4.86,55.17,79.53,1766.6,26.17,234.67,1321.3,0,NORMAL
PALA-03,84.62,3012.28,4.08,59.45,84.01,1856.6,27.76,149.07,2660.8,0,NORMAL
PALA-02,82.98,3275.14,2.47,56.33,80.81,1921.2,28.23,162.8,1473.6,0,NORMAL
PALA-02,81.25,3511.61,2.33,52.16,85.22,1673.2,26.21,225.74,2343.0,0,NORMAL
PALA-02,81.95,3179.94,1.84,46.93,73.42,1667.2,26.69,124.7,725.2,0,NORMAL
CARG-02,77.6,3235.43,5.03,56.54,87.09,1805.8,26.27,189.4,2299.1,0,NORMAL
CARG-01,75.26,3431.87,3.02,63.38,84.58,1645.9,26.76,133.84,646.7,0,NORMAL
CARG-02,85.27,3311.36,1.57,57.31,80.79,1683.0,26.21,151.91,2678.7,0,NORMAL
PALA-01,85.12,2966.99,2.11,59.79,80.69,1758.7,25.95,173.87,1920.4,0,NORMAL
CARG-01,89.13,3267.8,2.16,58.67,83.56,1764.7,25.87,200.12,1534.7,0,NORMAL
CARG-02,78.44,3522.2,1.27,52.03,76.89,1491.1,26.97,124.21,293.3,0,NORMAL
PALA-01,85.12,3243.35,2.17,54.45,81.15,1580.0,27.44,168.96,2344.5,0,NORMAL
PALA-01,80.72,2756.53,2.62,58.34,81.62,1500.0,26.04,134.0,706.4,0,NORMAL
CARG-01,87.36,3319.88,1.16,46.1,72.82,1519.9,26.98,182.58,470.9,0,NORMAL
PALA-03,86.6,3214.28,3.35,57.26,82.39,1585.8,26.53,193.94,589.2,0,NORMAL
CARG-01,82.95,2920.76,1.39,60.29,75.59,1693.3,26.09,183.38,687.9,0,NORMAL
PALA-01,80.47,2947.74,1.59,53.74,85.33,1704.9,26.94,131.83,2412.1,0,NORMAL
CARG-01,86.32,3425.52,1.37,58.07,86.35,1461.8,27.48,121.4,1730.4,0,NORMAL
PALA-01,84.91,3118.17,1.23,51.23,87.04,1608.0,25.74,153.98,1661.9,0,NORMAL
PALA-01,78.92,3086.65,3.64,54.19,79.71,1537.8,26.14,117.04,1647.0,0,NORMAL
PALA-01,76.02,2091.08,3.96,30.03,79.65,1696.0,27.57,177.99,1470.5,1,FALLA_PRESION_HIDRAULICA
CARG-01,80.7,3134.04,1.46,56.3,73.09,1641.2,26.37,209.46,1827.9,0,NORMAL
PALA-03,88.82,3268.01,3.44,53.48,83.72,1871.0,25.76,132.45,603.7,0,NORMAL
PALA-03,87.16,3213.51,0.85,45.62,74.97,1703.3,26.54,178.31,1028.1,0,NORMAL
PALA-02,76.99,3034.0,1.71,50.41,75.2,1647.2,26.41,132.26,395.9,0,NORMAL
CARG-02,76.75,3157.98,1.0,63.71,79.79,1688.5,27.24,203.97,2936.5,0,NORMAL
PALA-02,87.74,3329.7,5.24,56.84,76.58,1642.8,26.37,195.41,3499.7,0,NORMAL
CARG-01,76.89,3257.55,3.7,43.51,77.15,1881.0,26.39,157.2,2477.7,0,NORMAL
PALA-02,84.29,3235.25,0.74,60.04,81.19,1679.8,26.36,186.78,214.8,0,NORMAL
PALA-02,79.23,3598.73,1.28,48.24,84.53,1774.7,26.53,189.3,1678.3,0,NORMAL
PALA-02,89.28,3381.59,1.74,58.47,83.16,1814.8,27.61,118.27,72.7,0,NORMAL
PALA-02,78.53,3403.44,1.94,60.46,81.76,1640.7,26.98,177.32,1002.4,0,NORMAL
CARG-01,87.15,3220.13,0.95,54.51,85.59,1503.6,25.57,138.22,327.2,0,NORMAL
PALA-03,82.83,2010.95,2.89,26.02,81.51,1662.3,26.63,164.34,1499.9,1,FALLA_PRESION_HIDRAULICA
PALA-01,83.13,3172.4,3.43,50.42,78.89,1796.5,26.68,147.95,1538.8,0,NORMAL
CARG-02,73.13,3389.96,2.38,57.15,77.92,1516.5,26.7,161.01,658.4,0,NORMAL
PALA-02,72.09,3230.13,2.3,48.32,83.21,1750.3,25.22,192.21,2911.6,0,NORMAL
PALA-03,81.01,3290.03,1.37,51.09,76.6,1820.8,26.52,119.98,2696.7,0,NORMAL
CARG-02,83.11,3278.91,1.69,56.56,82.4,1887.0,25.95,98.78,2903.3,0,NORMAL
PALA-03,95.75,3246.73,2.24,50.74,95.99,1801.3,25.2,144.33,1934.6,1,FALLA_TERMICA
PALA-01,77.1,3778.87,2.36,61.1,77.65,1755.1,27.37,198.69,78.4,0,NORMAL
CARG-02,84.53,3130.01,2.01,48.81,77.58,1742.3,26.17,128.55,3237.0,0,NORMAL
PALA-03,84.53,3128.37,3.28,37.56,84.86,1575.1,26.19,141.95,3221.0,0,NORMAL
PALA-02,81.38,3374.94,2.61,50.11,77.57,1606.4,27.11,200.85,1925.7,0,NORMAL
PALA-01,85.51,3142.87,3.46,55.55,79.88,1512.1,27.22,208.46,3168.2,0,NORMAL
CARG-01,76.72,3197.55,2.13,58.32,79.13,1728.6,26.2,184.24,970.4,0,NORMAL
PALA-03,80.4,3054.45,2.12,51.96,85.24,1772.9,26.42,174.28,1834.2,0,NORMAL
PALA-03,89.42,3338.48,3.12,52.61,87.15,1734.1,25.59,195.04,2427.8,0,NORMAL
CARG-02,82.31,3340.77,1.16,53.85,84.64,1754.0,25.65,145.46,1785.1,0,NORMAL
CARG-01,82.57,3193.27,6.78,62.71,79.5,1811.2,27.44,184.24,2980.4,0,NORMAL
PALA-01,92.38,3378.67,1.37,55.89,82.37,1560.7,26.44,132.09,1919.7,0,NORMAL
PALA-02,75.7,2915.54,1.29,51.54,77.36,1727.5,27.18,216.64,627.1,0,NORMAL
PALA-01,85.58,3122.77,3.36,64.26,81.84,1749.6,26.27,196.51,2910.2,0,NORMAL
CARG-01,89.49,3219.4,2.7,54.06,73.97,1663.7,26.74,183.05,2489.2,0,NORMAL
PALA-01,80.54,3038.99,2.91,43.62,81.94,1464.9,25.01,148.03,1818.6,0,NORMAL
PALA-03,85.87,2935.23,2.16,47.07,80.78,1597.1,27.09,184.27,1767.1,0,NORMAL
CARG-01,77.58,3194.58,1.2,56.79,82.76,1659.0,26.38,159.35,2433.7,0,NORMAL
CARG-02,78.91,3374.92,4.42,45.11,80.95,1738.0,26.02,140.53,2341.0,0,NORMAL
PALA-02,83.73,3480.78,3.29,56.49,84.34,1724.0,26.9,180.47,951.9,0,NORMAL
CARG-01,85.59,3151.49,1.47,50.1,77.95,1950.8,27.19,93.42,2636.4,0,NORMAL
PALA-01,87.04,3381.98,3.14,59.89,84.03,1833.2,26.08,191.04,2999.0,0,NORMAL
CARG-01,89.06,3364.58,1.54,54.84,82.89,1717.2,25.44,123.95,864.7,0,NORMAL
PALA-01,81.7,3469.35,1.66,45.81,85.36,1734.5,27.73,185.65,1601.6,0,NORMAL
PALA-02,87.37,3186.97,1.73,58.57,85.63,1872.5,26.23,107.84,1100.9,0,NORMAL
CARG-01,80.46,2926.27,1.4,60.82,77.19,1877.1,24.86,145.52,663.7,0,NORMAL
PALA-01,86.06,3262.63,2.13,47.62,83.07,1760.1,26.06,175.89,367.9,0,NORMAL
PALA-01,82.93,3067.52,3.3,49.99,76.34,1928.0,26.76,190.47,2910.2,0,NORMAL
CARG-01,105.9,3119.77,2.56,56.51,110.59,1612.2,26.33,135.82,830.7,1,FALLA_TERMICA
CARG-01,83.91,3195.78,2.89,57.41,77.59,1716.5,26.3,127.62,2214.9,0,NORMAL
PALA-03,74.78,3188.99,2.33,65.77,79.48,2099.9,26.12,195.77,1557.7,0,NORMAL
PALA-03,76.94,3275.48,0.61,58.45,81.87,1805.2,26.06,226.54,1791.3,0,NORMAL
PALA-03,82.46,3376.57,5.8,66.0,83.95,1703.1,25.38,128.15,1896.1,0,NORMAL
PALA-02,74.41,3183.81,3.59,54.1,82.49,1732.5,25.36,68.49,2183.2,0,NORMAL
PALA-02,85.74,3321.23,2.39,55.92,84.06,1741.6,26.69,213.23,2798.2,0,NORMAL
PALA-01,85.92,3252.67,1.11,51.16,81.05,1920.4,27.38,154.85,659.9,0,NORMAL
CARG-02,83.47,3418.39,2.84,51.39,81.98,1816.5,26.18,128.31,1132.3,0,NORMAL
PALA-03,76.95,3216.05,2.05,54.74,73.93,1710.6,27.51,162.04,442.2,0,NORMAL
PALA-02,88.21,3235.79,2.26,51.09,85.1,1518.9,27.28,228.06,2452.1,0,NORMAL
PALA-02,91.17,3182.61,3.26,41.18,79.84,1632.8,26.29,183.02,1130.2,0,NORMAL
CARG-02,82.66,3220.8,2.5,50.67,79.28,1727.2,26.91,187.32,2791.0,0,NORMAL
PALA-01,84.3,3108.97,3.95,59.38,88.75,1704.4,26.79,165.66,2558.9,0,NORMAL
PALA-03,82.91,3091.13,1.62,54.36,70.16,1851.5,26.0,176.69,198.7,0,NORMAL
PALA-03,84.39,3389.64,0.83,54.39,81.38,1692.2,24.67,219.41,401.6,0,NORMAL
PALA-03,81.46,3055.02,2.0,50.18,72.04,1820.6,26.51,128.41,2128.2,0,NORMAL
PALA-01,81.84,3192.56,1.65,55.66,82.36,1543.4,26.96,186.6,2471.0,0,NORMAL
CARG-02,86.08,3432.76,2.65,62.29,78.2,1657.1,25.96,158.79,1329.0,0,NORMAL
CARG-02,92.56,3186.51,1.29,61.0,69.26,1803.4,28.01,157.8,738.2,0,NORMAL
PALA-03,75.7,3399.17,1.62,55.83,85.36,1968.1,27.23,119.95,596.6,0,NORMAL
PALA-03,81.53,3143.61,2.7,49.73,75.84,1703.0,25.22,174.73,879.8,0,NORMAL
CARG-02,76.69,3060.79,1.8,62.84,84.79,1819.5,26.24,180.38,623.2,0,NORMAL
CARG-01,89.16,2962.93,3.39,59.3,77.1,1880.3,25.73,153.46,1158.3,0,NORMAL
PALA-01,79.36,3486.29,1.3,46.6,79.14,1834.4,26.11,210.65,1742.4,0,NORMAL
PALA-03,75.51,3045.36,1.07,45.22,71.87,1809.8,17.33,162.92,2388.9,1,FALLA_ELECTRICA
PALA-03,84.87,3384.49,2.86,46.87,82.7,1677.5,26.2,85.68,3040.3,0,NORMAL
PALA-02,89.85,3070.01,0.97,51.53,78.7,1902.3,25.94,179.24,2549.8,0,NORMAL
CARG-01,84.99,3487.13,0.68,58.51,79.53,1561.8,26.48,119.31,2299.7,0,NORMAL
CARG-02,82.92,3647.22,1.06,58.39,80.62,1568.0,27.01,210.0,2766.7,0,NORMAL
CARG-02,83.84,2946.42,3.52,55.7,74.41,1944.1,27.0,225.66,3169.6,0,NORMAL
PALA-02,88.37,3054.74,1.49,53.3,83.76,1763.4,26.89,195.25,843.0,0,NORMAL
PALA-01,78.07,3389.16,1.67,65.86,78.75,1571.4,27.5,159.98,2197.6,0,NORMAL
CARG-02,81.5,3342.35,2.96,54.17,90.18,1548.0,26.33,181.03,180.1,0,NORMAL
CARG-01,79.96,3389.85,3.27,53.57,79.08,1542.9,26.11,133.83,3471.2,0,NORMAL
PALA-01,76.74,3146.72,3.0,51.46,79.44,1964.1,26.28,181.44,3009.6,0,NORMAL
CARG-02,80.52,3607.76,2.85,65.06,75.57,1710.3,25.75,132.18,1323.3,0,NORMAL
CARG-02,86.98,3271.25,1.44,57.6,74.55,1657.9,25.73,225.79,2172.7,0,NORMAL
PALA-03,84.55,3030.95,2.17,48.83,84.51,1915.5,26.99,125.5,1931.2,0,NORMAL
PALA-03,84.9,3204.43,0.97,48.24,85.24,1750.2,27.06,102.66,2962.4,0,NORMAL
PALA-02,82.66,3033.36,1.72,45.6,78.74,1680.7,24.28,154.24,1700.5,0,NORMAL
PALA-01,84.35,3536.37,0.76,53.52,81.49,1847.3,27.15,180.73,503.6,0,NORMAL
PALA-02,78.4,3131.14,3.39,46.51,85.97,1791.7,26.07,241.11,1706.9,0,NORMAL
CARG-01,80.61,3338.65,1.67,48.16,82.16,1792.1,25.89,134.68,458.3,0,NORMAL
PALA-01,82.86,3165.28,2.14,59.34,82.94,1687.6,26.14,162.19,2836.3,0,NORMAL
PALA-02,83.25,3139.23,1.55,58.45,81.35,1612.6,25.39,159.97,623.7,0,NORMAL
PALA-02,83.44,2906.15,3.61,61.46,78.39,1598.7,26.27,123.14,1323.7,0,NORMAL
PALA-03,81.38,3357.67,0.92,46.65,82.54,1732.3,27.93,124.96,415.6,0,NORMAL
CARG-02,80.3,3483.85,1.11,48.99,88.46,1720.9,25.16,93.99,1356.1,0,NORMAL
PALA-02,96.21,3085.13,2.11,50.86,78.92,1777.9,26.89,213.46,3373.5,0,NORMAL
PALA-02,86.08,2971.86,2.17,62.2,84.47,1669.0,27.18,132.2,3257.2,0,NORMAL
CARG-01,83.86,3394.6,3.41,54.31,81.73,1873.6,26.87,87.0,1993.1,0,NORMAL
PALA-02,80.95,2953.68,2.34,63.11,78.64,1560.9,27.63,146.47,2252.2,0,NORMAL
PALA-01,79.97,3469.52,2.16,57.14,84.58,1770.2,27.19,202.65,1264.8,0,NORMAL
PALA-02,81.41,3087.21,1.37,53.44,84.12,1610.9,26.94,178.04,776.1,0,NORMAL
PALA-01,83.32,3051.41,3.62,56.87,83.32,1690.8,27.23,177.88,1009.4,0,NORMAL
PALA-01,73.54,3294.72,1.87,45.35,87.99,1609.5,27.19,216.66,323.4,0,NORMAL
PALA-02,74.94,3063.13,1.41,43.73,88.34,1675.9,26.12,196.47,1586.0,0,NORMAL
PALA-02,79.13,3122.72,1.31,55.3,81.22,1591.6,26.9,68.41,344.4,0,NORMAL
CARG-02,82.93,3313.72,2.15,54.07,80.58,1599.9,26.18,143.29,1334.8,0,NORMAL
PALA-02,80.92,2812.76,8.88,63.67,75.29,1835.7,25.33,175.21,3123.8,1,FALLA_DESGASTE_RODAMIENTOS
PALA-03,88.65,2403.99,0.94,19.56,87.13,1553.3,27.87,166.63,1398.5,1,FALLA_PRESION_HIDRAULICA
PALA-03,75.33,3257.86,0.93,55.86,80.71,1798.0,25.96,179.45,1552.5,0,NORMAL
PALA-01,78.62,3017.27,4.59,57.48,78.56,1822.2,27.28,253.92,1868.0,0,NORMAL
PALA-03,88.84,3066.9,4.03,55.71,77.27,1807.6,26.83,126.06,1134.6,0,NORMAL
PALA-01,82.59,3428.5,1.25,59.49,77.24,1716.8,25.68,81.26,333.5,0,NORMAL
CARG-02,85.98,3358.19,2.37,50.84,88.03,1588.9,25.78,74.84,2677.4,0,NORMAL
PALA-01,91.23,3499.62,2.9,58.16,84.59,1534.6,26.72,192.25,881.9,0,NORMAL
PALA-02,78.88,3127.11,2.53,56.81,75.05,1578.4,26.72,154.4,551.2,0,NORMAL
PALA-01,81.55,3303.39,1.05,59.83,75.21,1579.1,26.1,107.89,351.5,0,NORMAL
CARG-02,80.77,3326.78,1.35,51.44,81.49,1753.0,25.13,151.78,2396.9,0,NORMAL
PALA-03,73.2,3375.15,2.35,48.07,76.93,1550.1,27.04,143.19,109.3,0,NORMAL
PALA-03,80.6,3452.91,0.92,50.86,79.99,1695.2,24.06,147.63,2097.3,0,NORMAL
PALA-01,85.96,3120.89,3.5,48.68,87.21,1724.8,26.68,93.04,1252.0,0,NORMAL
CARG-01,84.43,3229.45,1.04,51.18,85.28,1683.6,27.31,180.75,1798.6,0,NORMAL
PALA-01,84.79,3140.17,2.22,52.33,74.15,1687.5,24.92,185.12,3180.5,0,NORMAL
CARG-02,80.31,3240.53,3.12,49.44,76.96,1873.2,26.53,164.51,52.6,0,NORMAL
PALA-01,79.05,3375.72,3.3,54.04,81.98,1780.0,26.09,157.33,2241.4,0,NORMAL
PALA-01,87.71,2952.27,3.33,48.1,85.52,1804.4,26.56,166.26,3133.3,0,NORMAL
PALA-01,79.76,3449.69,1.38,53.63,77.71,1675.4,27.18,161.72,893.2,0,NORMAL
PALA-02,83.32,3044.95,1.47,51.52,82.47,1814.1,25.32,97.85,451.5,0,NORMAL
PALA-03,82.74,3194.67,2.45,53.39,79.18,1756.4,26.22,130.67,1393.8,0,NORMAL
PALA-01,88.58,3473.91,2.85,55.97,88.01,1745.2,26.27,167.49,3331.5,0,NORMAL
CARG-01,86.37,3309.04,2.79,51.91,83.49,1673.0,24.84,134.27,2063.4,0,NORMAL
PALA-02,76.17,3311.12,2.95,50.11,80.23,1748.4,26.86,190.93,3317.2,0,NORMAL
PALA-03,76.66,3037.49,2.62,50.73,75.02,1973.0,27.7,112.69,982.6,0,NORMAL
PALA-02,84.61,3062.06,2.38,59.12,76.75,1792.4,26.94,242.2,2538.5,0,NORMAL
PALA-02,81.71,3419.43,1.44,60.38,70.9,1925.1,26.5,232.58,999.5,0,NORMAL
PALA-03,79.95,3143.95,2.42,51.43,82.09,1493.6,27.11,150.08,1830.1,0,NORMAL
PALA-01,86.57,3160.92,4.34,53.23,83.66,1728.7,25.92,107.6,3170.1,0,NORMAL
PALA-01,82.84,3423.51,1.75,45.48,83.87,1818.5,25.69,141.23,354.3,0,NORMAL
CARG-02,82.24,3061.02,1.67,53.09,78.54,1766.4,26.81,202.48,1071.3,0,NORMAL
CARG-02,85.51,3298.46,2.73,46.74,86.12,1781.8,26.58,148.13,1273.4,0,NORMAL
PALA-02,80.31,3257.72,1.04,51.56,87.33,1673.4,26.65,173.79,251.7,0,NORMAL
PALA-02,89.06,3249.52,2.21,59.39,78.34,1865.4,25.71,161.8,867.7,0,NORMAL
PALA-03,78.45,3156.68,3.42,46.49,85.73,1527.9,25.2,180.02,267.3,0,NORMAL
PALA-02,84.96,4288.03,2.22,49.49,81.56,1702.0,25.57,338.16,1065.6,1,FALLA_SOBRECARGA
PALA-01,88.45,3055.89,2.21,49.51,78.89,1734.9,25.72,149.62,146.0,0,NORMAL
PALA-01,75.8,3336.88,0.58,45.66,85.92,1651.3,24.77,210.86,183.3,0,NORMAL
CARG-01,80.45,3129.73,1.78,58.31,76.17,1723.4,26.78,177.82,860.5,0,NORMAL
PALA-03,87.14,3424.37,1.19,55.39,75.06,1484.2,25.37,201.36,1356.8,0,NORMAL
PALA-01,87.21,3209.58,0.99,63.04,79.42,1564.4,25.32,151.43,1424.2,0,NORMAL
PALA-01,81.23,3059.48,1.94,49.02,80.09,1872.4,26.19,154.2,1260.5,0,NORMAL
PALA-01,78.69,3207.19,2.85,45.14,74.43,1749.2,25.68,253.82,1822.0,0,NORMAL
PALA-03,86.3,3176.05,1.87,58.71,82.96,1674.5,25.14,158.7,3200.8,0,NORMAL
PALA-01,87.33,3431.64,3.16,52.2,77.88,1837.6,25.23,203.87,1629.9,0,NORMAL
PALA-01,76.76,3183.58,2.83,51.67,75.76,1886.5,26.83,109.04,394.8,0,NORMAL
CARG-01,76.58,3200.28,1.49,61.39,83.6,1937.2,26.13,172.52,2401.9,0,NORMAL
PALA-01,83.01,3504.08,1.6,54.85,79.28,1493.6,25.19,145.73,3346.5,0,NORMAL
PALA-03,84.83,3341.49,0.69,58.52,85.23,1885.9,27.56,213.86,724.6,0,NORMAL
PALA-01,80.65,3549.29,5.07,50.89,82.84,1580.7,25.83,136.35,718.0,0,NORMAL
PALA-01,85.06,3476.63,1.24,50.37,80.21,1756.2,26.82,144.99,917.1,0,NORMAL
PALA-01,78.8,3090.31,2.25,52.17,85.39,1793.4,26.31,180.29,220.1,0,NORMAL
CARG-01,72.48,3428.19,1.91,57.35,82.68,1913.1,26.48,123.2,2831.0,0,NORMAL
CARG-02,80.09,3524.55,4.22,54.25,80.92,1776.3,26.42,164.46,1364.5,0,NORMAL
CARG-01,82.28,3525.91,2.41,56.34,83.05,1753.5,25.3,138.94,2722.4,0,NORMAL
PALA-02,80.76,3427.86,2.05,40.98,83.18,1619.5,28.2,164.91,2210.2,0,NORMAL
PALA-03,76.79,3424.15,3.74,44.59,76.62,1517.5,25.79,156.8,437.1,0,NORMAL
PALA-01,73.83,3195.52,2.25,43.23,90.43,1616.3,27.06,224.25,1932.9,0,NORMAL
PALA-02,79.69,3099.27,1.31,52.1,81.27,1888.8,25.77,176.19,2521.0,0,NORMAL
CARG-02,86.04,3186.6,2.66,47.01,81.35,1723.9,25.52,114.29,217.6,0,NORMAL
PALA-01,87.65,2950.34,0.97,62.45,73.97,1919.3,27.5,127.83,1502.5,0,NORMAL
PALA-01,87.34,3491.7,1.21,53.89,81.51,1633.9,27.65,144.7,2844.8,0,NORMAL
PALA-01,78.33,3199.01,1.64,55.08,81.69,1814.2,26.76,135.5,3439.7,0,NORMAL
PALA-01,76.81,3482.44,1.07,48.55,76.4,1740.1,27.05,209.68,2458.6,0,NORMAL
PALA-01,84.23,3028.33,1.74,48.4,76.84,1875.4,25.4,140.47,1118.7,0,NORMAL
PALA-03,84.86,3444.87,0.44,61.76,77.4,1693.2,26.93,158.69,1018.7,0,NORMAL
PALA-02,83.8,3160.92,2.22,62.91,79.82,1704.7,26.92,181.05,2073.7,0,NORMAL
CARG-02,72.94,3018.81,2.59,56.08,81.85,1866.1,26.75,257.67,3269.9,0,NORMAL
CARG-01,78.1,3542.88,1.52,43.84,80.11,1469.2,27.72,154.89,836.1,0,NORMAL
PALA-02,81.87,3449.32,0.78,51.87,82.21,1702.8,24.58,218.15,845.9,0,NORMAL
PALA-02,84.19,3288.12,2.02,55.57,83.7,1520.7,26.26,144.91,1818.3,0,NORMAL
PALA-02,85.45,3256.11,2.82,52.86,83.17,1716.5,27.59,194.17,2036.2,0,NORMAL
PALA-03,82.65,3329.11,0.92,43.4,82.46,1669.6,25.51,130.7,3282.1,0,NORMAL
PALA-02,83.49,3285.03,6.76,63.25,82.14,1792.3,26.92,188.04,1164.6,0,NORMAL
PALA-03,82.38,3107.39,2.26,49.82,82.16,1775.9,26.01,146.98,1525.5,0,NORMAL
PALA-02,85.09,3175.83,2.89,47.29,80.41,1685.7,26.47,191.93,1281.3,0,NORMAL
PALA-03,83.41,3602.93,5.93,53.85,78.36,1604.6,25.55,188.22,2581.1,0,NORMAL
PALA-02,82.3,3730.99,2.51,59.92,80.63,1729.4,28.21,181.93,1277.5,0,NORMAL
PALA-02,80.79,3531.28,1.29,56.57,83.61,1876.6,25.48,174.98,1551.9,0,NORMAL
CARG-02,82.37,3336.08,1.44,47.42,83.59,1602.4,26.3,143.3,1308.1,0,NORMAL
CARG-01,84.18,3189.21,3.34,46.6,83.03,1539.6,26.19,185.36,146.3,0,NORMAL
PALA-01,83.2,3106.33,3.06,43.04,79.1,1498.8,27.26,103.94,1919.9,0,NORMAL
CARG-02,83.71,3118.19,3.37,52.54,80.13,1535.8,26.46,249.37,1410.1,0,NORMAL
PALA-02,88.04,3150.41,2.74,51.63,80.15,1719.1,25.14,182.55,496.6,0,NORMAL
CARG-02,83.19,3637.21,2.55,56.57,78.57,1551.4,25.89,178.98,2122.3,0,NORMAL
CARG-01,79.08,3575.13,0.51,50.57,84.58,1675.0,24.67,176.53,2428.3,0,NORMAL
PALA-02,85.98,3384.33,2.94,58.87,73.64,1775.4,26.46,133.97,1815.7,0,NORMAL
PALA-01,75.85,3077.09,2.47,57.27,89.09,1464.6,27.82,139.12,907.4,0,NORMAL
PALA-02,77.13,3410.75,1.13,50.36,89.3,1838.4,26.24,168.43,1891.8,0,NORMAL
PALA-03,83.51,3207.05,1.44,55.96,81.2,1891.3,26.67,142.97,1008.1,0,NORMAL
PALA-03,84.32,2862.46,9.39,60.64,82.62,1943.8,27.28,118.53,3274.2,1,FALLA_DESGASTE_RODAMIENTOS
PALA-02,76.4,3301.68,5.98,49.2,84.4,1896.9,25.85,157.19,382.5,0,NORMAL
PALA-01,80.28,3098.46,3.44,52.93,77.97,2009.5,27.28,172.27,633.0,0,NORMAL
CARG-01,79.27,3104.55,4.41,52.84,83.27,1747.6,27.93,159.58,3295.2,0,NORMAL
CARG-02,79.81,3204.93,0.88,52.21,86.28,1816.7,24.98,196.84,1049.9,0,NORMAL
PALA-03,86.25,3160.3,3.54,58.01,73.79,1689.9,27.31,165.72,2262.0,0,NORMAL
PALA-01,85.18,3243.83,10.77,58.41,75.24,1799.5,25.21,215.49,3454.7,1,FALLA_DESGASTE_RODAMIENTOS
PALA-02,81.91,3235.18,2.4,56.03,84.0,1736.5,25.78,240.73,2000.9,0,NORMAL
PALA-01,79.54,2912.35,1.59,55.79,79.92,1520.4,27.31,155.35,1798.9,0,NORMAL
CARG-02,75.93,3523.65,2.6,51.19,79.45,1539.5,26.66,120.97,1253.4,0,NORMAL
PALA-01,118.37,3072.99,3.22,55.65,100.79,1937.1,26.03,119.97,757.4,1,FALLA_TERMICA
PALA-03,84.66,3078.57,2.11,47.57,76.49,1738.6,28.19,158.28,3150.7,0,NORMAL
PALA-02,78.82,1964.38,1.4,42.5,79.36,1890.4,26.14,188.07,2117.1,1,FALLA_PRESION_HIDRAULICA
PALA-03,85.24,3230.5,4.08,60.75,75.72,1652.0,27.28,147.82,544.4,0,NORMAL
PALA-03,81.68,3512.62,1.79,58.78,86.23,1612.9,26.16,160.92,2619.9,0,NORMAL
CARG-01,80.71,3298.5,2.44,56.04,81.53,1709.7,26.77,141.8,378.9,0,NORMAL
PALA-01,83.96,3351.96,0.62,56.05,81.43,1814.2,26.79,148.9,1842.8,0,NORMAL
PALA-01,78.66,3299.42,1.33,45.55,83.67,1887.1,26.46,163.82,261.9,0,NORMAL
PALA-01,80.45,3291.66,3.58,47.71,92.16,1742.3,25.27,194.15,1692.7,0,NORMAL
CARG-02,82.55,3305.75,3.44,48.33,76.79,1798.4,26.62,192.65,1916.2,0,NORMAL
CARG-02,79.75,2902.11,2.58,54.29,73.63,1702.8,25.94,81.75,1784.6,0,NORMAL
PALA-03,85.01,3205.01,0.68,52.59,80.88,1894.7,26.03,183.77,1565.0,0,NORMAL
PALA-03,90.41,3459.21,1.43,58.06,73.69,1896.5,26.87,182.69,891.5,0,NORMAL
PALA-03,78.61,3959.62,5.0,49.17,79.65,1625.8,26.82,156.93,365.9,0,NORMAL
PALA-01,74.51,3033.22,2.14,59.13,84.5,1766.0,25.8,148.2,2211.1,0,NORMAL
CARG-02,72.99,3326.15,3.16,49.9,87.11,1600.5,26.57,181.18,582.9,0,NORMAL
PALA-02,81.32,3147.21,1.41,51.91,74.74,1818.0,26.42,164.61,1363.4,0,NORMAL
PALA-02,79.02,3618.58,2.09,58.48,77.23,1672.7,25.71,151.99,2588.9,0,NORMAL
PALA-03,82.94,3006.32,1.42,56.52,82.45,1624.3,25.76,236.0,2142.6,0,NORMAL
PALA-01,82.6,3362.49,1.7,47.74,84.02,1475.2,25.77,177.88,3061.5,0,NORMAL
PALA-01,74.79,2996.7,1.29,59.32,84.24,1850.0,26.39,141.4,2399.1,0,NORMAL
CARG-01,73.83,3192.66,1.87,54.44,86.9,1743.1,26.16,186.13,3292.0,0,NORMAL
PALA-01,112.0,3243.82,1.92,43.29,109.67,1750.1,26.57,175.33,792.1,1,FALLA_TERMICA
PALA-03,82.61,3442.54,2.97,49.79,80.52,1819.8,25.7,173.3,192.4,0,NORMAL
PALA-01,80.08,3056.11,0.77,51.95,85.25,1628.6,26.26,190.42,323.4,0,NORMAL
PALA-02,74.54,3369.41,1.02,48.15,81.28,1609.8,26.32,143.46,752.2,0,NORMAL
PALA-02,84.12,3253.38,2.11,60.71,82.1,1785.9,26.66,169.23,232.6,0,NORMAL
PALA-02,87.72,3299.1,1.09,52.13,79.02,1859.0,27.58,130.37,963.8,0,NORMAL
CARG-01,83.25,3422.5,1.16,56.3,81.63,1783.9,27.26,188.18,2992.7,0,NORMAL
PALA-02,78.19,3019.14,4.36,55.03,74.48,1912.3,26.34,160.61,955.5,0,NORMAL
PALA-03,82.2,3395.91,2.87,57.53,85.14,1787.7,25.12,131.61,2865.4,0,NORMAL
PALA-02,75.85,3147.6,1.87,62.37,76.96,1781.2,25.99,158.27,1152.9,0,NORMAL
PALA-03,86.76,3447.26,1.37,57.38,77.45,1818.7,27.14,168.21,1560.0,0,NORMAL
CARG-02,82.37,3310.22,4.53,62.71,71.69,1692.2,26.36,191.59,2991.5,0,NORMAL
CARG-01,74.04,3212.28,0.91,57.51,77.71,1570.9,25.39,202.72,1749.6,0,NORMAL
PALA-01,80.65,3143.8,3.35,54.66,77.17,1722.3,26.24,192.68,474.1,0,NORMAL
PALA-01,84.08,3398.19,4.67,55.61,81.87,1805.7,26.02,178.86,1291.4,0,NORMAL
PALA-02,80.5,3476.97,2.11,40.87,75.82,1616.9,27.41,185.89,2857.7,0,NORMAL
PALA-03,80.76,3154.09,2.51,51.72,79.22,1551.3,25.93,150.78,294.4,0,NORMAL
PALA-01,76.49,3046.06,2.59,53.28,78.28,1632.9,26.73,121.8,2598.0,0,NORMAL
PALA-02,84.55,3374.96,2.95,56.19,73.96,1880.2,26.95,136.72,2593.7,0,NORMAL
PALA-03,79.08,2989.26,9.65,53.87,81.95,1779.5,25.41,161.69,3709.9,1,FALLA_DESGASTE_RODAMIENTOS
PALA-02,72.3,1941.17,2.49,26.55,80.12,1704.9,25.8,152.89,119.9,1,FALLA_PRESION_HIDRAULICA
CARG-01,80.33,3058.71,1.35,47.38,81.16,1603.9,26.06,151.42,893.0,0,NORMAL
PALA-01,86.42,3175.22,0.67,46.09,84.32,1753.0,26.51,169.51,996.3,0,NORMAL
PALA-01,80.26,3009.46,3.24,48.08,81.03,1742.2,25.92,194.71,2680.9,0,NORMAL
CARG-01,89.82,2901.02,1.04,61.86,79.67,1774.8,25.3,169.89,1905.0,0,NORMAL
PALA-02,83.93,3817.59,4.19,47.66,84.69,2020.5,25.59,340.17,1207.6,1,FALLA_SOBRECARGA
PALA-03,83.52,3365.65,1.93,50.06,79.7,1779.3,27.15,117.48,2175.2,0,NORMAL
PALA-02,81.42,3021.12,5.25,54.53,78.98,1636.7,28.06,154.55,412.0,0,NORMAL
PALA-01,81.69,3188.75,2.47,46.04,83.68,1553.8,26.64,88.46,3484.9,0,NORMAL
CARG-01,80.81,3600.41,1.64,49.64,77.88,1652.9,27.26,198.15,313.9,0,NORMAL
CARG-01,80.64,3241.15,2.84,57.38,85.67,1665.2,26.68,163.4,2890.4,0,NORMAL
PALA-03,84.39,3311.66,4.93,51.81,81.64,1819.5,26.96,221.95,1573.6,0,NORMAL
PALA-02,77.79,3079.71,2.19,62.42,87.28,1645.8,26.99,206.85,3112.3,0,NORMAL
PALA-03,77.16,2150.38,2.13,13.92,80.76,1601.0,26.94,179.28,736.0,1,FALLA_PRESION_HIDRAULICA
PALA-02,76.95,3152.57,2.04,52.27,84.79,1784.6,26.68,142.48,1950.3,0,NORMAL
PALA-01,91.21,3208.94,9.19,51.81,74.44,1645.7,26.51,147.03,3314.3,1,FALLA_DESGASTE_RODAMIENTOS
CARG-02,84.39,2080.57,2.37,33.08,86.13,1789.2,26.08,214.54,1654.1,1,FALLA_PRESION_HIDRAULICA
PALA-01,83.37,3217.29,2.55,47.87,83.76,1618.5,26.82,176.87,1017.7,0,NORMAL
CARG-02,77.24,3258.62,5.2,51.1,78.42,1663.4,26.65,114.02,2845.4,0,NORMAL
PALA-02,84.81,3199.3,1.65,57.95,84.46,1650.2,25.67,148.34,763.3,0,NORMAL
PALA-01,81.48,3200.53,4.47,52.65,75.93,1769.4,27.35,209.39,951.9,0,NORMAL
PALA-03,82.96,3316.69,2.63,48.65,79.01,1702.7,27.19,198.58,1473.3,0,NORMAL
CARG-02,77.61,3349.53,2.86,64.4,77.6,1573.4,26.55,174.26,2915.1,0,NORMAL
CARG-01,82.72,3134.22,1.52,54.25,84.68,1563.4,27.34,207.74,77.9,0,NORMAL
CARG-01,80.09,3112.11,1.95,57.07,85.99,1682.1,26.98,116.5,3135.0,0,NORMAL
PALA-03,78.55,3140.36,1.76,57.82,79.2,1550.1,26.05,139.24,1928.2,0,NORMAL
PALA-03,85.3,2997.77,3.0,53.65,75.91,1670.3,24.95,156.19,376.6,0,NORMAL
CARG-01,75.08,2963.72,1.23,50.05,77.09,1750.8,24.92,142.44,818.1,0,NORMAL
PALA-01,84.54,3303.49,1.19,55.0,81.37,1578.1,27.41,186.24,296.6,0,NORMAL
PALA-02,85.08,3418.95,0.57,50.5,81.12,1821.8,26.38,188.04,1599.5,0,NORMAL
PALA-01,78.04,3406.79,2.86,55.86,79.64,1886.0,26.1,177.8,114.9,0,NORMAL
CARG-02,78.31,2821.24,1.03,53.18,77.68,1850.0,25.87,124.3,2382.0,0,NORMAL
CARG-02,81.0,3205.89,2.08,59.15,87.51,1800.3,26.45,221.94,458.9,0,NORMAL
PALA-01,83.27,3051.62,0.57,48.29,78.52,1770.6,27.13,171.87,755.4,0,NORMAL
CARG-01,81.31,3275.87,0.93,57.59,77.67,1748.8,25.75,104.25,100.4,0,NORMAL
CARG-02,83.95,3174.79,2.11,57.07,85.59,1764.4,26.48,117.87,858.7,0,NORMAL
PALA-01,89.93,3356.54,2.04,52.8,79.87,1647.4,28.53,133.43,179.5,0,NORMAL
PALA-03,79.72,3246.55,1.56,57.65,83.05,1717.0,27.85,217.83,380.8,0,NORMAL
CARG-02,74.28,2908.72,2.56,56.09,77.5,1737.8,24.61,129.44,3369.5,0,NORMAL
PALA-01,85.72,3075.92,1.51,57.34,83.02,1796.9,24.95,122.9,360.5,0,NORMAL
PALA-03,89.57,3251.04,3.2,57.02,83.94,1529.2,27.84,198.32,2761.7,0,NORMAL
PALA-02,83.77,3266.22,3.58,54.25,76.53,1745.3,27.12,191.33,2274.1,0,NORMAL
CARG-02,77.11,2996.98,3.69,51.02,78.86,1847.4,26.44,140.45,1059.7,0,NORMAL
CARG-02,81.44,2973.44,2.1,50.96,77.38,1647.7,26.82,177.79,3018.8,0,NORMAL
CARG-02,76.97,3260.12,2.79,52.93,78.89,1706.9,26.15,151.16,1688.3,0,NORMAL
PALA-02,84.89,2997.34,2.09,58.22,87.4,1496.4,25.87,181.69,1067.9,0,NORMAL
CARG-02,75.92,2949.65,2.63,57.16,82.03,1728.0,26.98,149.31,2802.0,0,NORMAL
CARG-01,80.65,3169.87,2.15,59.03,88.79,1541.4,26.32,178.51,2450.7,0,NORMAL
PALA-02,77.48,3162.08,2.26,59.53,86.93,1653.6,27.09,160.82,326.0,0,NORMAL
CARG-01,82.57,3091.89,4.3,52.92,85.52,1714.1,25.96,139.34,1187.0,0,NORMAL
PALA-01,80.35,3123.33,0.69,63.81,86.82,1647.2,26.97,192.59,2343.9,0,NORMAL
PALA-03,82.8,3252.49,2.31,53.48,85.64,1700.3,26.65,162.46,933.1,0,NORMAL
PALA-01,82.1,3120.37,2.31,51.53,87.82,1764.8,25.33,194.37,2171.9,0,NORMAL
PALA-01,77.56,3262.73,1.48,55.67,83.18,1715.4,27.58,177.91,1093.1,0,NORMAL
PALA-01,84.82,3181.52,2.75,56.42,83.75,1736.9,25.27,158.58,765.6,0,NORMAL
PALA-03,81.78,3280.18,2.04,50.29,83.63,1495.6,27.46,201.24,1273.0,0,NORMAL
PALA-02,77.55,3408.08,1.58,53.21,79.24,1701.1,26.76,168.99,1295.1,0,NORMAL
CARG-01,92.08,3401.06,2.25,51.77,84.38,1453.6,26.91,176.4,2313.3,0,NORMAL
PALA-01,84.14,3481.88,4.42,54.71,86.03,1672.5,26.01,149.7,2088.6,0,NORMAL
PALA-02,81.31,3400.87,6.11,57.98,78.6,1940.9,26.1,143.95,1546.8,0,NORMAL
PALA-03,88.37,1940.19,1.87,25.6,77.57,1832.4,26.4,166.58,2627.8,1,FALLA_PRESION_HIDRAULICA
CARG-01,90.29,3171.98,1.76,56.86,78.8,1548.7,25.37,128.74,3028.0,0,NORMAL
PALA-02,81.35,3180.2,2.03,47.06,86.43,1654.8,26.86,165.42,333.9,0,NORMAL
PALA-03,83.56,3092.0,0.83,58.45,80.05,1698.9,26.11,167.22,2250.2,0,NORMAL
CARG-02,77.55,3250.82,1.92,51.73,76.58,1780.8,24.7,124.07,2508.5,0,NORMAL
PALA-03,81.34,3375.53,0.67,51.64,76.85,1822.1,27.91,205.16,1562.5,0,NORMAL
PALA-01,81.1,3119.38,0.67,56.0,77.38,1915.5,26.61,210.98,245.9,0,NORMAL
PALA-01,82.83,3243.3,1.33,56.26,78.15,1605.5,26.66,207.93,1564.3,0,NORMAL
CARG-02,83.5,3128.07,2.64,53.44,75.4,1746.2,25.85,154.06,3061.7,0,NORMAL
PALA-01,84.52,3287.68,1.22,49.56,83.42,1508.4,26.67,166.28,606.5,0,NORMAL
CARG-02,83.07,3151.11,2.4,51.6,80.24,1769.2,26.99,148.15,1307.3,0,NORMAL
PALA-03,76.55,3116.89,1.77,54.48,83.14,1779.1,25.24,186.02,2612.9,0,NORMAL
CARG-02,108.12,3127.61,1.49,56.45,96.77,1722.4,26.88,154.13,3068.6,1,FALLA_TERMICA
CARG-01,79.54,3340.6,3.28,49.89,85.29,1798.4,25.55,167.74,3203.8,0,NORMAL
CARG-02,80.73,3232.59,2.19,50.8,80.67,1616.7,25.37,172.99,2733.9,0,NORMAL
PALA-02,116.0,3172.88,2.57,55.31,107.2,1561.7,25.7,121.87,2100.6,1,FALLA_TERMICA
CARG-01,76.77,3297.05,1.76,53.58,87.09,1605.9,28.08,158.95,1255.6,0,NORMAL
PALA-02,80.39,3175.39,3.06,54.73,82.47,1764.4,27.03,192.29,1731.3,0,NORMAL
PALA-02,86.29,3452.77,1.08,40.93,89.45,1877.3,26.39,294.04,78.3,0,NORMAL
PALA-03,80.65,3074.7,3.66,52.53,73.48,1617.0,27.76,98.3,1258.4,0,NORMAL
CARG-02,84.07,3216.35,0.47,58.27,79.73,1638.0,25.66,137.88,2551.4,0,NORMAL
CARG-02,81.37,2997.14,0.52,50.92,73.79,1733.8,25.58,139.16,2311.1,0,NORMAL
CARG-01,83.16,3187.56,1.57,56.43,82.26,2133.5,25.67,116.61,78.5,0,NORMAL
PALA-02,80.97,2947.67,1.75,47.96,81.31,1666.3,27.9,228.71,1938.0,0,NORMAL
PALA-02,85.0,3384.34,1.72,46.19,76.63,1835.7,27.09,158.81,75.3,0,NORMAL
CARG-01,75.05,3387.97,1.23,56.09,89.69,1698.6,25.75,154.35,1303.4,0,NORMAL
PALA-01,80.37,3391.15,4.55,53.73,79.56,1655.2,25.85,182.15,3467.7,0,NORMAL
PALA-01,83.33,3255.2,1.98,52.32,72.18,1560.5,26.63,139.62,1462.9,0,NORMAL
PALA-02,84.4,3091.62,3.7,58.23,83.72,1683.5,25.49,185.85,3130.4,0,NORMAL
PALA-02,88.72,3105.94,0.71,52.44,83.78,1821.9,26.26,139.9,105.0,0,NORMAL
PALA-02,80.24,3525.43,1.26,50.84,79.08,1615.6,25.61,208.71,2533.0,0,NORMAL
PALA-01,88.66,3508.42,1.08,50.3,84.15,1731.6,26.34,164.92,1626.3,0,NORMAL
PALA-01,79.03,3272.06,0.63,49.24,77.2,1617.5,27.05,208.69,1936.9,0,NORMAL
PALA-01,87.98,3157.19,2.28,56.33,79.33,1669.9,27.79,181.68,3474.8,0,NORMAL
CARG-02,85.68,3496.35,1.54,52.44,82.57,1538.3,25.15,78.37,1103.2,0,NORMAL
PALA-02,77.89,3124.99,0.92,59.71,84.7,1998.2,26.88,117.59,3023.8,0,NORMAL
PALA-02,83.38,3291.19,1.32,39.24,80.1,1756.8,26.94,217.69,3210.3,0,NORMAL
PALA-03,81.77,3493.35,2.82,58.61,79.07,1680.8,26.21,149.17,1076.8,0,NORMAL
PALA-01,84.82,3099.46,4.04,55.8,80.84,1874.9,25.93,98.2,213.8,0,NORMAL
CARG-02,81.0,3399.26,1.57,53.55,72.81,1709.1,25.93,142.89,2762.1,0,NORMAL
CARG-01,80.62,3343.7,1.41,47.54,79.88,1775.1,24.92,147.72,3270.4,0,NORMAL
PALA-01,88.16,3242.89,1.62,45.7,73.08,1907.5,27.02,204.77,1697.7,0,NORMAL
PALA-02,81.56,3071.18,1.37,57.76,77.63,1896.8,25.79,131.21,3068.1,0,NORMAL
CARG-02,85.72,3119.6,1.42,55.21,75.31,1582.8,25.07,156.35,811.6,0,NORMAL
CARG-02,80.99,3302.1,4.24,55.12,83.11,1721.5,26.66,198.77,2661.3,0,NORMAL
PALA-02,89.5,2993.8,2.89,53.49,78.08,1873.2,26.65,143.95,2476.7,0,NORMAL
PALA-03,78.95,3273.53,3.12,58.25,85.95,1590.2,27.08,130.71,1869.7,0,NORMAL
PALA-01,79.24,3347.39,1.21,51.07,73.61,1689.1,27.85,173.35,1150.8,0,NORMAL
CARG-02,88.86,3427.34,2.8,52.32,80.03,1684.7,26.43,187.82,914.6,0,NORMAL
PALA-01,80.0,2998.3,1.81,53.12,81.34,1780.1,26.16,157.98,2529.7,0,NORMAL
CARG-02,89.2,3486.92,1.12,52.93,82.96,1816.3,26.09,182.23,2020.0,0,NORMAL
PALA-03,86.01,3555.17,5.59,60.68,89.61,1858.0,26.16,141.61,3028.2,0,NORMAL
PALA-03,81.3,3323.83,2.51,47.73,73.13,1729.9,25.81,91.24,2880.6,0,NORMAL
PALA-03,73.84,3063.15,4.18,44.23,77.97,1595.1,26.05,190.84,656.5,0,NORMAL
PALA-01,81.91,3190.94,3.46,46.73,88.99,1677.4,25.82,124.95,789.8,0,NORMAL
PALA-01,82.46,3241.43,0.68,57.42,77.32,1593.1,25.57,139.02,3306.6,0,NORMAL
PALA-01,87.25,3298.68,1.23,53.5,82.77,1638.1,27.79,168.23,1348.6,0,NORMAL
PALA-01,89.15,3253.96,2.8,46.01,77.24,1805.1,27.51,194.05,1938.0,0,NORMAL
CARG-01,78.92,3300.61,1.71,54.5,75.42,1547.8,24.91,157.27,1508.5,0,NORMAL
PALA-02,85.61,3233.67,2.53,52.38,77.74,1653.7,26.65,142.5,1996.4,0,NORMAL
PALA-01,85.44,3297.72,3.41,56.8,88.91,1826.9,26.35,212.04,2379.9,0,NORMAL
CARG-02,86.83,3167.11,0.67,57.97,76.33,1802.1,26.52,149.36,1306.7,0,NORMAL
CARG-02,84.24,3189.13,2.43,66.59,79.81,1623.7,25.24,151.13,1194.7,0,NORMAL
CARG-02,73.26,3146.32,1.53,48.09,79.98,1612.0,24.92,104.94,2965.3,0,NORMAL
CARG-02,81.3,3595.11,2.95,44.69,84.67,1909.1,26.36,164.09,2181.1,0,NORMAL
PALA-01,76.8,3513.5,3.7,56.95,85.52,1765.0,26.1,210.7,2994.7,0,NORMAL
PALA-02,81.09,3349.95,1.98,58.93,81.43,1622.5,25.96,109.13,3047.0,0,NORMAL
CARG-01,86.41,3488.56,1.85,47.62,68.24,1715.1,26.23,135.19,607.7,0,NORMAL
PALA-03,83.37,3393.72,2.51,47.63,77.44,1850.4,26.88,158.7,2812.1,0,NORMAL
PALA-01,87.17,3282.63,2.93,55.72,76.21,1612.7,27.11,178.89,3156.0,0,NORMAL
CARG-01,83.54,2979.0,5.04,62.57,85.63,1610.2,25.62,170.58,1564.1,0,NORMAL
PALA-01,76.16,3202.81,0.54,49.62,77.32,1746.5,25.69,161.39,1792.2,0,NORMAL
PALA-01,70.66,3189.69,4.9,54.44,87.73,1557.7,26.52,136.86,1344.9,0,NORMAL
PALA-03,82.67,3046.05,3.5,44.5,82.63,1639.2,27.38,207.86,569.7,0,NORMAL
PALA-03,81.04,2982.49,4.15,53.01,85.54,1667.8,26.23,86.18,1891.1,0,NORMAL
PALA-03,77.6,3338.69,1.96,53.43,90.02,1401.2,26.52,199.8,1422.2,0,NORMAL
PALA-01,74.35,3308.41,1.66,61.34,77.22,1730.0,25.31,230.88,2888.7,0,NORMAL
CARG-02,78.69,3039.87,0.75,50.47,74.52,1793.5,24.64,185.94,1725.1,0,NORMAL
PALA-02,81.12,3115.74,1.42,57.43,81.75,1954.0,28.25,139.34,3350.2,0,NORMAL
PALA-01,85.0,3459.02,2.81,50.14,84.82,1791.6,26.62,170.1,2591.5,0,NORMAL
CARG-02,82.85,3092.01,1.4,54.45,78.34,1596.9,25.59,119.39,853.0,0,NORMAL
CARG-02,113.25,3280.74,2.17,64.39,99.09,1665.8,24.69,126.54,1438.9,1,FALLA_TERMICA
CARG-02,77.34,3215.84,2.61,62.97,85.87,1943.3,27.56,178.9,2165.1,0,NORMAL
CARG-01,85.96,3341.15,2.99,63.8,85.47,1774.5,25.64,180.4,514.6,0,NORMAL
PALA-03,82.21,3095.9,5.45,55.99,78.67,1845.8,25.64,172.88,1804.3,0,NORMAL
PALA-03,85.13,3266.22,2.15,52.95,82.09,1651.2,25.83,118.21,3046.5,0,NORMAL
PALA-01,80.04,3280.37,2.9,55.42,77.26,1694.1,26.51,242.26,652.4,0,NORMAL
PALA-02,86.82,3291.43,1.75,56.33,75.2,1711.7,26.91,180.0,341.5,0,NORMAL
PALA-02,83.33,3264.23,1.12,55.95,86.43,1830.4,26.16,155.89,1764.4,0,NORMAL
PALA-02,78.94,3312.03,1.5,50.44,72.47,1668.6,25.56,162.91,3123.8,0,NORMAL
CARG-01,81.95,3644.52,1.91,50.24,81.76,1792.3,28.24,138.66,2475.2,0,NORMAL
PALA-02,80.92,3711.03,2.61,51.02,79.52,1719.9,26.01,129.86,2032.1,0,NORMAL
PALA-01,84.2,3134.94,4.94,59.35,83.2,1574.4,26.41,246.53,653.4,0,NORMAL
PALA-01,76.69,2832.72,2.06,59.9,78.26,1719.7,25.2,130.31,2612.7,0,NORMAL
PALA-03,81.87,3357.19,1.59,69.92,85.57,1852.5,26.86,136.86,2376.6,0,NORMAL
PALA-01,83.78,3283.53,1.59,56.13,80.11,1720.7,27.27,148.45,3354.8,0,NORMAL
CARG-02,82.15,3440.99,2.42,50.06,86.81,1680.6,25.71,135.11,476.9,0,NORMAL
PALA-02,88.06,3301.28,2.39,51.61,81.88,1890.8,24.93,160.41,1189.3,0,NORMAL
PALA-02,85.48,3260.55,2.3,53.21,76.8,1766.8,26.09,145.07,1717.8,0,NORMAL
PALA-03,81.97,3453.2,1.95,61.53,83.17,1554.2,27.92,155.53,2259.3,0,NORMAL
CARG-01,82.98,3478.38,3.07,57.66,82.67,1685.3,25.89,148.73,1671.0,0,NORMAL
PALA-02,83.33,3000.42,0.63,47.27,80.57,1752.1,28.43,151.87,1392.1,0,NORMAL
PALA-03,83.81,3103.01,2.79,53.72,78.01,1748.2,25.95,106.15,1325.1,0,NORMAL
PALA-03,73.78,3230.99,1.67,46.64,84.44,1781.3,24.94,149.08,380.7,0,NORMAL
PALA-02,80.64,3267.72,2.55,56.96,77.14,1700.6,25.99,155.67,1461.4,0,NORMAL
CARG-02,75.32,3209.32,2.75,50.47,77.56,1694.6,24.9,150.45,917.9,0,NORMAL
CARG-01,87.75,3328.16,1.57,50.94,83.11,1721.7,25.82,150.88,1055.3,0,NORMAL
PALA-03,81.73,3429.3,5.84,44.61,80.16,1815.3,26.71,192.19,61.4,0,NORMAL
CARG-02,81.13,3560.09,1.22,57.78,73.14,1637.9,26.03,142.1,174.6,0,NORMAL
CARG-02,86.04,3354.2,3.93,60.04,77.15,1711.4,27.28,195.43,1032.5,0,NORMAL
CARG-01,83.9,3096.58,1.94,50.54,82.62,1749.8,25.97,230.43,709.5,0,NORMAL
CARG-01,76.92,3223.47,3.31,53.19,79.92,1655.4,25.21,137.25,1975.1,0,NORMAL
PALA-03,81.68,3236.44,0.78,51.6,80.6,1775.5,26.52,173.15,1819.4,0,NORMAL
PALA-03,80.49,3342.64,2.69,52.91,82.05,1761.9,26.28,168.48,2996.7,0,NORMAL
PALA-03,74.15,3319.87,2.03,49.9,82.83,1471.7,26.38,161.83,261.7,0,NORMAL
CARG-01,78.89,3619.07,2.81,48.5,81.46,1724.1,25.38,103.41,2421.2,0,NORMAL
PALA-01,81.17,3166.93,2.8,60.84,67.69,1890.1,26.61,191.08,3187.1,0,NORMAL
CARG-02,81.48,3319.26,3.18,40.8,80.78,1899.6,27.51,146.86,2185.6,0,NORMAL
CARG-02,75.33,3673.85,3.89,56.52,78.93,1801.9,25.35,200.7,2982.7,0,NORMAL
PALA-01,87.18,3144.66,4.42,55.42,81.12,1872.4,24.87,159.46,2029.6,0,NORMAL
CARG-01,81.54,3276.13,0.91,62.27,85.27,1701.6,25.16,199.73,2732.6,0,NORMAL
PALA-01,82.17,3875.44,0.73,52.82,76.71,1788.3,26.38,340.33,280.8,1,FALLA_SOBRECARGA
PALA-02,83.8,3264.78,1.64,52.14,81.28,1739.7,25.11,186.73,623.5,0,NORMAL
CARG-01,78.45,3109.56,2.33,49.96,82.91,1800.2,26.66,181.92,360.0,0,NORMAL
PALA-01,84.05,3438.42,1.68,55.78,79.76,1941.4,26.69,155.17,3195.4,0,NORMAL
CARG-01,80.35,3276.52,3.33,50.46,75.76,1840.3,26.69,147.33,2013.4,0,NORMAL
CARG-01,77.97,3081.63,4.22,48.36,76.18,1678.9,28.47,175.74,1229.4,0,NORMAL
PALA-03,84.58,3401.3,3.09,50.31,80.86,1909.6,24.91,184.44,1886.3,0,NORMAL
PALA-01,88.71,3282.34,0.98,49.27,78.52,1749.8,25.03,159.76,81.6,0,NORMAL
PALA-02,85.26,3421.51,3.95,48.97,73.29,1798.2,27.42,187.24,2440.8,0,NORMAL
PALA-03,86.15,3043.42,1.53,54.43,77.81,1691.7,26.83,134.15,956.9,0,NORMAL
CARG-02,79.66,3316.39,0.57,53.03,75.8,1808.5,27.32,168.92,900.5,0,NORMAL
PALA-03,74.81,3389.2,1.1,56.75,83.99,1767.9,24.77,200.07,891.7,0,NORMAL
PALA-02,117.9,3173.79,3.3,54.74,96.25,1855.8,25.31,168.89,1119.7,1,FALLA_TERMICA
PALA-03,91.25,3023.38,2.84,47.99,86.68,1659.7,27.18,156.09,2340.8,0,NORMAL
PALA-03,88.94,3242.51,2.1,43.39,89.64,1834.1,26.27,191.81,2198.1,0,NORMAL
CARG-01,80.49,3471.06,1.75,48.72,78.04,1427.4,27.45,215.2,2101.6,0,NORMAL
PALA-01,76.8,3452.67,1.03,57.82,78.54,1646.1,26.07,180.87,1097.6,0,NORMAL
CARG-01,77.2,3172.88,1.62,57.71,84.78,1558.6,26.23,104.69,2635.3,0,NORMAL
PALA-03,74.42,3019.04,0.89,58.92,85.34,1760.5,28.23,133.11,3440.2,0,NORMAL
CARG-02,81.52,3172.39,2.83,58.19,79.03,1835.4,25.57,195.73,2217.7,0,NORMAL
PALA-02,89.23,3165.67,3.26,59.44,79.24,1718.9,26.99,143.39,1893.8,0,NORMAL
PALA-03,81.36,3330.36,2.91,56.03,79.27,1882.7,25.15,163.08,651.3,0,NORMAL
CARG-02,83.36,3231.1,3.41,63.01,77.59,1627.1,25.71,142.06,322.3,0,NORMAL
PALA-01,88.19,3114.41,2.27,55.47,84.65,1551.8,26.99,190.44,828.7,0,NORMAL
CARG-02,80.18,3448.77,3.33,64.0,81.62,1806.8,25.27,178.55,1727.7,0,NORMAL
PALA-03,91.16,3275.28,0.4,50.87,78.1,1860.5,27.1,137.83,1035.4,0,NORMAL
PALA-01,90.96,3328.37,1.99,50.74,81.26,1732.7,26.22,190.05,3446.9,0,NORMAL
PALA-02,81.41,2939.5,2.87,53.04,79.49,1938.7,25.62,192.01,2179.8,0,NORMAL
CARG-01,79.4,2813.63,1.51,53.81,91.01,1781.0,26.31,181.04,1213.5,0,NORMAL
PALA-01,85.14,2991.24,1.92,52.39,80.0,1767.7,25.93,168.51,2593.5,0,NORMAL
PALA-03,80.44,3163.5,1.94,56.7,83.96,1668.4,25.83,289.68,810.0,0,NORMAL
PALA-02,76.8,3353.74,2.15,53.49,82.74,1563.6,26.0,110.64,3190.4,0,NORMAL
PALA-03,87.77,2828.4,1.27,50.96,80.4,1688.0,25.29,150.06,1731.2,0,NORMAL
PALA-01,87.47,3536.71,1.95,52.02,82.76,1909.7,24.99,160.3,1816.7,0,NORMAL
CARG-02,82.7,3280.7,3.26,60.09,81.84,1742.9,24.7,204.55,829.5,0,NORMAL
CARG-02,76.32,3494.85,1.02,55.59,90.95,1673.1,26.8,150.99,107.9,0,NORMAL
CARG-02,76.47,3090.53,1.31,45.62,80.61,1611.4,26.75,200.25,3469.8,0,NORMAL
CARG-01,82.48,3340.69,2.05,61.55,70.57,1784.7,25.77,140.34,2639.5,0,NORMAL
PALA-01,79.75,3265.34,2.83,56.17,89.76,1585.0,26.3,176.59,2760.5,0,NORMAL
CARG-01,80.47,3397.18,1.02,57.2,78.96,1762.8,27.51,190.99,1189.6,0,NORMAL
PALA-01,86.6,3207.92,1.49,58.65,81.35,1664.7,25.9,139.12,2110.1,0,NORMAL
PALA-01,109.99,3335.18,4.38,58.9,104.48,1688.7,26.19,187.74,1376.3,1,FALLA_TERMICA
PALA-02,88.2,3448.4,2.18,49.4,78.6,1797.1,27.95,211.01,103.0,0,NORMAL
PALA-02,77.54,3132.79,2.74,48.65,76.53,1606.0,26.71,157.39,2802.8,0,NORMAL
CARG-01,80.46,1798.02,3.42,41.31,72.99,1720.8,27.12,126.42,77.1,1,FALLA_PRESION_HIDRAULICA
PALA-03,85.42,2910.18,2.19,50.51,78.13,1536.7,26.97,150.09,1910.1,0,NORMAL
PALA-02,84.02,3376.45,1.04,55.89,83.06,1706.4,26.8,157.81,1847.2,0,NORMAL
PALA-02,88.9,3601.84,1.84,62.16,74.41,1779.6,25.82,194.55,1275.1,0,NORMAL
CARG-02,83.89,3026.0,2.83,51.78,83.02,1815.0,25.62,129.55,107.2,0,NORMAL
PALA-02,90.32,3233.55,2.98,52.2,90.28,1856.1,26.94,183.43,2220.4,0,NORMAL
PALA-02,84.43,3408.49,1.54,58.63,82.15,1799.0,26.82,180.54,2489.3,0,NORMAL
PALA-01,86.78,3255.66,1.45,55.06,75.44,1671.2,26.59,177.61,83.3,0,NORMAL
CARG-01,80.54,3279.72,1.45,56.48,82.61,1502.8,26.63,203.22,1170.9,0,NORMAL
PALA-03,82.06,3179.62,2.99,53.6,84.83,1838.9,25.78,170.22,1895.0,0,NORMAL
PALA-01,86.1,3172.93,1.6,51.37,86.22,1657.0,25.46,141.37,3410.8,0,NORMAL
PALA-01,89.26,3234.4,0.66,52.34,81.75,1546.4,25.81,158.78,1954.4,0,NORMAL
PALA-03,85.28,3257.5,1.75,59.97,83.42,1944.6,26.2,162.47,2906.3,0,NORMAL
PALA-03,81.63,3037.34,2.8,52.52,84.4,1712.7,25.92,143.32,1564.2,0,NORMAL
PALA-02,88.2,3238.12,3.31,56.14,83.41,1778.7,27.65,109.79,159.1,0,NORMAL
CARG-02,72.14,3532.34,9.43,49.16,82.27,1747.4,27.58,164.63,3982.5,1,FALLA_DESGASTE_RODAMIENTOS
PALA-01,75.6,3174.56,2.04,64.2,78.44,1718.3,27.08,169.01,1548.6,0,NORMAL
PALA-02,85.07,3027.29,1.98,55.59,84.82,1673.6,27.38,158.7,1796.0,0,NORMAL
CARG-02,82.06,3222.75,1.85,55.7,78.86,1649.9,25.36,161.89,946.2,0,NORMAL
PALA-02,84.72,3121.37,1.84,58.63,91.41,1987.1,26.97,128.75,1562.4,0,NORMAL
PALA-03,82.29,3009.1,0.67,51.6,78.44,1545.1,26.37,76.17,1398.0,0,NORMAL
PALA-02,84.57,3275.05,2.61,59.97,84.21,1668.0,26.03,151.11,571.3,0,NORMAL
PALA-02,78.34,3122.15,3.36,46.42,75.89,1613.2,26.17,113.26,2526.1,0,NORMAL
CARG-02,84.57,3137.55,1.87,50.93,79.09,1782.1,26.18,172.82,1193.6,0,NORMAL
PALA-02,86.47,3277.62,1.18,49.99,78.64,1670.3,26.1,122.58,1134.4,0,NORMAL
CARG-02,87.49,2974.03,2.5,44.6,75.53,1660.1,25.91,158.47,313.6,0,NORMAL
PALA-01,91.06,2936.52,4.93,51.36,78.7,1797.0,25.33,149.7,3236.6,0,NORMAL
PALA-01,83.1,3370.76,2.46,53.74,82.44,1952.2,25.14,134.2,2354.8,0,NORMAL
PALA-01,83.23,2902.45,2.25,48.55,80.01,1620.4,26.72,195.09,2611.4,0,NORMAL
PALA-03,75.15,3074.2,1.23,47.83,85.77,1533.8,24.15,120.25,2467.7,0,NORMAL
PALA-02,79.61,2926.03,0.7,54.21,77.27,1727.5,27.96,77.6,599.1,0,NORMAL
CARG-02,81.13,3162.5,1.94,53.6,83.79,1820.5,25.9,117.32,495.7,0,NORMAL
PALA-02,86.73,3327.05,2.47,52.67,78.63,1694.2,24.96,213.46,3312.1,0,NORMAL
CARG-02,79.25,3270.22,3.92,47.67,85.52,1795.9,26.82,150.58,104.2,0,NORMAL
PALA-01,85.58,3680.54,2.2,52.03,84.13,1654.2,26.29,197.98,3100.7,0,NORMAL
CARG-02,108.93,3445.64,0.8,50.67,111.72,2007.0,25.64,159.47,3216.0,1,FALLA_TERMICA
CARG-01,81.2,3082.39,5.76,54.43,80.35,1793.7,25.94,202.12,4150.7,1,FALLA_DESGASTE_RODAMIENTOS
CARG-01,83.12,3034.53,2.29,51.21,86.32,1661.9,26.33,131.22,1337.4,0,NORMAL
CARG-01,80.24,4698.3,2.28,53.81,74.36,1629.8,27.27,350.26,2099.0,1,FALLA_SOBRECARGA
CARG-01,80.07,3441.26,2.95,47.45,82.79,1752.4,24.28,187.87,1923.5,0,NORMAL
PALA-03,74.33,3356.09,1.34,47.02,81.55,1800.9,26.65,115.68,3418.1,0,NORMAL
PALA-01,80.88,3263.47,3.98,56.79,84.34,1563.1,27.72,123.97,1260.6,0,NORMAL
PALA-01,79.84,3299.23,2.58,57.83,80.7,1721.3,25.75,151.23,2103.0,0,NORMAL
CARG-02,79.68,2983.23,1.32,52.04,77.06,1809.1,27.0,176.7,1859.6,0,NORMAL
PALA-03,83.88,3278.27,1.8,54.14,76.63,1760.1,26.94,132.22,638.7,0,NORMAL
CARG-01,84.96,3262.82,1.04,51.75,80.95,1794.9,27.91,199.87,3068.1,0,NORMAL
PALA-02,83.04,3087.26,2.94,59.49,79.96,1898.9,26.59,193.35,764.7,0,NORMAL
PALA-01,86.48,3153.07,3.57,52.98,84.43,1346.9,26.96,157.81,2137.8,0,NORMAL
PALA-01,84.59,3522.73,0.49,51.51,84.82,1746.2,27.25,175.63,1276.7,0,NORMAL
PALA-03,80.67,3227.47,4.64,58.83,81.19,1437.8,26.89,185.56,2972.5,0,NORMAL
PALA-02,79.92,3622.81,2.0,50.13,81.1,1714.6,25.69,189.82,2977.3,0,NORMAL
PALA-01,83.41,2936.68,2.34,54.78,85.26,1875.9,25.82,177.57,540.1,0,NORMAL
PALA-02,84.58,3156.02,2.24,48.76,80.02,1704.6,26.61,139.61,3337.1,0,NORMAL
PALA-01,88.29,2971.49,3.47,57.32,80.18,1607.9,27.09,102.34,551.5,0,NORMAL
PALA-03,87.36,3032.3,1.41,58.08,75.71,1819.1,26.67,165.57,1618.2,0,NORMAL
PALA-02,79.56,3100.92,1.81,47.56,84.51,1736.8,25.57,203.66,2459.2,0,NORMAL
CARG-01,81.54,3306.76,2.39,46.78,80.64,1742.7,26.2,206.57,1451.0,0,NORMAL
PALA-02,85.02,3298.03,11.39,55.44,85.55,1978.9,25.29,171.16,3381.2,1,FALLA_DESGASTE_RODAMIENTOS
PALA-02,86.81,3127.73,3.8,63.7,76.17,1539.2,26.87,144.04,3487.2,0,NORMAL
PALA-01,86.23,2849.0,3.19,58.42,79.03,1643.6,27.98,192.29,940.4,0,NORMAL
PALA-01,81.71,3515.98,1.89,52.94,84.78,1765.1,26.82,121.57,2679.6,0,NORMAL
PALA-02,76.36,3198.56,2.74,49.73,82.3,1866.3,24.84,138.41,2323.3,0,NORMAL
PALA-02,77.5,3049.07,2.09,47.92,76.27,1604.7,26.48,109.9,3318.0,0,NORMAL
PALA-03,115.26,3299.49,1.59,57.59,110.48,1670.7,26.39,194.92,396.3,1,FALLA_TERMICA
PALA-02,83.54,3286.8,2.22,58.61,75.78,1711.8,25.98,102.73,975.2,0,NORMAL
PALA-03,77.06,3191.92,6.42,50.84,84.31,1701.7,24.76,174.29,2693.2,0,NORMAL
CARG-02,82.2,3276.74,1.39,52.77,77.08,1803.7,26.78,241.41,2872.6,0,NORMAL
CARG-01,84.84,3042.09,1.48,54.23,85.85,1714.0,27.16,174.05,2520.2,0,NORMAL
PALA-01,76.82,3386.78,2.01,63.06,81.45,1798.0,25.69,126.08,573.8,0,NORMAL
PALA-02,86.97,3070.56,3.3,54.33,82.38,1575.7,25.69,145.37,1190.1,0,NORMAL
PALA-01,80.3,3141.0,0.79,49.1,80.68,1737.4,26.15,107.17,825.2,0,NORMAL
PALA-01,87.66,3366.78,3.02,48.22,81.35,1724.1,27.79,128.68,2689.1,0,NORMAL
CARG-02,79.6,3466.71,1.56,49.44,81.33,1821.2,26.17,134.99,3133.3,0,NORMAL
PALA-01,77.38,3535.44,2.91,60.32,83.82,2022.4,25.79,130.83,2164.2,0,NORMAL
PALA-02,79.94,3440.04,2.41,56.57,80.75,1834.8,26.08,164.79,589.1,0,NORMAL
PALA-03,81.57,3191.67,1.78,52.27,86.85,1635.6,26.86,62.67,3045.9,0,NORMAL
CARG-01,80.25,2972.61,0.98,39.37,78.06,1796.0,24.78,116.51,1553.7,0,NORMAL
PALA-03,81.03,3502.91,3.36,49.74,84.44,1714.0,26.21,180.08,652.5,0,NORMAL
PALA-01,83.5,3496.73,1.98,55.72,83.26,1679.4,26.12,233.48,2190.7,0,NORMAL
PALA-02,81.23,3129.04,1.77,55.76,85.93,1656.5,26.31,175.08,339.0,0,NORMAL
PALA-03,81.7,3415.81,1.43,55.72,81.48,1650.2,25.84,130.66,2117.3,0,NORMAL
PALA-01,74.31,3190.21,2.51,47.26,82.32,1582.7,25.34,189.74,3401.8,0,NORMAL
PALA-02,83.76,3520.23,3.32,54.89,82.27,1564.5,27.15,198.28,2097.7,0,NORMAL
PALA-01,81.6,3157.32,2.1,49.12,76.14,1798.6,24.93,133.67,3006.3,0,NORMAL
PALA-01,89.25,3606.16,1.43,54.01,82.58,1677.2,27.65,129.9,3035.0,0,NORMAL
PALA-02,77.77,3391.5,3.72,50.16,94.08,1741.8,26.68,216.45,625.7,0,NORMAL
PALA-01,73.86,3573.56,1.19,59.35,87.44,1615.6,26.94,122.2,2362.1,0,NORMAL
PALA-03,84.78,3166.52,1.92,55.69,77.88,1789.5,26.45,221.35,1892.5,0,NORMAL
PALA-03,83.56,3322.91,3.48,53.28,73.8,1635.6,27.34,179.68,208.5,0,NORMAL
CARG-01,77.46,3075.53,1.84,60.9,81.21,1559.3,26.83,204.95,689.5,0,NORMAL
PALA-01,75.12,3401.92,0.94,52.14,85.33,1908.2,27.44,195.48,636.9,0,NORMAL
PALA-01,88.92,3411.83,2.33,46.92,80.85,1744.9,27.08,196.62,2189.1,0,NORMAL
PALA-01,88.36,3681.46,3.77,59.28,88.56,1682.5,27.29,119.92,593.8,0,NORMAL
PALA-03,70.81,3336.77,1.58,55.26,77.88,1696.9,25.83,185.34,1100.1,0,NORMAL
CARG-01,79.94,3380.34,1.68,52.41,81.9,1676.9,26.1,204.43,422.8,0,NORMAL
PALA-01,89.49,3165.25,3.34,50.78,80.57,1779.2,26.41,151.6,261.3,0,NORMAL
CARG-02,79.86,3347.45,0.38,56.55,83.93,1534.3,26.4,90.42,3490.6,0,NORMAL
PALA-01,79.79,3181.62,3.82,58.07,84.2,1503.4,26.86,114.11,1416.6,0,NORMAL
PALA-03,80.73,3270.85,1.51,50.17,85.75,1733.5,25.8,104.81,1780.9,0,NORMAL
CARG-01,76.96,3281.41,0.82,56.83,80.5,1510.9,26.39,146.6,175.7,0,NORMAL
CARG-02,74.33,3186.59,1.87,55.25,86.03,1491.2,26.9,111.01,602.8,0,NORMAL
CARG-01,86.74,3261.33,2.81,49.85,82.38,1828.4,24.87,138.02,2116.2,0,NORMAL
CARG-01,73.71,3182.45,1.78,54.02,86.44,1740.0,27.25,230.86,1430.9,0,NORMAL
PALA-02,83.11,3181.65,1.1,51.27,87.0,1741.6,28.04,189.5,2162.0,0,NORMAL
CARG-01,85.99,3443.8,3.32,60.2,81.07,1585.7,25.67,181.61,1119.8,0,NORMAL
PALA-01,75.47,3281.57,1.95,50.76,78.3,1886.8,27.58,199.68,1745.9,0,NORMAL
CARG-02,77.84,3312.47,0.75,61.54,81.81,1840.7,26.58,115.01,3191.3,0,NORMAL
PALA-03,87.46,2987.69,0.8,54.66,84.96,1556.9,25.69,127.0,2178.1,0,NORMAL
CARG-01,84.4,3326.22,2.51,45.27,74.98,1706.9,27.06,163.61,2506.6,0,NORMAL
PALA-02,79.22,3345.48,0.95,43.13,79.02,1670.8,27.95,136.65,3242.2,0,NORMAL
PALA-03,87.41,3178.3,4.68,52.96,83.73,1714.6,26.08,146.99,2518.6,0,NORMAL
PALA-03,87.43,3625.31,2.19,60.67,70.65,1850.5,25.55,181.73,2283.0,0,NORMAL
CARG-01,83.21,2837.94,1.34,60.15,76.86,1674.3,24.61,193.03,2994.5,0,NORMAL
PALA-01,77.95,3391.19,1.32,54.83,78.55,1838.0,26.28,178.78,2440.3,0,NORMAL
PALA-01,80.14,3378.3,2.14,50.31,80.67,1512.3,26.53,200.22,2127.7,0,NORMAL
PALA-01,83.29,3347.48,4.15,51.91,79.71,1646.2,27.85,66.83,877.9,0,NORMAL
PALA-01,81.15,3281.72,1.49,55.04,79.79,1671.8,27.89,230.57,140.1,0,NORMAL
CARG-02,86.23,3349.12,1.82,59.44,75.68,1655.1,25.87,188.59,1501.8,0,NORMAL
PALA-01,75.12,3406.27,2.48,56.85,88.08,1722.9,27.05,147.53,2877.6,0,NORMAL
CARG-02,75.28,3119.34,1.84,58.84,78.57,1738.9,25.48,108.32,1854.6,0,NORMAL
PALA-02,82.81,3303.86,0.93,57.22,73.39,1747.7,26.46,153.85,339.4,0,NORMAL
PALA-01,79.79,3217.0,10.33,58.69,85.54,1826.4,26.3,132.11,4135.9,1,FALLA_DESGASTE_RODAMIENTOS
CARG-01,79.18,3053.12,1.48,42.69,77.9,1808.0,25.7,202.38,2136.4,0,NORMAL
PALA-03,74.04,3379.09,1.78,49.54,76.15,1539.8,26.3,183.77,868.1,0,NORMAL
PALA-02,82.09,3148.42,4.43,48.48,83.71,1738.0,27.07,137.41,340.0,0,NORMAL
PALA-03,81.76,2980.39,1.84,48.0,78.92,1646.6,27.28,110.99,1974.7,0,NORMAL
CARG-01,114.5,3152.96,0.55,54.03,100.87,1818.4,26.28,151.33,353.1,1,FALLA_TERMICA
PALA-01,82.31,3106.2,1.74,46.76,78.47,1875.5,26.33,195.13,90.9,0,NORMAL
CARG-02,81.4,3435.13,1.98,49.28,79.15,1821.0,24.93,179.11,2604.5,0,NORMAL
CARG-02,87.3,3277.57,2.79,53.51,77.03,1948.7,26.62,110.89,1631.2,0,NORMAL
PALA-03,76.09,3498.83,2.32,45.98,76.14,1810.4,26.19,141.61,193.3,0,NORMAL
PALA-01,84.41,3130.02,2.3,51.57,94.89,1839.9,26.33,194.3,2110.0,0,NORMAL
PALA-03,74.48,3407.35,2.4,57.19,77.69,1624.7,26.01,155.39,95.7,0,NORMAL
PALA-01,78.23,3761.13,2.99,47.87,75.15,1717.0,25.64,158.19,1176.2,0,NORMAL
PALA-01,76.54,3314.09,0.92,57.98,85.52,1802.8,25.7,226.14,640.8,0,NORMAL
PALA-02,85.52,3405.1,5.24,49.97,82.07,1754.6,25.86,122.63,1414.3,0,NORMAL
PALA-02,81.71,3374.83,1.69,55.36,81.07,1610.4,25.34,199.33,99.7,0,NORMAL
CARG-02,81.94,2994.03,1.15,48.47,79.05,1609.2,26.63,145.18,3401.9,0,NORMAL
CARG-01,77.02,3355.45,2.51,56.27,79.37,1502.7,26.85,147.15,561.0,0,NORMAL
CARG-01,80.65,3305.16,1.79,52.48,79.81,1764.6,26.29,166.49,3355.5,0,NORMAL
PALA-02,78.56,3203.25,3.19,56.33,85.55,1596.3,26.54,171.09,1796.3,0,NORMAL
PALA-02,83.73,3090.87,1.52,51.27,80.01,1800.6,26.22,181.41,283.2,0,NORMAL
PALA-02,77.54,3374.92,3.4,56.78,85.58,1806.9,27.31,154.44,3085.5,0,NORMAL
CARG-02,87.98,3074.97,1.16,58.23,80.79,1746.6,26.44,183.66,1478.5,0,NORMAL
PALA-01,74.46,3634.06,4.7,54.6,80.18,1767.4,26.62,164.79,556.9,0,NORMAL
CARG-02,78.37,3270.55,2.03,51.6,76.91,1842.2,27.04,140.77,983.5,0,NORMAL
PALA-03,115.43,3029.8,4.06,52.83,116.03,1858.0,26.38,116.5,1062.5,1,FALLA_TERMICA
PALA-02,80.04,3157.48,1.06,47.68,81.06,1452.3,27.51,182.17,2149.3,0,NORMAL
CARG-01,76.08,3199.94,2.92,55.01,81.0,1804.6,25.87,170.69,3403.0,0,NORMAL
PALA-02,82.99,4484.26,2.88,57.11,88.44,1778.4,27.78,291.77,691.8,1,FALLA_SOBRECARGA
CARG-02,79.86,3090.77,1.87,61.83,82.67,1755.5,26.24,110.41,784.2,0,NORMAL
CARG-02,78.24,3229.08,0.56,60.54,83.11,1776.8,25.88,139.48,3394.1,0,NORMAL
PALA-02,77.07,3153.19,2.93,49.11,81.24,1682.1,25.14,91.56,808.4,0,NORMAL
PALA-02,94.46,3339.87,1.73,55.06,77.9,1432.3,27.1,194.13,843.7,0,NORMAL
PALA-03,80.87,3156.06,3.73,53.34,85.87,1647.3,26.11,156.14,3471.0,0,NORMAL
CARG-02,73.33,3044.97,3.25,60.09,75.33,1500.6,26.51,169.22,2309.1,0,NORMAL
PALA-01,88.72,3214.85,3.72,50.45,77.09,1521.8,26.61,145.84,1110.4,0,NORMAL
PALA-03,84.75,3196.11,2.69,58.39,77.89,1848.4,26.01,221.97,885.3,0,NORMAL
PALA-03,78.55,3143.4,2.18,49.06,82.01,1654.6,27.26,184.53,1699.4,0,NORMAL
CARG-01,77.8,3153.01,4.13,53.47,80.94,1752.3,26.76,147.03,1155.6,0,NORMAL
PALA-01,85.03,3463.25,6.2,49.58,73.55,1720.5,25.72,148.01,81.5,0,NORMAL
CARG-01,80.89,3192.45,2.08,44.17,90.27,1880.7,25.32,138.13,290.9,0,NORMAL
CARG-02,73.33,3045.86,3.69,49.48,84.04,1729.0,27.02,154.81,1911.1,0,NORMAL
PALA-01,90.04,3166.82,1.44,52.71,79.04,1648.3,26.21,173.48,956.4,0,NORMAL
PALA-01,80.05,3259.78,1.13,61.13,82.73,1897.7,26.96,172.22,3300.0,0,NORMAL
CARG-02,88.73,3009.47,1.45,48.56,82.79,1660.1,26.2,150.56,2448.6,0,NORMAL
PALA-01,87.75,3542.68,1.39,50.97,79.68,1770.1,26.57,210.76,3423.4,0,NORMAL
CARG-02,77.5,3406.16,2.98,46.8,82.58,1779.7,27.04,89.66,2827.6,0,NORMAL
PALA-02,86.65,3507.43,1.6,59.78,82.62,1571.0,25.2,139.47,1131.8,0,NORMAL
PALA-01,79.07,3320.58,1.18,51.7,85.37,1830.5,27.75,184.11,2618.7,0,NORMAL
CARG-02,73.6,2873.13,1.19,52.31,81.28,1882.5,26.7,209.27,1653.1,0,NORMAL
PALA-02,80.09,3526.36,2.66,52.26,82.29,1584.0,24.76,166.88,1822.0,0,NORMAL
PALA-03,83.79,3094.56,2.97,44.25,80.16,1723.5,27.48,212.4,1877.7,0,NORMAL
PALA-02,79.92,3109.21,2.76,46.67,79.27,1880.8,27.19,219.9,2410.9,0,NORMAL
PALA-03,80.62,3278.14,2.91,49.24,77.92,1525.0,26.25,147.52,1296.1,0,NORMAL
PALA-01,87.15,3498.08,1.73,57.08,77.78,1795.4,27.52,130.49,2755.4,0,NORMAL
PALA-02,82.48,3439.59,5.15,41.5,79.14,1570.1,25.89,129.78,649.2,0,NORMAL
CARG-02,78.21,3413.13,1.75,56.71,80.06,1681.7,26.3,110.07,1283.0,0,NORMAL
PALA-02,85.16,3193.87,1.55,55.72,85.02,1694.7,28.28,117.0,2382.0,0,NORMAL
PALA-03,82.89,3191.03,2.94,44.93,79.48,1578.6,26.82,126.84,2968.0,0,NORMAL
PALA-02,70.65,3312.27,1.72,52.42,79.67,1610.7,27.27,119.18,3003.9,0,NORMAL
CARG-01,83.93,3226.59,1.54,59.82,79.83,1711.3,27.05,195.89,1210.2,0,NORMAL
PALA-01,83.76,3410.08,1.79,48.65,80.81,1885.2,25.29,144.38,1503.6,0,NORMAL
CARG-02,82.09,3399.42,2.28,51.24,87.79,1777.7,26.64,111.41,954.3,0,NORMAL
PALA-02,86.01,3356.44,3.4,67.81,79.48,1523.3,26.57,146.4,2190.8,0,NORMAL
PALA-01,78.97,2795.33,0.78,55.63,83.24,1775.9,27.35,168.76,1340.9,0,NORMAL
PALA-01,83.51,3273.04,3.41,52.71,82.4,1724.9,27.6,150.86,3249.8,0,NORMAL
PALA-01,74.95,3230.41,0.92,51.61,81.25,1644.0,27.43,152.4,1259.1,0,NORMAL
PALA-03,83.83,3280.24,0.99,55.87,77.17,1667.5,26.02,96.0,2386.3,0,NORMAL
PALA-02,90.79,3114.22,2.34,57.42,83.09,1779.7,25.25,191.85,2349.4,0,NORMAL
CARG-01,77.52,3011.54,0.82,43.22,73.3,1531.4,26.8,147.69,1754.3,0,NORMAL
PALA-02,78.58,3333.36,1.52,42.83,76.92,1642.4,26.33,114.48,123.0,0,NORMAL
PALA-01,78.8,3185.87,3.22,49.01,78.83,1582.5,25.56,156.26,1060.8,0,NORMAL
PALA-03,82.58,3353.44,2.94,53.23,80.1,1624.1,25.84,142.64,2488.1,0,NORMAL
CARG-01,77.22,3129.24,3.4,54.38,81.34,1759.5,26.35,164.29,1466.5,0,NORMAL
PALA-01,83.9,3504.86,1.46,45.48,86.56,1725.9,26.61,249.45,289.7,0,NORMAL
PALA-01,85.81,3430.19,1.76,52.98,83.52,1800.5,25.96,133.82,3147.7,0,NORMAL
PALA-01,84.4,3303.43,0.94,53.64,81.68,1449.6,26.39,186.09,2070.1,0,NORMAL
CARG-01,74.04,3211.61,1.79,49.75,79.66,1687.6,26.34,148.52,335.0,0,NORMAL
PALA-03,86.48,3403.43,0.97,51.33,79.7,1707.2,26.62,146.36,209.6,0,NORMAL
PALA-02,86.22,3320.66,6.32,50.37,76.46,1523.4,25.62,203.95,379.7,0,NORMAL
CARG-01,85.74,3292.95,2.55,56.32,72.57,1637.4,25.84,166.36,3496.3,0,NORMAL
CARG-01,83.68,3437.72,2.27,54.03,75.9,1717.4,27.48,216.43,1023.5,0,NORMAL
PALA-03,82.99,3506.78,1.41,48.29,85.68,1758.5,26.19,158.2,2474.7,0,NORMAL
CARG-02,86.65,3024.57,1.35,58.78,78.15,1761.7,26.78,207.8,627.1,0,NORMAL
PALA-01,90.66,3060.93,1.63,47.16,78.9,1483.5,25.43,148.29,948.3,0,NORMAL
PALA-01,108.21,3109.55,2.41,45.44,106.66,1644.4,27.35,136.02,74.6,1,FALLA_TERMICA
PALA-02,86.85,2979.56,1.14,52.77,70.43,1536.4,27.32,175.32,3004.3,0,NORMAL
PALA-01,81.61,3238.71,0.95,52.75,78.66,1719.3,26.64,164.14,3471.5,0,NORMAL
PALA-03,81.42,3358.02,0.37,54.36,76.61,1668.3,25.91,113.18,1353.5,0,NORMAL
CARG-02,75.09,3246.14,2.58,48.09,82.17,1645.0,25.25,166.97,783.8,0,NORMAL
PALA-01,115.02,3153.86,1.9,58.47,102.46,2100.1,28.22,133.34,613.3,1,FALLA_TERMICA
PALA-01,77.51,3452.76,1.62,62.57,83.29,1593.8,26.08,188.59,950.7,0,NORMAL
PALA-02,79.91,3275.3,1.13,53.89,87.03,1718.0,25.25,136.77,1372.3,0,NORMAL
CARG-02,77.06,3311.74,1.63,55.58,83.22,1777.4,25.92,147.26,2542.5,0,NORMAL
PALA-02,79.98,3457.76,3.77,43.42,82.0,1762.9,26.72,124.13,2499.5,0,NORMAL
PALA-03,80.17,3227.82,1.31,51.83,90.73,1789.4,25.4,195.16,1822.7,0,NORMAL
PALA-01,82.44,3620.84,2.73,50.52,72.49,1762.6,25.93,174.97,1414.4,0,NORMAL
PALA-01,74.73,3169.39,2.93,49.71,89.8,1680.4,25.25,239.67,1811.2,0,NORMAL
CARG-02,75.5,3609.63,1.08,50.71,87.97,1721.3,27.55,204.11,1992.9,0,NORMAL
CARG-02,83.63,3074.55,1.19,51.21,80.41,1641.3,26.33,144.55,2170.9,0,NORMAL
PALA-01,78.41,3343.15,1.96,46.73,78.17,1631.0,25.24,105.72,2298.4,0,NORMAL
CARG-02,86.84,3134.34,5.02,51.56,78.37,1561.8,25.68,138.04,2276.5,0,NORMAL
PALA-03,83.01,3451.52,3.23,48.79,79.85,1814.5,25.88,154.49,775.6,0,NORMAL
CARG-02,84.73,3163.92,1.96,57.94,85.79,1852.5,26.42,96.92,1710.7,0,NORMAL
PALA-02,88.35,3302.36,3.29,55.65,71.13,1649.5,25.67,130.27,1208.2,0,NORMAL
PALA-03,80.61,3132.9,0.54,55.66,89.04,1710.7,26.11,195.56,2103.2,0,NORMAL
PALA-02,79.41,3418.7,1.87,58.88,81.0,1912.0,25.89,129.94,1769.3,0,NORMAL
PALA-03,85.92,3131.96,0.52,49.87,85.71,1854.6,25.25,129.41,740.5,0,NORMAL
PALA-01,84.29,3553.01,2.19,55.35,76.08,1826.9,25.67,178.14,2395.9,0,NORMAL
PALA-01,81.16,3070.72,2.86,59.35,83.89,1752.3,25.78,141.04,117.0,0,NORMAL
PALA-02,88.26,3007.79,1.51,49.52,82.55,1644.7,25.42,160.42,1131.4,0,NORMAL
CARG-01,81.04,3421.28,1.47,43.85,83.26,1658.2,25.25,173.73,2757.0,0,NORMAL
PALA-01,82.15,3143.5,1.98,50.55,78.23,1748.2,25.92,138.35,2695.5,0,NORMAL
PALA-03,82.1,3248.7,1.58,58.78,79.47,1772.6,27.09,187.01,3326.2,0,NORMAL
CARG-02,77.79,3192.0,1.71,49.23,76.06,1603.7,26.28,184.18,2074.8,0,NORMAL
PALA-01,82.35,3013.73,3.46,51.67,84.06,1869.5,23.85,171.38,1703.6,0,NORMAL
PALA-03,88.29,3236.14,2.94,50.1,86.37,1888.9,27.21,212.9,2350.6,0,NORMAL
PALA-02,84.0,3477.68,2.43,53.05,82.13,1815.3,25.85,190.77,2965.2,0,NORMAL
CARG-02,82.14,3430.56,0.84,48.76,70.28,1900.4,27.55,150.47,2118.8,0,NORMAL
PALA-01,81.27,3291.72,2.65,46.58,86.43,1796.6,27.05,133.32,2617.1,0,NORMAL
PALA-03,83.49,3450.21,1.94,51.8,81.48,1752.9,26.15,165.42,1131.8,0,NORMAL
CARG-01,85.37,3059.29,0.24,52.65,70.38,1726.1,26.24,157.58,1178.1,0,NORMAL
CARG-02,84.74,3191.42,1.59,59.58,74.19,1682.0,25.49,157.94,293.5,0,NORMAL
PALA-03,80.51,3321.24,1.72,54.33,76.79,1719.4,26.92,140.42,979.3,0,NORMAL
PALA-02,83.46,3226.53,3.81,48.14,81.0,1595.1,27.69,161.44,1744.3,0,NORMAL
PALA-03,84.16,3205.57,3.18,50.34,76.91,1710.0,25.82,214.68,2341.0,0,NORMAL
CARG-02,77.47,1599.11,1.7,31.19,77.44,1579.8,25.92,184.11,1939.1,1,FALLA_PRESION_HIDRAULICA
PALA-03,82.76,2875.36,4.24,51.88,84.66,1623.9,27.98,164.8,2532.4,0,NORMAL
PALA-01,72.27,3397.22,3.06,48.53,85.75,1867.4,26.47,203.33,1615.4,0,NORMAL
CARG-02,84.17,3293.78,1.34,54.41,84.8,1861.9,25.18,185.45,1819.9,0,NORMAL
PALA-03,84.97,3412.36,1.32,50.05,74.46,1619.5,25.31,148.55,1663.2,0,NORMAL
PALA-03,85.36,3171.3,2.17,56.39,84.77,1824.4,27.76,158.14,2125.5,0,NORMAL
PALA-01,80.22,3121.7,1.18,55.81,79.08,1649.4,26.78,191.53,1219.9,0,NORMAL
PALA-03,83.39,3251.18,4.49,48.26,88.85,1640.3,25.56,168.38,2165.9,0,NORMAL
PALA-02,88.41,3403.76,2.2,62.92,82.04,1887.1,26.67,174.92,1452.9,0,NORMAL
PALA-03,88.36,3208.34,1.22,53.39,85.87,1588.7,25.73,116.13,2117.1,0,NORMAL
PALA-01,81.87,3394.32,3.95,40.68,83.22,1505.5,24.86,141.58,1232.3,0,NORMAL
PALA-03,82.63,3068.86,0.51,55.9,82.73,1640.1,26.12,157.99,611.4,0,NORMAL
CARG-02,87.0,3220.94,2.21,41.01,79.53,1647.8,26.39,199.61,722.5,0,NORMAL
PALA-01,75.25,3237.38,1.9,59.2,85.83,1675.2,25.15,226.18,549.4,0,NORMAL
CARG-02,80.55,3470.75,0.94,54.29,84.72,1513.5,25.39,128.48,597.9,0,NORMAL
PALA-02,88.01,3287.37,4.12,53.27,79.68,1762.2,25.6,138.26,2187.4,0,NORMAL
CARG-02,86.39,3564.29,1.54,53.58,79.24,1947.6,26.24,175.65,3080.8,0,NORMAL
CARG-01,83.66,3007.42,1.44,56.51,78.15,1756.2,26.5,234.44,3091.8,0,NORMAL
PALA-03,75.22,3273.39,2.96,51.17,84.27,1693.4,25.25,125.13,2564.6,0,NORMAL
CARG-01,81.78,3282.29,2.17,53.53,81.95,1800.2,25.93,91.3,1925.4,0,NORMAL
CARG-02,79.35,3361.62,6.28,54.17,82.15,1729.0,26.02,165.74,2968.6,1,FALLA_DESGASTE_RODAMIENTOS
PALA-02,83.49,3103.6,1.53,39.17,79.56,1726.9,25.01,112.78,488.2,0,NORMAL
PALA-02,78.36,3553.2,3.85,56.55,86.83,1710.1,26.58,179.86,735.9,0,NORMAL
PALA-03,77.38,3252.33,1.78,57.39,75.04,1746.1,26.88,187.34,3296.1,0,NORMAL
CARG-01,72.71,3054.33,4.96,55.84,84.13,1670.7,26.65,152.29,1156.0,0,NORMAL
CARG-01,87.5,3247.12,1.17,55.48,84.93,1524.6,25.34,144.26,2081.4,0,NORMAL
CARG-01,80.2,3193.63,1.66,61.56,79.73,1941.8,26.88,135.07,2178.2,0,NORMAL
PALA-02,82.71,3750.98,1.37,53.35,75.2,1783.6,26.32,162.27,799.9,0,NORMAL
CARG-01,81.99,3438.99,2.84,53.53,82.53,1635.8,27.19,113.86,2669.3,0,NORMAL
PALA-01,77.2,3258.94,5.08,50.31,85.79,1762.1,26.78,143.88,382.1,0,NORMAL
PALA-03,76.33,3229.85,2.09,44.01,88.09,1584.4,26.65,134.44,977.7,0,NORMAL
PALA-01,77.48,3421.19,2.28,55.86,83.63,1765.7,26.17,169.67,1972.6,0,NORMAL
PALA-02,78.75,3429.8,1.62,50.85,78.55,1809.1,27.16,172.2,1726.2,0,NORMAL
PALA-02,83.65,2725.92,0.89,43.95,83.77,1844.0,25.49,209.34,2578.9,0,NORMAL
PALA-02,78.42,3365.74,1.79,53.2,83.0,1788.3,25.39,125.71,3357.3,0,NORMAL
PALA-03,89.86,3255.03,2.53,53.06,82.29,1697.2,20.07,147.9,902.1,1,FALLA_ELECTRICA
PALA-02,86.62,3013.99,1.49,52.42,77.46,1842.9,24.85,192.74,171.6,0,NORMAL
PALA-02,85.64,3408.44,0.95,54.25,83.39,1653.8,25.45,176.58,1188.6,0,NORMAL
PALA-01,81.46,3654.31,0.4,45.77,82.88,1755.8,27.04,136.88,2891.8,0,NORMAL
PALA-02,88.81,3350.22,4.23,58.54,90.71,1632.5,25.1,113.7,2594.5,0,NORMAL
PALA-01,81.02,3448.08,1.6,55.74,81.35,1747.6,26.99,224.76,1820.9,0,NORMAL
PALA-01,81.86,3574.74,2.47,59.79,87.78,1899.3,27.38,104.26,1607.6,0,NORMAL
PALA-03,82.76,3100.55,3.36,50.8,86.57,1812.7,27.48,116.32,1360.8,0,NORMAL
PALA-03,85.16,2915.64,3.71,55.73,81.2,1830.6,26.45,166.55,784.6,0,NORMAL
PALA-03,84.87,3368.24,1.47,44.23,85.95,1853.6,25.46,193.63,1226.6,0,NORMAL
PALA-02,79.86,3205.43,2.42,49.41,77.87,1711.6,25.67,129.31,715.8,0,NORMAL
PALA-02,79.6,3002.65,2.56,46.71,80.23,1615.2,27.41,183.88,275.5,0,NORMAL
CARG-02,84.88,3235.93,3.12,54.87,78.86,1497.6,24.91,124.67,3113.5,0,NORMAL
PALA-03,85.22,3380.96,2.54,48.05,80.37,1589.9,27.06,188.04,890.3,0,NORMAL
PALA-02,80.23,3223.19,2.28,51.39,72.98,1734.0,25.11,188.46,384.7,0,NORMAL
PALA-01,74.86,3108.37,1.18,53.56,88.2,1476.1,26.32,129.28,1778.2,0,NORMAL
PALA-02,81.07,3209.77,2.8,51.54,79.78,1741.2,25.9,190.73,913.9,0,NORMAL
PALA-02,84.81,3246.49,1.98,46.99,84.15,1779.3,26.05,125.67,1442.6,0,NORMAL
PALA-02,90.12,2902.69,3.97,61.81,81.98,1532.3,27.47,73.18,3373.8,0,NORMAL
PALA-03,76.61,3224.3,2.81,54.15,79.91,1825.5,25.97,154.85,695.6,0,NORMAL
PALA-03,80.08,3008.02,0.64,61.85,75.89,1669.4,27.23,173.5,1114.0,0,NORMAL
PALA-03,80.25,3368.62,1.13,48.42,77.34,1523.8,25.82,186.56,1821.9,0,NORMAL
CARG-01,88.1,2969.01,10.77,51.7,80.06,1516.9,26.61,197.57,3796.9,1,FALLA_DESGASTE_RODAMIENTOS
CARG-01,81.84,3432.28,1.95,54.01,79.1,1713.3,26.3,123.6,390.5,0,NORMAL
CARG-01,77.92,3176.35,5.39,61.24,77.1,1730.2,25.3,159.61,2619.7,0,NORMAL
CARG-02,84.51,3152.26,2.98,61.82,78.25,1718.2,25.32,144.55,1672.9,0,NORMAL
PALA-01,80.18,3303.0,1.37,51.4,82.84,1844.4,26.19,159.56,943.0,0,NORMAL
PALA-01,76.49,3094.11,3.02,49.93,84.51,1727.4,26.09,240.53,2706.7,0,NORMAL
PALA-01,77.98,3300.17,2.23,53.55,76.33,1650.4,26.94,153.3,1369.3,0,NORMAL
PALA-03,89.8,3118.22,3.04,59.58,77.48,1681.5,24.92,125.69,1148.2,0,NORMAL
CARG-02,83.73,3149.79,1.7,54.25,81.86,1849.8,25.74,151.05,2647.9,0,NORMAL
PALA-01,82.48,3322.96,5.64,55.17,80.35,1585.5,26.74,189.59,431.8,0,NORMAL
CARG-02,80.88,3045.06,4.22,59.53,79.54,1739.1,26.2,176.97,3185.1,0,NORMAL
PALA-01,83.31,3022.42,2.76,58.72,84.69,1744.6,25.24,196.41,212.0,0,NORMAL
CARG-02,83.26,3294.68,1.6,58.92,81.74,1842.7,26.69,224.69,532.7,0,NORMAL
PALA-02,83.31,3245.16,3.03,57.11,74.51,1733.4,27.08,223.2,850.7,0,NORMAL
PALA-01,82.52,3280.36,0.89,60.76,77.8,1605.2,25.6,131.91,2380.3,0,NORMAL
PALA-02,85.91,3308.98,4.38,47.92,74.36,1743.1,27.17,186.23,2420.3,0,NORMAL
PALA-02,82.1,3260.33,3.9,65.25,80.28,1806.3,25.92,98.79,3483.5,0,NORMAL
PALA-02,77.6,3359.46,2.6,59.3,75.69,1736.8,26.11,198.21,1937.0,0,NORMAL
PALA-02,79.24,3267.54,1.2,53.2,73.96,1851.6,25.97,105.81,2908.0,0,NORMAL
CARG-01,73.09,2888.69,1.7,59.55,72.78,1563.2,27.21,105.97,1608.6,0,NORMAL
PALA-03,91.12,2935.38,0.53,52.26,88.94,1701.1,26.27,153.36,2266.1,0,NORMAL
PALA-02,85.88,3597.03,0.55,56.37,75.54,1720.7,27.02,192.59,260.1,0,NORMAL
PALA-03,78.26,3250.01,1.82,56.96,79.74,1812.7,26.01,127.13,2885.9,0,NORMAL
CARG-01,80.73,3421.04,1.14,58.31,81.24,1827.9,26.69,141.47,2297.2,0,NORMAL
PALA-02,79.13,3187.77,0.66,51.7,81.48,1722.9,25.53,130.78,2219.5,0,NORMAL
PALA-02,88.94,3239.56,1.59,58.42,83.48,1676.7,27.2,165.17,810.2,0,NORMAL
PALA-01,75.61,3168.39,1.67,51.79,80.8,1742.6,26.15,192.26,1446.3,0,NORMAL
PALA-01,82.52,4804.36,0.98,57.65,79.19,1583.1,27.4,340.62,840.6,1,FALLA_SOBRECARGA
PALA-03,81.51,3295.58,2.37,53.91,81.88,1661.3,26.36,138.28,2480.1,0,NORMAL
PALA-01,85.72,3153.73,3.28,44.88,81.84,1788.4,26.48,213.69,3484.4,0,NORMAL
PALA-03,81.53,4029.49,2.44,50.32,81.2,1762.4,28.23,349.5,716.2,1,FALLA_SOBRECARGA
CARG-01,74.09,3605.27,1.95,58.24,83.56,1640.5,27.0,132.59,477.6,0,NORMAL
PALA-01,80.87,3220.61,2.04,52.48,78.5,1626.2,26.56,128.73,1214.1,0,NORMAL
PALA-03,77.63,3383.96,1.75,60.07,80.2,1624.1,25.42,145.79,1792.2,0,NORMAL
PALA-02,82.36,3404.08,1.58,47.93,75.7,1632.3,25.8,194.31,2473.0,0,NORMAL
CARG-02,88.45,3166.69,2.41,57.48,80.02,1737.7,27.03,69.31,1761.7,0,NORMAL
PALA-02,74.17,3371.04,2.48,53.76,78.45,1864.1,26.13,205.83,3449.8,0,NORMAL
CARG-01,78.4,3141.26,2.05,52.77,85.22,1878.6,26.23,147.47,2605.1,0,NORMAL
PALA-03,79.51,3071.72,1.62,48.11,75.15,1609.4,25.53,117.15,694.3,0,NORMAL
PALA-01,80.28,3459.6,1.19,55.05,79.1,1759.6,26.72,164.96,1063.4,0,NORMAL
PALA-03,85.33,3221.53,0.79,48.96,78.9,1753.8,26.48,169.84,2820.3,0,NORMAL
CARG-02,81.22,3343.33,1.19,50.82,83.68,1745.4,26.97,190.48,3079.8,0,NORMAL
PALA-03,83.87,3323.97,1.61,53.3,75.89,1602.8,27.39,200.13,1882.5,0,NORMAL
CARG-01,79.18,3364.83,1.69,52.17,81.01,1630.9,26.76,172.11,1604.5,0,NORMAL
CARG-02,83.03,2969.82,6.26,59.14,81.31,1761.4,25.46,177.7,576.8,0,NORMAL
PALA-01,85.5,3144.65,3.11,41.05,84.69,1673.8,25.19,162.25,899.7,0,NORMAL
PALA-01,78.7,3191.59,2.42,53.11,77.58,1730.9,26.98,183.28,2478.1,0,NORMAL
PALA-03,85.52,3100.33,2.76,52.19,75.77,1598.4,26.5,138.64,219.1,0,NORMAL
PALA-02,82.24,3327.22,5.57,53.96,82.9,1661.2,27.8,146.28,2138.7,0,NORMAL
CARG-01,86.7,3463.64,1.39,51.28,75.42,1559.9,26.42,105.15,831.7,0,NORMAL
CARG-02,81.09,3492.13,4.48,59.12,78.91,1751.7,25.02,217.79,815.9,0,NORMAL
PALA-02,83.72,3188.94,0.41,52.71,80.05,1678.2,25.39,137.9,1502.5,0,NORMAL
PALA-01,81.82,3302.55,1.81,54.66,83.46,1751.9,25.8,197.64,1610.6,0,NORMAL
CARG-01,81.57,3330.22,1.1,58.46,74.83,1676.0,27.79,204.06,2289.3,0,NORMAL
PALA-02,83.17,3361.83,0.75,54.26,79.82,1748.3,27.34,105.9,566.3,0,NORMAL
CARG-01,84.42,3091.94,3.9,47.65,81.1,1936.6,25.97,164.78,1236.0,0,NORMAL
PALA-02,76.38,3577.7,1.79,51.87,77.56,1657.1,26.25,182.98,607.2,0,NORMAL
PALA-03,88.45,3416.77,1.63,53.38,79.57,1779.0,25.31,140.7,1879.6,0,NORMAL
PALA-01,73.63,1940.8,1.81,15.51,84.56,1640.9,25.28,112.14,713.5,1,FALLA_PRESION_HIDRAULICA
PALA-03,78.92,3466.62,2.17,50.44,78.97,1704.2,27.3,211.92,3085.9,0,NORMAL
PALA-02,81.58,3346.14,7.27,53.66,79.54,1776.8,27.15,182.69,4188.3,1,FALLA_DESGASTE_RODAMIENTOS
PALA-03,83.86,3065.08,0.75,64.06,84.54,1754.0,26.18,161.45,2006.5,0,NORMAL
PALA-01,89.09,3224.98,1.96,55.86,80.13,1802.9,27.87,123.39,2489.6,0,NORMAL
CARG-01,73.64,2952.81,2.18,54.79,86.35,1834.8,26.75,124.48,3144.8,0,NORMAL
CARG-02,79.72,3324.71,4.05,62.45,74.45,1799.8,26.57,165.86,898.1,0,NORMAL
PALA-01,72.43,3219.54,1.92,56.94,79.91,1830.4,26.57,143.72,2389.0,0,NORMAL
PALA-01,82.14,3242.71,2.11,57.64,84.11,1745.6,25.55,167.67,2498.4,0,NORMAL
PALA-01,83.22,3466.72,1.14,51.97,78.12,1632.6,27.16,173.05,2034.4,0,NORMAL
PALA-03,89.16,3167.74,1.14,47.67,80.06,1816.1,27.16,144.21,2986.7,0,NORMAL
PALA-03,82.54,3204.62,2.43,55.31,86.05,1674.2,26.59,219.27,1627.3,0,NORMAL
PALA-03,86.7,3253.96,2.92,63.11,77.9,1803.3,25.51,133.57,2515.6,0,NORMAL
PALA-01,84.63,2918.8,3.4,61.57,82.93,1569.4,27.27,126.79,685.1,0,NORMAL
PALA-02,80.04,3202.11,2.36,57.29,83.99,1677.3,24.96,174.69,3396.2,0,NORMAL
PALA-03,75.66,2802.56,1.27,50.57,81.31,1637.1,25.78,176.86,2172.3,0,NORMAL
PALA-02,83.24,3144.61,0.8,46.25,81.16,1767.1,26.86,124.95,2585.0,0,NORMAL
CARG-02,75.29,3403.93,1.09,49.89,76.9,1650.7,26.07,147.99,1088.0,0,NORMAL
PALA-01,87.83,3330.51,2.35,55.09,83.92,1718.2,25.61,106.09,1516.0,0,NORMAL
PALA-03,81.27,3142.93,0.86,51.64,75.98,1702.6,27.51,140.22,660.4,0,NORMAL
PALA-02,87.38,3257.34,1.11,59.01,82.56,1843.2,27.31,188.1,3330.3,0,NORMAL
PALA-02,79.84,3056.5,1.36,46.55,78.93,1776.5,27.25,114.71,3174.8,0,NORMAL
CARG-01,83.21,3249.58,2.64,53.36,79.42,1754.8,26.67,121.8,572.4,0,NORMAL
PALA-03,82.94,3777.46,12.39,50.17,80.19,1722.4,26.43,130.99,2938.5,1,FALLA_DESGASTE_RODAMIENTOS
CARG-02,81.8,3582.24,2.07,58.96,83.0,1627.9,27.79,199.93,1885.4,0,NORMAL
PALA-01,80.05,3259.47,2.28,56.71,87.25,1614.8,27.55,194.98,461.5,0,NORMAL
PALA-01,83.77,3278.83,1.95,49.84,81.45,1753.3,26.33,86.59,2066.5,0,NORMAL
CARG-01,77.83,3073.68,1.82,58.27,78.12,1550.3,28.57,97.46,966.6,0,NORMAL
PALA-03,76.56,3105.68,2.52,45.89,75.24,1715.5,26.3,163.09,2261.8,0,NORMAL
PALA-02,87.59,4212.8,1.82,45.07,85.64,1732.9,26.71,294.35,321.3,1,FALLA_SOBRECARGA
PALA-01,85.27,3155.52,4.34,49.57,81.7,1550.7,27.51,202.25,613.3,0,NORMAL
PALA-01,82.3,3412.75,2.21,44.09,80.07,1713.3,26.7,83.02,1870.1,0,NORMAL
CARG-02,89.49,3532.54,2.33,53.44,81.23,1720.8,26.19,133.68,2447.8,0,NORMAL
PALA-01,80.8,3309.87,1.98,53.6,84.07,1969.4,26.71,167.28,2064.0,0,NORMAL
PALA-02,87.95,3268.31,3.01,51.97,79.36,1721.1,26.4,211.57,1129.3,0,NORMAL
PALA-01,82.79,2947.46,1.34,56.69,78.34,1825.0,24.7,159.85,2058.4,0,NORMAL
PALA-02,77.39,3384.57,1.14,50.38,75.76,1773.6,27.2,171.08,996.3,0,NORMAL
PALA-01,90.32,3044.14,2.8,47.51,76.68,1751.0,25.9,166.21,3358.6,0,NORMAL
PALA-03,86.46,3174.76,2.2,50.01,79.62,1819.6,25.48,192.92,605.7,0,NORMAL
PALA-01,81.46,3422.72,2.82,47.9,85.3,1546.8,27.36,170.77,2155.5,0,NORMAL
CARG-01,85.27,3435.36,1.68,50.94,78.97,1709.4,26.7,185.82,1637.4,0,NORMAL
PALA-01,80.18,3166.03,2.13,56.98,82.04,1753.8,26.94,186.51,1238.5,0,NORMAL
PALA-03,85.73,3176.4,1.57,45.22,85.5,1604.5,26.3,198.14,1757.5,0,NORMAL
CARG-02,71.24,3124.12,1.93,52.3,82.53,1714.4,26.58,83.93,461.5,0,NORMAL
PALA-03,77.41,3034.39,0.81,58.79,88.89,1731.3,26.16,106.76,1532.2,0,NORMAL
PALA-03,86.41,3135.74,0.53,59.36,81.27,1699.8,25.71,183.68,3151.5,0,NORMAL
PALA-02,80.88,2959.64,0.89,50.59,80.37,1613.5,26.95,228.73,577.3,0,NORMAL
PALA-02,82.93,3372.95,2.97,65.07,79.47,1629.5,26.59,171.38,1985.8,0,NORMAL
PALA-03,75.94,3321.01,2.92,48.74,88.97,1681.5,27.78,150.98,2744.2,0,NORMAL
CARG-02,90.32,3350.9,4.43,52.86,85.88,1766.2,24.61,194.49,2877.8,0,NORMAL
PALA-03,87.36,3078.21,2.85,48.15,75.16,1731.4,27.34,206.25,647.2,0,NORMAL
PALA-03,81.1,3034.89,1.62,56.17,89.44,1743.9,26.09,183.57,2602.3,0,NORMAL
CARG-01,80.18,3259.63,1.96,68.01,82.99,1692.3,26.01,158.75,2678.9,0,NORMAL
PALA-02,86.63,3261.54,0.52,63.22,81.52,1619.2,26.87,161.73,1936.3,0,NORMAL
PALA-01,90.92,3223.49,1.64,58.23,83.07,1683.2,25.69,169.21,1510.5,0,NORMAL
PALA-03,86.29,3197.89,2.13,50.96,77.16,1620.1,26.04,206.39,262.5,0,NORMAL
CARG-02,91.77,3557.94,3.26,53.16,81.79,1356.6,26.88,174.73,79.0,0,NORMAL
PALA-01,77.85,3326.68,2.04,59.58,79.77,1718.4,25.97,175.19,2060.5,0,NORMAL
PALA-03,78.31,3604.72,1.04,57.75,79.56,1688.8,25.84,193.45,1296.3,0,NORMAL
PALA-01,103.72,3478.41,3.16,54.41,106.98,1868.4,25.83,158.27,1017.0,1,FALLA_TERMICA
PALA-03,83.99,3556.59,1.53,54.71,79.94,1802.7,26.68,169.02,444.3,0,NORMAL
PALA-01,82.79,3056.6,1.27,59.28,81.4,1777.1,25.44,228.76,3268.2,0,NORMAL
PALA-02,81.32,3356.77,1.9,60.52,82.31,1600.1,27.0,137.75,679.7,0,NORMAL
CARG-01,85.64,3172.28,1.52,46.5,84.77,1842.4,28.09,140.04,2332.7,0,NORMAL
PALA-02,87.55,2950.59,2.13,55.14,86.07,1736.9,26.4,129.93,184.1,0,NORMAL
PALA-03,75.13,3519.28,2.74,56.89,81.06,1677.1,26.75,171.05,2319.1,0,NORMAL
CARG-01,79.31,3197.14,1.64,51.34,79.49,1626.1,26.61,173.14,2304.2,0,NORMAL
CARG-02,85.69,3060.08,1.66,60.4,88.62,1641.4,25.65,92.91,3176.2,0,NORMAL
PALA-01,79.9,2072.06,2.74,33.89,70.68,1689.2,26.65,193.75,2093.5,1,FALLA_PRESION_HIDRAULICA
PALA-02,78.41,3106.68,2.75,60.53,84.47,1596.8,26.58,122.13,137.4,0,NORMAL
PALA-01,86.58,3125.13,2.23,52.16,80.42,1724.6,27.82,175.76,3357.3,0,NORMAL
CARG-02,76.2,3210.11,1.85,55.3,83.28,1700.2,26.6,164.45,389.8,0,NORMAL
CARG-02,80.64,3561.55,3.55,55.19,81.16,1802.4,27.39,60.83,876.6,0,NORMAL
PALA-03,83.48,1556.25,1.36,38.3,86.13,1702.1,26.74,77.15,2614.7,1,FALLA_PRESION_HIDRAULICA
CARG-01,79.42,3548.67,2.76,57.7,82.68,1501.5,25.99,120.74,2473.1,0,NORMAL
PALA-03,85.52,3402.79,1.33,51.71,75.32,1682.9,25.45,201.23,2540.0,0,NORMAL
PALA-03,79.44,3321.33,2.1,52.64,75.14,1584.5,26.65,94.42,1497.6,0,NORMAL
PALA-01,88.34,3384.66,0.96,52.62,80.14,1648.4,27.01,198.92,1366.3,0,NORMAL
CARG-01,81.43,3252.46,2.13,54.09,83.43,1606.7,26.33,98.18,2080.8,0,NORMAL
PALA-01,85.02,3481.49,3.65,49.28,86.23,1970.8,25.89,83.5,990.2,0,NORMAL
CARG-01,85.36,3352.06,3.07,53.59,78.32,1679.2,27.53,170.38,732.2,0,NORMAL
CARG-01,79.18,2950.36,0.63,60.84,72.15,1806.1,26.05,158.78,598.6,0,NORMAL
CARG-01,72.76,3303.33,3.58,60.62,82.72,1683.2,25.48,98.41,1378.9,0,NORMAL
PALA-01,83.62,3391.12,1.49,46.18,81.17,1692.8,26.35,117.93,3145.5,0,NORMAL
PALA-02,82.33,3197.98,2.54,45.38,81.57,1663.0,26.46,170.68,3240.1,0,NORMAL
PALA-02,84.5,3272.73,1.96,51.03,76.6,1636.5,25.81,147.01,3129.0,0,NORMAL
PALA-02,80.98,3139.69,1.43,45.1,85.77,1639.0,26.33,181.72,754.2,0,NORMAL
PALA-01,80.06,1943.63,2.39,18.28,77.73,1764.9,25.04,148.23,2098.9,1,FALLA_PRESION_HIDRAULICA
CARG-02,91.04,2970.93,1.46,55.76,82.23,1712.8,26.74,194.55,2295.0,0,NORMAL
PALA-03,75.37,2973.33,2.82,53.81,82.1,1879.5,25.56,119.87,1642.1,0,NORMAL
PALA-02,85.3,3370.43,1.44,45.4,83.2,1693.6,26.09,180.57,2018.2,0,NORMAL
PALA-02,79.41,2801.75,1.35,59.85,78.02,1686.8,25.86,115.62,482.0,0,NORMAL
PALA-02,80.49,3130.03,2.86,51.89,77.31,1724.9,27.52,170.77,3151.6,0,NORMAL
PALA-03,80.57,3112.18,5.33,51.41,84.41,1792.7,26.16,182.39,515.0,0,NORMAL
PALA-03,78.38,3199.21,3.23,59.08,83.21,1733.9,25.73,122.8,2929.7,0,NORMAL
CARG-02,84.57,2915.84,3.0,56.05,82.34,1881.5,28.07,173.23,229.8,0,NORMAL
PALA-02,88.26,3322.7,2.0,53.79,85.5,2029.4,27.84,179.73,1436.9,0,NORMAL
CARG-02,84.12,3020.83,2.74,51.53,82.37,1818.3,27.07,177.49,722.7,0,NORMAL
CARG-02,82.47,3453.83,1.64,56.85,79.52,1765.1,26.85,133.88,598.8,0,NORMAL
PALA-01,77.56,3138.08,3.94,51.84,83.07,1479.9,25.71,147.27,2375.6,0,NORMAL
CARG-02,84.33,3232.79,0.75,52.86,82.8,1886.2,27.27,219.82,3114.5,0,NORMAL
PALA-01,91.7,3250.68,1.96,48.12,82.9,1867.3,26.69,129.03,2776.3,0,NORMAL
CARG-01,80.29,3293.96,1.72,59.71,77.47,1904.2,25.89,164.91,1053.8,0,NORMAL
PALA-02,80.31,3996.88,2.01,61.76,77.08,1815.6,26.51,303.1,2145.8,1,FALLA_SOBRECARGA
CARG-02,79.48,3173.12,1.39,55.06,84.52,1606.1,26.03,171.82,1066.4,0,NORMAL
CARG-02,79.8,3311.75,2.18,51.57,80.41,1604.2,25.18,209.16,362.6,0,NORMAL
CARG-01,102.54,3333.91,1.37,58.68,98.14,1589.1,27.49,139.29,452.2,1,FALLA_TERMICA
CARG-01,83.82,3112.28,1.58,56.94,75.51,1729.6,24.95,172.79,647.6,0,NORMAL
PALA-02,78.2,3326.75,2.58,51.78,75.73,1635.9,28.13,184.81,2329.8,0,NORMAL
PALA-01,74.75,3464.51,6.21,59.76,85.27,1823.1,26.23,148.39,512.4,0,NORMAL
PALA-02,85.39,3377.06,9.32,51.88,80.81,1651.4,26.76,130.29,4011.8,1,FALLA_DESGASTE_RODAMIENTOS
PALA-01,77.13,3417.83,2.39,47.57,81.14,1680.9,26.83,163.53,54.4,0,NORMAL
PALA-03,80.48,3280.95,3.47,53.67,79.59,1751.7,25.61,160.8,2573.9,0,NORMAL
PALA-02,88.6,3081.49,2.47,59.42,76.76,1662.6,26.23,102.67,941.1,0,NORMAL
CARG-02,75.66,3104.26,1.82,54.51,84.04,1611.0,26.32,132.47,2013.4,0,NORMAL
PALA-03,75.1,3307.58,1.8,48.14,83.61,1502.4,25.92,185.41,1246.9,0,NORMAL
CARG-01,83.21,3419.7,3.59,51.98,78.18,1831.7,27.23,144.23,1892.7,0,NORMAL
PALA-01,87.17,3751.46,0.62,59.98,86.61,1609.5,25.43,176.15,719.0,0,NORMAL
CARG-02,74.92,3426.73,2.17,55.37,83.98,1674.0,26.56,123.23,2185.9,0,NORMAL
CARG-02,83.83,3039.32,1.69,53.91,77.58,1675.5,25.03,164.39,3093.4,0,NORMAL
PALA-02,84.61,3111.89,0.8,53.35,79.85,1472.7,26.59,164.33,2046.5,0,NORMAL
PALA-03,72.73,3660.13,2.07,59.4,79.53,1754.4,26.54,170.47,1575.4,0,NORMAL
CARG-01,85.59,3211.41,1.45,59.07,82.25,1888.6,27.93,146.8,1684.0,0,NORMAL
PALA-01,85.94,3258.55,1.11,46.99,75.29,1835.1,25.91,165.56,1445.5,0,NORMAL
PALA-03,80.6,3077.12,3.8,58.7,78.18,1674.9,26.26,226.33,862.6,0,NORMAL
PALA-02,87.64,3531.72,1.22,56.58,84.18,1846.5,26.21,174.68,1360.8,0,NORMAL
PALA-01,87.11,3340.06,1.05,61.96,74.65,1511.9,27.75,211.53,1504.6,0,NORMAL
PALA-02,82.46,3110.57,0.89,53.65,80.21,1819.9,25.94,153.95,2426.5,0,NORMAL
PALA-01,79.97,3071.11,9.86,59.68,76.09,1632.3,26.58,69.33,3335.6,1,FALLA_DESGASTE_RODAMIENTOS
PALA-01,77.62,3305.3,2.47,56.34,84.65,1836.2,26.17,186.3,1349.6,0,NORMAL
PALA-01,81.83,3257.96,5.28,48.43,82.37,1724.3,26.28,228.78,2199.3,0,NORMAL
CARG-02,84.56,3399.78,1.7,59.1,75.13,1575.5,26.41,164.83,2774.2,0,NORMAL
PALA-03,80.54,3348.45,1.56,58.05,76.83,1749.7,27.28,140.03,2954.2,0,NORMAL
CARG-02,72.11,3202.39,1.03,50.75,81.06,1720.1,27.56,163.11,2113.4,0,NORMAL
PALA-02,87.71,3152.12,2.54,55.45,71.77,1748.6,25.29,200.83,1630.4,0,NORMAL
PALA-02,82.86,3221.21,0.87,64.54,76.6,1623.8,27.02,164.77,2331.1,0,NORMAL
PALA-03,80.29,3150.88,1.44,51.58,77.7,1579.5,27.4,136.38,156.6,0,NORMAL
PALA-02,85.86,3226.56,2.27,57.63,86.14,1793.6,26.67,125.45,1984.8,0,NORMAL
PALA-01,88.86,3252.96,8.18,48.53,78.69,1711.9,27.35,185.01,3917.8,1,FALLA_DESGASTE_RODAMIENTOS
PALA-03,98.32,3088.37,1.44,51.15,100.27,1788.7,25.4,269.6,1840.5,1,FALLA_TERMICA
PALA-01,83.95,3363.52,1.31,58.05,79.11,1786.5,26.81,119.06,1050.9,0,NORMAL
PALA-03,75.58,3183.32,3.91,55.28,83.98,1805.0,27.4,181.92,674.8,0,NORMAL
PALA-03,84.25,3098.46,1.4,52.99,74.79,1914.2,25.9,184.07,887.4,0,NORMAL
PALA-01,82.58,3186.71,2.56,62.51,78.11,1743.9,25.37,120.75,2614.0,0,NORMAL
PALA-01,84.86,3293.61,1.35,49.39,80.56,1600.3,27.31,188.19,1344.7,0,NORMAL
CARG-01,79.75,3264.95,1.55,53.27,81.71,1627.2,26.06,231.26,2550.9,0,NORMAL
PALA-02,73.57,3325.98,9.64,56.46,82.3,1685.2,25.94,193.43,2996.6,1,FALLA_DESGASTE_RODAMIENTOS
PALA-01,99.17,3411.7,3.73,49.64,99.24,1745.4,24.9,147.17,117.8,1,FALLA_TERMICA
CARG-02,83.83,3484.89,0.53,56.55,83.02,1885.5,25.99,112.35,3290.6,0,NORMAL
PALA-01,86.57,3301.39,3.51,59.37,80.95,1703.1,25.84,175.67,395.3,0,NORMAL
PALA-03,76.73,3057.51,1.21,53.43,81.7,1921.5,24.96,154.91,1676.8,0,NORMAL
CARG-02,86.62,3201.56,2.16,50.57,76.95,1932.1,25.93,183.01,3328.8,0,NORMAL
PALA-01,79.08,3069.22,1.91,52.44,74.53,1771.7,27.35,149.52,596.0,0,NORMAL
PALA-01,83.63,3555.43,0.97,40.61,76.53,1795.6,26.67,127.99,712.9,0,NORMAL
PALA-01,79.71,3607.73,1.45,59.03,74.25,1664.9,25.09,162.54,857.6,0,NORMAL
PALA-02,82.82,3367.06,1.91,55.32,81.9,1921.7,26.71,200.76,2914.4,0,NORMAL
PALA-01,86.01,3404.52,0.92,53.12,84.76,1643.5,26.98,188.48,2952.2,0,NORMAL
PALA-03,76.48,3295.17,3.14,45.67,77.21,1864.2,26.48,150.14,3157.0,0,NORMAL
PALA-01,78.94,3315.89,2.03,59.55,85.03,1596.1,26.37,118.73,1793.0,0,NORMAL
PALA-03,82.83,2962.46,1.48,51.81,82.81,1796.8,25.77,149.84,3162.6,0,NORMAL
CARG-02,92.81,3236.69,1.66,56.83,78.79,1853.7,26.73,148.94,978.8,0,NORMAL
CARG-01,78.12,3091.39,3.13,53.94,79.6,1829.0,26.87,158.23,2155.2,0,NORMAL
PALA-03,91.18,3300.64,3.5,45.93,85.46,1664.0,26.62,229.29,1527.7,0,NORMAL
PALA-02,91.02,3239.27,1.26,60.34,71.71,1687.6,27.8,149.14,1043.1,0,NORMAL
PALA-03,81.56,3600.43,1.02,59.39,85.45,1904.6,26.24,164.63,2680.8,0,NORMAL
PALA-03,80.66,3414.99,2.73,57.82,84.58,1659.3,25.36,187.2,2587.6,0,NORMAL
PALA-02,78.89,3301.21,1.1,55.57,78.64,1663.4,27.74,177.75,2633.9,0,NORMAL
PALA-01,81.69,3201.95,2.47,48.01,80.63,1900.5,24.89,211.3,2114.6,0,NORMAL
CARG-02,75.67,3551.68,1.18,58.34,87.51,1712.5,26.08,140.97,1212.9,0,NORMAL
PALA-02,81.66,3244.61,1.18,65.02,75.76,1713.4,25.66,136.8,2367.9,0,NORMAL
PALA-01,88.74,3309.7,0.8,54.58,80.27,1940.6,26.32,147.13,743.9,0,NORMAL
PALA-02,79.25,3257.6,4.61,54.68,83.59,1642.6,26.29,127.46,907.4,0,NORMAL
PALA-02,80.92,3177.25,3.51,48.49,81.84,1632.2,25.63,161.9,3353.2,0,NORMAL
CARG-01,74.34,3256.57,1.7,43.65,81.21,1741.5,27.25,165.47,1926.9,0,NORMAL
CARG-01,83.68,2896.85,2.21,52.2,88.27,1723.9,26.29,148.35,2520.5,0,NORMAL
CARG-01,83.19,2971.41,2.18,61.41,76.57,1626.6,27.38,179.14,1621.3,0,NORMAL
PALA-01,82.29,4292.28,4.65,60.72,76.75,1816.7,25.46,367.83,55.9,1,FALLA_SOBRECARGA
PALA-02,81.02,4462.68,2.41,53.67,70.95,1721.8,25.54,291.73,1811.3,1,FALLA_SOBRECARGA
PALA-02,80.68,3312.68,2.99,56.15,76.69,1727.8,25.51,180.11,1911.4,0,NORMAL
PALA-01,84.26,3120.33,3.79,47.91,78.34,1719.5,26.82,119.62,384.6,0,NORMAL
PALA-02,81.87,2990.29,1.24,54.56,82.28,1594.5,27.8,127.53,780.6,0,NORMAL
CARG-01,106.21,3391.21,1.35,51.38,105.28,1621.9,26.16,210.08,482.4,1,FALLA_TERMICA
PALA-01,82.97,3147.9,3.5,54.27,77.14,1530.1,24.55,152.05,3094.2,0,NORMAL
PALA-03,87.06,3365.78,1.67,52.63,80.43,1856.7,26.78,152.92,154.1,0,NORMAL
PALA-01,85.05,3320.18,1.15,52.54,86.58,1720.2,26.93,218.34,2671.3,0,NORMAL
PALA-01,82.87,3336.09,2.12,58.98,80.25,1839.4,25.57,166.14,1537.3,0,NORMAL
PALA-01,88.83,3256.05,3.45,63.82,83.07,1666.0,26.85,150.94,58.9,0,NORMAL
CARG-02,83.89,3319.06,4.89,53.15,85.48,1857.8,27.05,128.51,1599.2,0,NORMAL
CARG-01,87.87,3228.5,4.19,61.09,77.28,1526.0,24.76,176.29,3422.6,0,NORMAL
CARG-02,84.73,3135.64,0.45,47.79,76.47,1836.6,27.29,210.73,1602.3,0,NORMAL
PALA-02,73.71,3076.57,1.69,53.54,87.48,1710.6,27.34,157.65,991.4,0,NORMAL
PALA-01,87.87,2820.7,0.99,47.52,83.32,1553.7,26.15,205.1,3224.2,0,NORMAL
PALA-03,82.61,3217.4,1.27,52.44,75.69,1381.3,26.92,154.92,327.6,0,NORMAL
PALA-02,81.77,3523.49,2.16,57.58,76.77,1780.2,27.98,133.57,2661.1,0,NORMAL
CARG-01,83.27,3381.41,2.15,59.59,80.2,1838.8,25.87,142.99,902.3,0,NORMAL
PALA-01,80.45,3290.99,0.46,50.11,86.57,1727.4,27.33,133.93,2492.8,0,NORMAL
PALA-02,83.02,3117.88,1.28,56.29,84.93,1792.4,26.6,208.21,528.6,0,NORMAL
PALA-01,79.34,3429.52,4.33,60.15,85.27,1773.6,25.49,199.59,216.1,0,NORMAL
PALA-02,87.73,3228.52,0.87,59.44,79.25,1726.7,24.94,173.64,2397.7,0,NORMAL
CARG-01,81.49,3533.49,3.45,55.29,80.97,1835.1,26.98,77.02,1352.2,0,NORMAL
PALA-02,80.28,3073.4,1.49,51.05,77.81,1542.7,25.35,211.72,3463.4,0,NORMAL
PALA-02,77.84,3115.01,1.96,50.56,79.34,1731.8,27.17,146.65,1986.9,0,NORMAL
PALA-02,83.21,3097.49,3.68,49.79,76.51,1801.9,24.65,138.23,237.9,0,NORMAL
PALA-02,82.84,2983.22,1.74,53.84,77.51,1666.5,26.52,148.34,537.0,0,NORMAL
CARG-01,83.75,3081.33,13.27,49.88,78.1,1750.7,26.14,161.4,3697.9,1,FALLA_DESGASTE_RODAMIENTOS
CARG-02,77.38,3268.58,0.85,57.39,80.42,1578.8,27.74,175.06,294.0,0,NORMAL
CARG-02,74.79,3121.8,3.11,55.14,82.68,1729.1,26.58,198.07,1909.9,0,NORMAL
CARG-01,84.82,2555.85,2.91,54.92,87.67,1633.5,26.89,178.49,110.0,0,NORMAL
PALA-02,88.68,3443.37,4.21,44.8,79.54,1657.9,26.06,161.01,2527.2,0,NORMAL
PALA-03,77.38,2946.86,2.66,54.14,83.35,1788.6,26.26,146.99,534.1,0,NORMAL
PALA-02,89.15,3356.06,1.84,51.7,80.28,1508.6,27.24,129.27,670.7,0,NORMAL
PALA-02,83.28,3255.62,1.23,64.83,84.85,1589.1,26.41,173.3,1025.3,0,NORMAL
CARG-01,81.97,3631.13,1.66,47.6,75.98,1807.0,25.66,178.54,60.3,0,NORMAL
PALA-01,80.21,3429.45,0.79,52.97,78.86,1701.2,27.31,133.27,1858.9,0,NORMAL
CARG-02,75.77,3159.17,3.02,55.92,83.65,1631.8,27.75,123.11,3399.3,0,NORMAL
PALA-02,86.44,3123.63,1.95,49.14,83.33,1774.1,27.6,187.43,2447.6,0,NORMAL
PALA-03,78.51,3520.49,1.81,63.64,83.4,1587.1,27.43,145.23,3336.3,0,NORMAL
PALA-03,78.49,2984.34,1.6,63.74,86.64,1583.2,26.17,119.13,500.0,0,NORMAL
CARG-02,86.46,3284.36,2.83,49.71,74.07,1695.0,25.61,126.86,881.6,0,NORMAL
PALA-03,73.53,3226.4,1.8,51.04,75.98,1703.4,25.45,178.07,1248.9,0,NORMAL
PALA-03,75.14,3188.22,2.06,64.73,83.25,1630.9,25.35,215.01,2611.8,0,NORMAL
PALA-01,81.92,3313.63,2.04,60.98,84.25,1688.3,26.33,195.55,3486.1,0,NORMAL
PALA-03,83.32,3284.12,2.64,52.15,83.62,1880.0,27.82,94.27,3004.6,0,NORMAL
PALA-01,84.18,3332.33,2.54,56.16,91.83,1715.7,25.08,156.63,2072.0,0,NORMAL
CARG-01,80.64,3275.02,3.67,47.07,77.34,1582.0,26.41,188.56,2067.4,0,NORMAL
PALA-03,93.39,3325.18,3.44,64.98,82.48,1722.9,26.14,108.35,2707.4,0,NORMAL
PALA-03,80.97,3266.81,1.58,54.36,80.72,1465.7,25.46,216.66,700.3,0,NORMAL
PALA-01,80.96,3131.3,4.8,56.93,83.49,1913.4,26.2,96.95,2888.7,0,NORMAL
PALA-01,78.41,3250.72,2.52,49.32,82.5,1577.6,27.43,181.17,2597.9,0,NORMAL
CARG-01,82.56,3121.41,5.32,48.32,78.93,1744.8,26.58,147.73,285.8,0,NORMAL
PALA-01,84.77,3109.53,2.35,56.26,82.55,1739.5,26.9,167.64,193.4,0,NORMAL
PALA-01,87.42,3189.49,1.66,63.58,81.33,1626.3,27.26,163.0,582.7,0,NORMAL
PALA-01,75.3,3228.5,1.47,51.3,81.51,1875.9,26.71,129.36,2304.1,0,NORMAL
CARG-02,80.89,3256.34,0.75,49.1,85.54,1966.9,26.11,178.75,3341.0,0,NORMAL
CARG-01,84.01,3414.95,2.25,55.53,90.92,1630.2,26.48,152.07,435.0,0,NORMAL
PALA-02,84.64,3160.28,2.31,62.19,73.34,1805.3,25.54,180.41,2150.7,0,NORMAL
PALA-02,82.03,3285.43,1.97,50.81,86.16,1601.5,26.45,137.24,2102.0,0,NORMAL
PALA-02,84.44,3271.24,2.43,52.75,83.57,1878.6,26.5,151.46,636.5,0,NORMAL
CARG-01,78.36,3140.45,0.93,58.19,78.03,1871.8,27.45,179.48,957.8,0,NORMAL
PALA-03,89.01,4338.78,1.88,58.72,79.55,1841.1,26.14,268.91,1910.5,1,FALLA_SOBRECARGA
PALA-01,86.47,3430.49,1.07,52.58,84.53,1521.2,26.14,201.0,1208.1,0,NORMAL
PALA-01,75.95,3283.57,2.46,59.48,81.2,1654.9,25.19,170.34,595.7,0,NORMAL
PALA-01,77.16,3290.79,2.17,56.64,80.8,1656.6,26.92,229.4,1532.3,0,NORMAL
PALA-03,77.29,3123.04,3.42,54.08,78.25,1648.5,25.22,154.26,359.4,0,NORMAL
CARG-01,85.05,3604.39,1.69,58.51,77.96,1879.4,26.0,169.56,2052.1,0,NORMAL
PALA-02,76.22,3133.3,3.41,57.82,77.14,1502.7,25.83,152.11,548.1,0,NORMAL
PALA-01,80.51,2949.8,1.88,48.76,78.96,1766.8,27.11,160.2,2564.5,0,NORMAL
PALA-01,84.05,3404.83,2.81,61.42,80.49,1809.3,26.79,179.44,1937.5,0,NORMAL
CARG-02,81.7,3229.33,1.31,55.73,82.42,1635.7,26.97,216.64,321.4,0,NORMAL
PALA-02,83.16,3195.45,2.04,60.88,77.71,1780.6,27.16,210.08,818.6,0,NORMAL
CARG-01,77.2,3151.8,1.93,54.26,84.02,1773.0,25.89,187.34,1530.8,0,NORMAL
PALA-03,115.0,3586.91,3.52,55.24,103.86,1687.4,25.71,122.64,1410.9,1,FALLA_TERMICA
PALA-02,79.24,3313.83,1.93,55.99,84.08,1850.4,25.05,147.1,2898.3,0,NORMAL
PALA-01,80.54,3348.96,1.94,56.73,77.54,1654.8,26.5,180.46,2215.8,0,NORMAL
PALA-01,83.07,3279.27,5.12,61.64,89.07,1850.7,25.77,132.14,3109.3,0,NORMAL
PALA-03,82.46,3298.61,3.04,56.33,83.59,1735.8,26.76,159.42,1952.1,0,NORMAL
CARG-01,112.85,3501.75,1.73,53.86,108.86,1682.6,27.33,165.62,1135.5,1,FALLA_TERMICA
PALA-03,78.62,3204.85,2.66,59.05,80.31,1693.1,27.14,223.71,159.7,0,NORMAL
PALA-03,80.65,2987.75,3.19,56.15,83.43,1553.4,26.5,154.5,778.6,0,NORMAL
PALA-01,82.01,3406.25,2.13,68.78,75.99,1676.5,26.46,104.94,937.8,0,NORMAL
CARG-02,75.81,3339.41,2.98,55.46,77.1,1585.3,26.39,186.97,364.3,0,NORMAL
CARG-01,79.92,3269.44,2.04,60.19,79.77,1751.8,28.1,196.57,1878.6,0,NORMAL
PALA-02,83.74,3334.74,3.54,58.41,87.07,1828.1,25.93,239.75,2250.6,0,NORMAL
CARG-02,76.25,3183.27,0.68,43.75,85.03,1774.8,26.46,144.59,224.0,0,NORMAL
PALA-03,87.2,3253.72,1.2,50.32,72.05,1634.4,26.26,111.95,1241.0,0,NORMAL
PALA-03,87.71,3226.29,1.62,51.8,77.06,1688.2,25.77,172.34,144.6,0,NORMAL
CARG-01,76.4,3143.53,2.97,46.5,80.65,1753.2,26.1,178.35,2564.2,0,NORMAL
CARG-01,88.11,3464.05,2.41,52.02,86.03,1759.5,26.42,180.24,1772.1,0,NORMAL
PALA-03,81.35,2995.79,1.34,47.14,81.98,1916.5,25.45,145.88,2437.5,0,NORMAL
PALA-01,114.28,3674.96,2.17,48.45,88.91,1794.8,27.72,174.99,2185.5,1,FALLA_TERMICA
PALA-02,79.77,3407.93,0.7,55.21,76.31,1737.8,26.98,163.73,2996.9,0,NORMAL
CARG-02,86.15,2929.96,0.87,63.6,83.88,1732.5,27.27,140.29,3078.7,0,NORMAL
PALA-01,83.83,3209.65,0.8,47.19,81.82,1678.2,26.27,121.61,1980.1,0,NORMAL
PALA-02,78.34,3219.66,1.09,47.92,81.54,1720.0,26.15,148.68,1644.5,0,NORMAL
PALA-02,76.76,3320.54,2.91,51.34,85.45,1806.0,26.23,157.64,3469.3,0,NORMAL
PALA-02,75.43,3071.91,2.46,53.26,79.62,1635.2,25.84,184.04,715.9,0,NORMAL
PALA-03,82.85,3255.76,1.76,46.29,83.8,1769.2,27.44,158.9,2255.9,0,NORMAL
CARG-02,84.58,3228.2,2.96,50.5,87.57,1706.9,27.52,142.08,2189.1,0,NORMAL
PALA-01,84.93,3117.23,3.65,50.04,81.9,1926.1,26.84,178.79,3351.3,0,NORMAL
PALA-01,81.47,4004.83,1.11,55.59,77.42,1755.4,27.76,319.29,375.3,1,FALLA_SOBRECARGA
PALA-01,76.79,3415.38,3.47,56.13,79.29,1759.3,28.32,135.68,3319.6,0,NORMAL
CARG-02,78.93,2944.62,1.34,53.24,77.39,1617.3,27.88,171.93,2686.2,0,NORMAL
PALA-03,87.19,3336.02,1.46,52.11,72.04,1895.7,26.02,183.38,495.4,0,NORMAL
PALA-02,79.82,3393.55,4.61,50.45,77.84,1780.8,24.46,156.88,723.8,0,NORMAL
CARG-01,82.65,3210.66,2.21,54.26,83.54,1883.7,26.99,217.75,1000.2,0,NORMAL
CARG-02,77.16,3259.43,1.58,49.12,81.04,1697.9,26.74,203.25,2386.0,0,NORMAL
CARG-01,83.51,3459.43,2.7,61.74,86.44,1719.8,26.49,178.25,2632.4,0,NORMAL
CARG-02,79.94,3123.13,3.14,46.51,81.58,1555.5,26.21,147.23,2592.9,0,NORMAL
PALA-02,86.71,3141.7,2.22,50.72,84.53,1941.4,27.48,96.3,2301.3,0,NORMAL
CARG-01,85.48,3160.81,8.74,58.34,73.96,1764.3,25.16,117.42,3482.4,1,FALLA_DESGASTE_RODAMIENTOS
PALA-02,79.77,3459.76,2.41,52.01,79.25,1942.7,27.63,191.16,198.1,0,NORMAL
CARG-01,81.43,3482.61,2.79,57.36,79.92,1678.1,27.79,127.67,1006.7,0,NORMAL
CARG-01,79.52,2998.74,1.89,62.59,77.7,1776.6,26.52,174.35,2122.0,0,NORMAL
CARG-01,75.61,1951.93,4.47,33.57,87.1,1839.1,26.63,128.71,1268.4,1,FALLA_PRESION_HIDRAULICA
PALA-03,78.14,3397.4,2.35,47.99,73.28,1759.6,25.45,153.67,2981.9,0,NORMAL
PALA-01,82.89,3529.65,3.05,48.23,80.54,1680.1,27.2,143.19,2882.9,0,NORMAL
PALA-03,83.46,3319.32,3.1,53.06,85.53,1663.0,27.42,189.27,801.9,0,NORMAL
CARG-02,82.67,3242.03,0.89,56.22,84.05,1678.4,27.01,191.73,2323.8,0,NORMAL
CARG-02,80.64,3456.14,2.7,60.03,79.48,2040.4,25.41,103.4,2914.5,0,NORMAL
PALA-01,86.2,3375.8,2.84,50.08,77.4,1645.4,25.11,207.23,3155.1,0,NORMAL
PALA-01,82.29,3654.08,1.56,51.58,85.36,1481.6,26.21,150.84,1524.7,0,NORMAL
PALA-01,85.16,3422.57,1.44,52.75,78.92,1724.5,26.46,198.0,3180.2,0,NORMAL
CARG-01,74.02,3277.64,0.88,52.65,77.68,1723.0,27.21,206.04,2605.6,0,NORMAL
CARG-01,64.35,3038.66,3.82,61.48,85.0,1682.2,26.21,140.27,1073.2,0,NORMAL
PALA-01,83.28,3145.43,1.3,53.48,82.23,1645.5,27.25,216.7,1228.0,0,NORMAL
PALA-03,75.59,2991.53,0.91,54.77,79.59,1687.1,27.3,97.4,529.2,0,NORMAL
CARG-01,81.04,2148.0,1.72,36.26,82.3,1561.6,26.78,123.75,1358.0,1,FALLA_PRESION_HIDRAULICA
CARG-01,80.64,3416.69,1.18,61.96,82.78,1933.4,27.1,145.36,1306.2,0,NORMAL
PALA-03,89.14,3249.34,0.9,53.82,80.79,1749.4,26.07,123.85,2203.9,0,NORMAL
PALA-03,83.8,3433.91,5.56,60.3,81.61,1734.1,25.49,109.37,1108.6,0,NORMAL
PALA-03,82.75,3310.76,1.14,63.14,72.35,1846.1,25.94,195.91,1502.2,0,NORMAL
PALA-02,85.77,3177.44,1.34,53.45,80.58,2045.2,25.73,144.34,503.8,0,NORMAL
PALA-03,83.66,3265.77,2.17,51.18,78.44,1671.8,27.37,162.74,2573.0,0,NORMAL
PALA-03,79.94,3334.98,0.89,64.94,77.8,1756.8,27.09,183.68,190.5,0,NORMAL
CARG-02,86.82,3275.06,1.94,59.61,78.26,1816.2,24.78,198.17,2632.4,0,NORMAL
PALA-03,77.01,3277.12,2.75,54.06,79.01,1802.9,26.54,214.3,664.4,0,NORMAL
CARG-01,83.45,3111.57,2.28,57.25,79.81,1828.6,24.97,129.45,3434.5,0,NORMAL
PALA-01,75.04,3172.06,2.53,48.78,81.66,1830.1,25.53,214.15,3461.5,0,NORMAL
PALA-02,82.92,3656.52,1.9,59.55,78.07,1670.7,27.07,165.66,3479.0,0,NORMAL
PALA-01,82.87,3471.12,1.59,45.0,83.07,1863.4,25.02,165.89,95.0,0,NORMAL
PALA-01,89.54,2984.71,2.55,59.35,83.94,1706.6,25.31,150.25,798.5,0,NORMAL
CARG-01,74.96,2823.95,2.47,50.39,83.9,1753.7,25.58,170.81,1959.7,0,NORMAL
CARG-02,79.3,3263.71,1.11,45.73,84.74,1793.8,25.13,214.03,2582.3,0,NORMAL
PALA-01,85.7,4286.72,2.15,43.99,78.73,1634.7,25.26,337.4,2864.2,1,FALLA_SOBRECARGA
PALA-02,83.51,3156.41,1.97,51.62,79.92,1772.0,26.36,198.46,517.2,0,NORMAL
CARG-01,82.81,3433.9,2.79,57.56,81.99,1794.5,25.05,129.55,3002.3,0,NORMAL
PALA-01,77.7,3260.74,2.4,47.05,79.3,1492.8,26.2,144.88,2461.4,0,NORMAL
PALA-03,79.34,3220.65,0.17,47.82,76.37,1888.2,26.41,162.89,1050.0,0,NORMAL
CARG-01,87.6,3386.1,3.63,51.53,78.99,1621.7,27.0,177.65,78.9,0,NORMAL
PALA-03,81.77,3154.26,3.16,58.04,87.54,1752.8,27.14,172.1,3200.7,0,NORMAL
PALA-01,83.69,3198.39,3.35,58.66,78.03,1903.5,25.3,222.92,733.8,0,NORMAL
PALA-02,81.48,3370.63,2.82,54.7,77.83,1798.5,25.34,136.69,1307.6,0,NORMAL
CARG-01,76.68,3244.35,3.27,58.92,78.81,1844.8,25.3,176.32,2982.9,0,NORMAL
PALA-03,86.2,3593.58,1.67,57.44,83.23,1853.2,27.03,177.83,2338.3,0,NORMAL
PALA-01,84.26,3374.89,3.1,51.92,82.39,1660.9,26.68,145.97,507.3,0,NORMAL
CARG-01,92.38,3363.19,1.98,58.55,83.82,1595.6,26.12,157.73,3428.6,0,NORMAL
PALA-01,77.43,3241.09,0.91,47.58,91.13,1769.8,25.45,136.79,1151.9,0,NORMAL
CARG-01,85.7,3407.46,3.08,56.43,84.28,1805.5,26.52,170.34,2101.9,0,NORMAL
PALA-01,76.1,3191.93,2.29,48.17,84.6,1852.4,27.5,113.85,2217.1,0,NORMAL
CARG-02,82.71,3300.83,3.94,54.71,92.44,1813.7,27.44,219.2,2008.4,0,NORMAL
PALA-02,86.39,3085.07,2.14,60.09,82.96,1661.0,25.22,151.46,2049.2,0,NORMAL
PALA-02,72.68,3437.1,1.32,55.07,79.43,1825.6,27.26,135.03,887.0,0,NORMAL
PALA-01,81.08,3302.31,1.51,53.94,79.79,1467.8,25.21,99.19,3362.0,0,NORMAL
PALA-02,79.47,3606.85,1.81,55.13,85.23,1872.7,26.08,147.6,1732.2,0,NORMAL
CARG-02,78.84,2554.7,2.32,29.46,75.99,1613.3,25.98,151.71,534.2,1,FALLA_PRESION_HIDRAULICA
CARG-02,83.73,3387.4,3.3,64.67,73.21,1610.7,26.61,170.7,2980.9,0,NORMAL
PALA-02,87.04,3262.32,2.3,57.26,77.72,2018.6,25.6,152.66,557.6,0,NORMAL
PALA-02,81.4,3079.71,1.1,51.49,84.28,1726.8,26.48,261.37,3025.7,0,NORMAL
CARG-01,82.92,3412.85,2.34,52.96,83.37,1689.3,25.54,115.54,1982.5,0,NORMAL
CARG-02,82.51,3287.85,3.56,49.49,80.36,1581.6,26.54,181.49,201.5,0,NORMAL
PALA-03,82.01,3346.85,2.16,47.8,85.28,1773.1,25.35,174.21,473.3,0,NORMAL
PALA-02,77.1,3561.36,2.52,41.84,83.43,1815.2,26.08,112.83,3305.1,0,NORMAL
PALA-02,86.99,3101.6,1.94,51.69,82.38,1677.9,26.4,148.6,491.4,0,NORMAL
PALA-03,83.33,3083.63,1.93,46.98,80.93,1462.3,26.2,242.22,2074.2,0,NORMAL
PALA-01,83.78,3207.44,3.36,54.49,84.59,1915.2,27.08,141.69,1132.9,0,NORMAL
PALA-03,78.37,3397.82,2.95,51.45,84.02,1685.3,24.59,230.72,2800.6,0,NORMAL
PALA-02,79.93,3349.88,5.78,48.57,79.91,1682.6,26.54,156.13,2790.5,0,NORMAL
CARG-01,81.21,3088.78,1.59,43.48,84.25,1715.8,25.74,161.14,2801.0,0,NORMAL
PALA-01,75.1,3386.18,1.42,52.25,78.39,1623.4,26.87,146.89,766.1,0,NORMAL
PALA-03,74.4,3033.78,0.93,45.24,81.94,1872.9,21.37,125.25,2503.6,1,FALLA_ELECTRICA
PALA-02,79.3,3099.21,1.8,57.53,82.6,1807.2,27.27,117.52,365.1,0,NORMAL
PALA-03,84.35,3229.22,1.99,55.27,79.66,1778.5,26.21,138.77,314.3,0,NORMAL
PALA-01,79.06,3150.38,1.38,52.87,81.54,1997.4,27.39,186.34,1460.6,0,NORMAL
PALA-03,77.42,3410.17,2.55,61.25,83.43,1636.3,26.53,178.94,2110.6,0,NORMAL
PALA-03,78.33,3301.55,2.98,54.05,76.67,1873.2,25.37,147.03,1130.3,0,NORMAL
PALA-03,79.95,3567.8,2.5,55.93,81.74,1453.1,25.75,225.77,1103.3,0,NORMAL
PALA-03,80.41,3205.51,1.17,57.44,89.86,1797.3,25.93,130.5,308.1,0,NORMAL
PALA-03,91.74,3228.0,1.44,51.42,77.69,1991.0,26.49,176.02,726.2,0,NORMAL
CARG-01,86.75,3467.87,2.11,51.44,85.12,1594.0,27.12,114.21,2155.0,0,NORMAL
PALA-02,86.61,3233.63,3.47,54.21,80.62,1917.3,26.89,170.57,2399.9,0,NORMAL
CARG-01,87.26,3518.92,1.89,47.27,85.73,1554.1,26.93,178.03,3181.0,0,NORMAL
PALA-02,77.51,3347.35,0.62,62.93,78.11,1969.4,25.8,153.12,1342.9,0,NORMAL
PALA-01,76.5,2826.5,1.79,54.8,81.02,1664.7,27.11,161.57,865.8,0,NORMAL
PALA-01,77.02,3461.96,2.05,53.0,89.84,1631.1,26.48,143.31,2531.4,0,NORMAL
PALA-02,88.01,3414.29,4.14,64.43,80.31,1655.7,27.04,192.57,2373.3,0,NORMAL
CARG-01,79.54,3421.24,0.61,48.49,83.53,1723.8,25.22,190.62,999.9,0,NORMAL
CARG-01,76.37,2906.02,2.99,61.68,83.38,1701.8,26.76,175.34,2702.5,0,NORMAL
CARG-01,80.06,3130.66,0.93,58.07,72.89,1713.7,25.91,184.51,743.1,0,NORMAL
PALA-03,80.93,3144.03,1.62,59.59,82.78,1757.9,25.39,179.35,1250.1,0,NORMAL
PALA-02,83.21,3098.6,2.46,53.12,76.05,1748.8,26.92,145.63,896.0,0,NORMAL
PALA-01,83.13,3563.55,3.18,54.28,83.53,1720.7,26.06,172.46,2290.4,0,NORMAL
PALA-02,78.27,3247.88,1.45,52.28,81.47,1666.9,26.82,186.38,1746.4,0,NORMAL
PALA-02,85.09,3243.42,1.65,58.98,76.54,1771.4,25.62,152.85,2582.2,0,NORMAL
PALA-01,79.12,3349.36,1.88,55.96,76.24,1765.1,28.03,179.95,421.0,0,NORMAL
PALA-01,81.3,3352.47,0.68,51.21,80.71,1759.5,26.3,113.74,935.8,0,NORMAL
PALA-03,85.09,2649.72,1.4,51.44,90.92,1719.8,26.02,118.52,1723.6,0,NORMAL
CARG-01,79.11,3133.66,3.94,53.93,87.49,1636.9,27.19,162.91,245.8,0,NORMAL
CARG-02,79.44,2995.7,2.28,52.34,82.44,1728.9,26.33,149.06,2572.9,0,NORMAL
CARG-02,84.66,3322.06,2.87,61.21,83.06,1686.7,28.93,198.52,1023.0,0,NORMAL
PALA-03,78.14,3198.0,1.89,58.04,83.41,1472.1,27.33,153.55,2133.1,0,NORMAL
PALA-02,80.27,3252.77,0.61,58.03,78.86,1839.9,26.02,200.2,3159.7,0,NORMAL
PALA-03,84.5,2875.87,1.88,55.17,78.23,1751.2,26.46,159.08,923.6,0,NORMAL
CARG-01,91.24,3194.23,3.32,49.87,84.4,1717.6,26.45,172.29,2626.4,0,NORMAL
PALA-01,84.72,3450.72,0.7,57.48,78.59,1783.0,25.56,145.26,2235.5,0,NORMAL
PALA-02,84.13,3503.7,10.01,43.51,86.76,1629.4,27.43,155.79,3458.5,1,FALLA_DESGASTE_RODAMIENTOS
CARG-01,84.39,3379.4,2.65,54.87,75.59,1883.1,26.06,134.44,2580.7,0,NORMAL
PALA-02,77.17,3009.62,1.71,49.94,77.39,1864.8,26.2,122.89,261.4,0,NORMAL
PALA-03,82.52,3476.69,1.47,49.55,86.66,1580.5,26.57,192.55,1840.0,0,NORMAL
PALA-03,81.87,3380.32,2.24,51.68,79.85,1644.1,25.67,197.63,460.1,0,NORMAL
PALA-01,83.45,3228.91,1.32,53.58,80.51,1801.0,26.57,192.58,2418.4,0,NORMAL
PALA-02,82.52,2885.49,5.66,53.88,83.58,1749.6,26.0,198.8,2981.5,1,FALLA_DESGASTE_RODAMIENTOS
PALA-02,83.71,3421.65,1.71,57.95,85.64,1717.9,26.02,167.56,2830.3,0,NORMAL
PALA-01,80.6,3143.41,4.39,53.13,83.44,1772.8,26.27,144.62,1738.8,0,NORMAL
PALA-01,82.26,3312.31,2.6,53.49,82.15,1495.4,25.81,135.54,327.8,0,NORMAL
CARG-01,76.47,3262.31,1.57,47.02,84.2,1609.4,25.15,98.56,2113.1,0,NORMAL
PALA-02,80.56,3526.91,2.66,47.67,82.64,1647.8,26.54,178.75,95.0,0,NORMAL
PALA-03,88.26,3227.43,3.56,55.44,85.34,1811.5,24.57,164.49,1063.7,0,NORMAL
PALA-02,83.43,3247.28,1.39,57.15,92.43,1461.5,24.6,173.21,977.7,0,NORMAL
CARG-02,81.91,3534.15,2.65,52.7,83.02,1741.7,26.44,181.08,3432.9,0,NORMAL
PALA-02,90.53,3131.52,1.69,58.66,77.56,1674.8,26.25,208.56,891.3,0,NORMAL
PALA-02,75.88,3396.58,3.76,46.96,85.15,1798.1,26.61,148.51,2384.7,0,NORMAL
CARG-02,77.01,3214.25,1.56,55.99,80.42,1817.0,26.93,176.72,937.1,0,NORMAL
CARG-01,89.71,3069.54,1.66,49.74,82.35,1923.8,24.82,142.6,324.2,0,NORMAL
PALA-01,82.21,3250.21,2.52,49.35,82.47,1579.2,25.91,100.3,266.9,0,NORMAL
CARG-01,80.91,3374.51,1.29,50.18,78.67,1621.4,26.04,153.8,3245.2,0,NORMAL
PALA-02,76.6,3493.67,1.25,53.6,79.52,1725.8,26.65,211.1,383.1,0,NORMAL
PALA-02,84.01,3515.44,3.68,56.19,71.77,1889.2,26.58,153.57,2918.4,0,NORMAL
PALA-01,84.45,3196.94,3.33,55.81,80.59,1772.5,26.08,128.93,1925.3,0,NORMAL
PALA-01,77.07,3072.3,2.91,52.55,83.24,1732.7,26.44,173.47,1540.6,0,NORMAL
CARG-01,81.37,3192.63,1.45,57.16,81.06,1866.9,26.18,191.15,3489.7,0,NORMAL
PALA-02,80.49,3037.32,5.05,62.43,79.16,1672.3,25.67,177.91,3124.0,0,NORMAL
PALA-02,83.15,3210.87,2.08,53.4,82.51,1860.3,26.44,207.44,873.4,0,NORMAL
CARG-01,76.96,3188.5,2.21,54.47,77.23,1928.2,24.68,127.26,2116.3,0,NORMAL
CARG-01,87.63,3380.95,4.26,50.94,76.77,1701.6,26.6,208.62,595.1,0,NORMAL
PALA-01,86.12,2852.93,1.99,52.04,83.1,1534.1,27.53,88.15,2111.8,0,NORMAL
PALA-03,80.37,3117.95,1.38,60.24,83.32,1737.5,26.12,88.93,484.3,0,NORMAL
PALA-01,81.03,3119.41,2.79,60.29,83.04,1917.3,28.05,108.79,2214.2,0,NORMAL
CARG-01,81.39,3463.68,2.24,52.99,79.8,1779.2,26.88,176.81,3405.5,0,NORMAL
PALA-03,78.5,3049.51,2.97,56.45,85.37,1554.9,18.61,107.19,2056.9,1,FALLA_ELECTRICA
CARG-02,80.0,3290.8,3.91,58.6,76.5,1872.4,26.71,137.66,483.5,0,NORMAL
PALA-01,80.78,3226.94,4.02,51.77,79.81,1815.4,26.84,145.18,2809.3,0,NORMAL
PALA-01,89.26,3437.75,1.54,47.47,83.99,1840.0,26.51,186.12,1196.0,0,NORMAL
PALA-02,86.26,3357.25,1.71,57.45,84.44,1856.0,25.15,204.74,374.2,0,NORMAL
PALA-02,86.21,3271.82,0.54,58.48,77.91,1654.9,24.83,191.57,2312.3,0,NORMAL
PALA-01,83.66,3150.16,1.37,57.75,89.57,1847.0,26.21,109.92,2915.5,0,NORMAL
CARG-02,76.97,2916.58,1.97,52.13,80.48,1642.5,25.92,166.25,1715.5,0,NORMAL
PALA-01,81.81,3294.48,3.72,61.62,81.35,1578.2,25.94,147.03,3264.1,0,NORMAL
PALA-02,86.37,3345.49,1.93,55.42,84.91,1620.5,25.39,154.27,2404.2,0,NORMAL
CARG-01,76.34,2966.52,3.18,48.26,87.21,1803.1,27.29,157.7,2206.8,0,NORMAL
PALA-02,84.86,3027.94,1.49,46.02,81.25,1670.9,25.58,143.75,1270.2,0,NORMAL
CARG-01,92.45,3295.42,1.13,52.51,85.69,1897.1,25.52,134.6,1126.6,0,NORMAL
PALA-01,86.78,3311.05,2.05,55.12,79.18,1853.7,26.43,144.31,1026.1,0,NORMAL
PALA-02,88.36,3071.68,2.37,52.56,87.67,1800.9,27.27,135.8,3355.6,0,NORMAL
PALA-01,82.98,3146.67,1.38,63.97,81.15,1885.6,27.08,195.57,2294.1,0,NORMAL
PALA-01,86.36,2919.43,1.04,56.02,82.26,1579.0,25.88,157.76,2099.9,0,NORMAL
CARG-02,78.77,3497.91,1.58,49.13,79.61,1834.8,26.23,195.36,1155.2,0,NORMAL
PALA-01,85.58,3016.02,2.78,42.65,81.86,1788.9,27.71,198.25,1270.5,0,NORMAL
PALA-03,84.94,3347.61,2.05,55.18,78.08,1567.2,27.28,208.5,1012.8,0,NORMAL
PALA-02,83.3,3243.71,1.23,58.94,80.75,1633.6,27.1,115.98,590.5,0,NORMAL
PALA-02,87.92,3482.13,1.33,63.32,81.07,1701.0,26.71,169.2,3223.9,0,NORMAL
CARG-02,79.58,3107.39,2.93,52.99,76.78,1697.5,26.48,116.56,2059.2,0,NORMAL
PALA-01,81.16,3261.03,1.86,62.61,78.72,1715.1,28.01,224.29,2579.6,0,NORMAL
PALA-03,82.43,2944.28,0.89,47.21,72.6,1645.7,27.3,180.61,1689.4,0,NORMAL
CARG-02,77.37,2901.07,3.51,52.28,76.04,1897.5,26.5,143.57,246.5,0,NORMAL
PALA-03,83.02,3357.34,0.92,48.93,80.94,1571.9,26.98,148.97,1671.2,0,NORMAL
CARG-02,74.26,2928.7,3.27,57.96,84.84,1575.4,26.2,189.38,196.0,0,NORMAL
PALA-01,86.71,3208.92,1.51,47.49,79.57,1606.9,25.12,147.11,3314.6,0,NORMAL
PALA-02,82.21,3432.03,1.19,56.01,80.88,1643.8,25.58,112.5,1232.8,0,NORMAL
PALA-02,79.66,3384.4,2.19,47.79,85.65,1634.4,26.03,175.74,581.3,0,NORMAL
CARG-01,78.25,3130.37,1.8,62.79,84.33,1921.6,25.98,203.15,833.2,0,NORMAL
CARG-02,80.94,2964.07,1.56,52.13,84.27,1641.0,25.82,157.44,3193.7,0,NORMAL
PALA-02,85.1,3341.71,2.25,55.89,81.48,1705.4,25.86,186.25,764.9,0,NORMAL
PALA-03,84.46,3491.61,1.0,45.06,79.04,1568.5,27.44,139.3,508.9,0,NORMAL
PALA-01,78.83,3130.8,2.13,46.53,82.58,1663.7,27.87,164.41,2179.7,0,NORMAL
PALA-03,78.19,3105.4,2.21,50.13,86.13,1792.2,27.45,163.49,374.9,0,NORMAL
PALA-02,84.96,3155.52,1.51,58.25,88.23,1801.7,24.67,147.74,1678.5,0,NORMAL
CARG-02,78.75,3352.89,0.28,57.3,90.62,1838.1,27.26,126.94,2390.7,0,NORMAL
PALA-03,82.27,3471.13,1.84,59.43,87.12,1600.3,26.99,134.46,534.0,0,NORMAL
PALA-02,82.56,3026.87,1.81,46.45,81.17,1639.2,26.37,136.02,2737.7,0,NORMAL
PALA-01,83.4,2980.31,1.72,56.53,76.19,1818.1,26.0,143.91,1529.2,0,NORMAL
PALA-01,85.86,3671.2,0.73,51.2,83.41,1717.1,26.16,155.21,2505.2,0,NORMAL
PALA-01,76.32,3218.08,2.14,49.96,85.39,1712.7,27.19,165.06,924.5,0,NORMAL
PALA-02,73.4,3295.52,3.09,51.31,70.79,1790.8,26.71,165.0,1557.2,0,NORMAL
CARG-02,79.45,3125.45,1.76,53.42,75.08,1839.6,27.38,156.41,1693.6,0,NORMAL
PALA-03,90.11,3338.19,1.0,57.31,79.17,1636.2,27.05,160.52,1070.2,0,NORMAL
PALA-03,91.1,3422.81,2.5,59.61,77.92,1707.6,27.55,130.02,2779.4,0,NORMAL
PALA-01,90.24,3303.96,3.95,56.61,74.56,1705.6,26.91,166.69,662.8,0,NORMAL
CARG-02,81.13,3563.35,1.22,57.17,82.52,1603.8,25.49,105.19,2338.0,0,NORMAL
CARG-01,73.98,3191.19,1.25,63.12,85.96,1756.0,25.12,124.6,3266.8,0,NORMAL
PALA-01,71.46,3202.68,3.56,57.49,80.25,1655.3,26.92,123.58,2940.2,0,NORMAL
CARG-01,79.24,3291.65,1.84,52.93,74.36,1719.4,26.88,140.01,2686.2,0,NORMAL
PALA-03,81.11,3333.69,0.7,56.91,81.83,1797.9,25.91,170.12,542.6,0,NORMAL
PALA-01,87.85,3291.03,4.55,62.54,76.56,1752.2,26.6,166.11,2668.1,0,NORMAL
PALA-02,85.91,3018.81,8.37,49.65,76.97,1613.6,26.04,169.56,3106.9,1,FALLA_DESGASTE_RODAMIENTOS
PALA-02,83.02,3306.25,0.64,51.85,84.84,1744.5,26.01,188.31,406.6,0,NORMAL
PALA-01,78.0,3182.65,1.05,61.25,85.8,1736.7,25.25,166.32,2457.5,0,NORMAL
CARG-02,77.68,3145.42,2.82,52.55,79.84,1652.7,26.44,124.76,277.7,0,NORMAL
CARG-01,83.14,3255.85,2.95,57.82,83.92,1616.4,25.99,161.04,1365.6,0,NORMAL
PALA-03,85.14,3076.93,0.91,60.45,76.7,1738.5,26.7,127.34,3016.3,0,NORMAL
PALA-02,83.76,3045.63,1.27,47.72,83.12,1552.3,25.0,148.28,2418.6,0,NORMAL
PALA-02,77.34,2779.22,2.33,51.96,79.46,1591.8,26.88,173.93,1834.6,0,NORMAL
PALA-03,84.93,3564.5,3.92,60.02,75.7,1566.0,25.99,154.09,3094.6,0,NORMAL
PALA-03,83.92,3350.03,0.4,53.37,77.37,1574.6,25.55,182.5,2635.6,0,NORMAL
PALA-01,77.18,3228.98,0.66,43.91,82.64,1662.5,26.05,160.29,1670.7,0,NORMAL
PALA-03,78.47,3129.9,1.51,51.45,75.08,1847.4,25.12,107.0,2627.5,0,NORMAL
CARG-01,85.1,2732.31,0.82,57.97,79.87,1794.2,26.17,146.18,3097.0,0,NORMAL
PALA-02,80.94,3118.86,3.46,60.38,85.27,1854.8,26.5,182.24,545.9,0,NORMAL
PALA-01,89.15,3378.86,1.91,54.25,79.03,1646.7,26.46,175.98,740.8,0,NORMAL
CARG-01,84.26,3419.59,3.31,56.42,74.83,1478.7,26.77,122.49,2554.5,0,NORMAL
PALA-01,79.81,3365.61,2.34,52.15,79.89,1648.3,25.95,143.89,637.4,0,NORMAL
PALA-02,81.95,3278.51,2.78,58.52,83.71,1855.3,27.02,167.24,624.5,0,NORMAL
PALA-01,82.29,3484.7,1.37,61.13,75.81,1672.8,26.61,141.72,2314.1,0,NORMAL
PALA-02,78.72,3190.86,0.6,57.84,85.75,1717.4,27.05,148.13,1897.4,0,NORMAL
CARG-01,77.89,3445.33,1.79,53.41,84.05,1694.2,27.73,168.71,2661.0,0,NORMAL
PALA-03,85.16,3180.78,3.1,56.17,82.4,1803.7,25.16,224.14,1150.1,0,NORMAL
PALA-01,85.8,3091.39,4.48,58.76,83.31,1819.6,26.09,170.85,2149.2,0,NORMAL
CARG-02,84.72,3068.97,1.72,54.14,81.51,1534.1,25.79,184.26,3143.6,0,NORMAL
CARG-02,88.82,3058.39,2.83,58.0,82.34,1428.4,28.11,128.95,3166.9,0,NORMAL
CARG-02,79.56,3368.63,1.36,55.85,81.29,1798.6,26.88,116.43,2303.3,0,NORMAL
PALA-01,89.53,3116.31,1.58,61.1,84.53,1694.5,26.63,129.36,130.5,0,NORMAL
PALA-02,77.95,3064.05,1.9,57.5,86.17,1798.7,27.36,153.86,1873.1,0,NORMAL
CARG-02,77.44,3378.47,4.08,51.51,77.72,1686.3,26.41,167.94,285.0,0,NORMAL
CARG-01,74.08,3309.03,2.78,61.02,78.19,1782.5,26.77,176.82,3464.7,0,NORMAL
PALA-01,79.99,3423.27,2.58,56.3,79.43,1703.8,26.04,191.2,3489.7,0,NORMAL
PALA-01,79.73,3342.27,3.97,53.3,78.56,1633.7,25.31,204.02,450.2,0,NORMAL
PALA-02,84.37,3114.44,1.27,47.23,85.54,1672.4,27.12,87.21,1623.8,0,NORMAL
CARG-02,83.1,3263.7,1.72,55.16,75.0,1699.8,25.63,125.67,3021.0,0,NORMAL
PALA-03,76.63,3272.52,2.59,63.17,83.17,1793.3,27.0,218.22,450.5,0,NORMAL
PALA-02,80.23,3084.55,1.46,40.35,86.55,1699.4,27.27,172.22,1955.3,0,NORMAL
PALA-01,80.33,3051.17,1.67,40.55,78.69,1591.4,24.6,156.26,738.9,0,NORMAL
PALA-03,74.01,3127.47,2.24,57.84,86.89,1919.8,27.24,82.01,1725.6,0,NORMAL
CARG-01,77.59,3616.58,1.93,55.18,85.63,1757.4,26.6,114.66,747.9,0,NORMAL
PALA-02,78.53,3175.71,1.08,57.36,79.6,1883.3,25.62,190.97,1879.5,0,NORMAL
CARG-01,88.45,3471.92,1.35,51.37,84.28,1588.9,25.01,143.6,1469.9,0,NORMAL
CARG-02,82.86,3165.64,1.07,43.29,77.69,1689.6,26.34,179.07,1408.8,0,NORMAL
PALA-01,84.98,3409.99,2.83,49.84,76.59,1742.9,26.26,145.98,603.2,0,NORMAL
PALA-03,75.26,3412.45,1.32,61.8,79.14,1799.0,27.27,236.37,2326.3,0,NORMAL
PALA-02,87.37,3421.47,8.34,51.74,86.4,1493.5,26.45,158.46,2979.0,1,FALLA_DESGASTE_RODAMIENTOS
CARG-01,87.85,3319.81,2.14,51.79,79.17,1497.1,25.53,107.85,3271.8,0,NORMAL
PALA-03,73.01,3497.93,1.96,40.85,81.17,1640.6,25.16,180.31,253.7,0,NORMAL
PALA-03,78.83,3318.1,0.97,44.98,76.98,1785.6,26.52,162.62,1469.7,0,NORMAL
CARG-01,84.23,3558.44,2.13,59.55,84.47,1639.3,26.4,138.21,1039.4,0,NORMAL
PALA-02,84.9,2958.41,2.47,52.7,84.33,1704.8,27.46,167.02,1953.4,0,NORMAL
CARG-02,78.95,3312.69,2.84,58.96,78.18,1726.2,26.01,196.61,135.9,0,NORMAL
PALA-03,80.63,3301.0,1.07,50.23,71.73,1620.6,26.73,151.62,1564.6,0,NORMAL
PALA-01,79.31,3081.43,1.75,46.66,79.55,1895.7,26.29,126.58,2650.3,0,NORMAL
PALA-03,82.5,3354.33,3.21,52.7,82.77,1624.6,24.24,167.24,2834.9,0,NORMAL
CARG-01,87.39,2981.79,3.04,51.14,80.95,1472.2,26.97,137.53,3273.2,0,NORMAL
PALA-02,78.53,3132.25,1.9,49.83,81.32,1602.1,26.06,171.47,423.9,0,NORMAL
CARG-02,86.5,2890.16,0.95,49.96,82.4,1620.0,26.93,204.34,1961.5,0,NORMAL
CARG-02,78.48,3530.55,2.92,53.33,78.96,1740.8,26.54,120.02,1434.8,0,NORMAL
PALA-02,78.19,3208.32,1.98,51.54,75.98,1747.0,25.61,95.39,2283.5,0,NORMAL
CARG-02,85.68,3640.04,1.19,49.34,83.96,1790.4,26.26,240.24,2920.1,0,NORMAL
PALA-01,86.15,3394.53,1.78,63.02,77.46,1945.5,26.37,164.65,2118.3,0,NORMAL
PALA-01,85.83,3330.66,0.97,56.29,76.19,1723.4,26.55,116.37,840.1,0,NORMAL
PALA-01,76.08,3144.48,2.91,54.79,83.0,1821.3,26.81,124.95,1158.5,0,NORMAL
CARG-02,79.9,3061.66,0.71,53.67,76.58,1666.6,26.42,143.38,3129.3,0,NORMAL
PALA-03,85.7,3344.13,3.32,57.33,77.73,1754.7,27.8,170.57,2366.8,0,NORMAL
PALA-01,82.19,3237.13,2.27,56.66,87.32,1678.2,27.07,75.42,2106.3,0,NORMAL
PALA-02,77.17,3008.93,0.98,48.83,87.35,1702.1,27.2,184.46,530.1,0,NORMAL
PALA-03,84.06,2976.97,1.69,46.34,85.77,1740.0,27.06,135.95,1227.6,0,NORMAL
PALA-01,98.82,3077.43,1.6,42.63,110.08,1838.1,26.46,211.91,1164.6,1,FALLA_TERMICA
CARG-02,90.08,3577.77,1.24,62.96,85.63,1713.5,26.99,173.51,139.3,0,NORMAL
CARG-01,88.95,3648.39,2.16,51.77,88.85,1713.2,27.4,191.3,3256.4,0,NORMAL
PALA-03,84.72,3286.9,4.0,56.96,85.38,1757.6,26.5,151.81,1194.1,0,NORMAL
CARG-02,88.12,3276.81,1.3,55.01,82.01,1825.4,27.24,168.58,404.3,0,NORMAL
PALA-02,82.29,3189.46,2.06,58.56,84.49,1551.0,25.36,208.45,1754.2,0,NORMAL
CARG-02,85.44,3081.79,1.99,53.68,79.14,1749.3,27.28,130.17,1598.0,0,NORMAL
PALA-03,88.65,3497.53,2.15,47.36,81.59,1560.3,25.78,175.47,2982.7,0,NORMAL
PALA-03,83.1,3587.24,0.45,48.81,81.76,1877.1,25.36,178.76,2809.4,0,NORMAL
PALA-01,80.85,3089.18,3.43,52.25,80.45,1760.6,26.18,207.69,2746.6,0,NORMAL
CARG-02,74.33,4344.15,5.65,46.07,79.74,1867.2,26.57,258.67,3266.4,1,FALLA_SOBRECARGA
PALA-02,81.63,3169.02,1.97,49.73,86.15,1520.2,26.67,130.31,1342.2,0,NORMAL
PALA-01,85.71,3174.36,2.8,48.01,77.19,1699.7,27.43,201.62,2083.7,0,NORMAL
PALA-01,86.26,3463.46,2.42,52.36,81.59,1824.4,25.95,152.12,2359.9,0,NORMAL
PALA-03,84.27,3013.85,1.05,51.52,75.84,1888.5,27.72,128.54,1679.0,0,NORMAL
PALA-03,107.3,3333.96,1.89,54.6,98.18,1762.1,27.72,142.66,891.3,1,FALLA_TERMICA
CARG-01,73.1,3381.08,1.36,58.27,85.78,1668.7,26.58,111.5,3151.6,0,NORMAL
CARG-02,79.77,3224.41,1.8,52.79,86.14,1687.6,25.74,159.02,3157.5,0,NORMAL
PALA-01,80.63,3410.75,2.03,46.49,79.06,1594.9,28.39,59.16,2698.6,0,NORMAL
CARG-01,80.59,3276.58,2.1,43.76,81.2,1895.5,27.78,169.3,1244.1,0,NORMAL
PALA-01,84.78,3469.08,1.3,54.81,79.84,1798.2,26.55,106.04,59.8,0,NORMAL
CARG-02,90.94,2976.0,2.1,50.67,79.85,1698.5,25.31,204.4,1744.6,0,NORMAL
CARG-01,82.56,3187.22,1.83,53.21,79.05,1785.3,26.9,135.3,1859.8,0,NORMAL
PALA-03,114.01,3237.07,3.3,55.65,100.03,1706.7,25.93,131.02,1733.4,1,FALLA_TERMICA
CARG-01,80.83,2769.0,2.74,61.22,79.48,1683.8,27.1,161.47,382.9,0,NORMAL
PALA-02,82.56,3054.53,3.01,45.26,82.66,1629.4,26.58,173.77,2768.2,0,NORMAL
PALA-02,101.06,3103.55,3.12,48.94,105.97,1631.4,25.12,161.24,1885.9,1,FALLA_TERMICA
CARG-01,82.54,3420.68,1.17,53.57,82.56,1765.7,25.46,103.26,815.2,0,NORMAL
PALA-02,84.03,3122.77,2.68,48.3,81.5,1845.7,25.79,164.11,3349.9,0,NORMAL
PALA-02,82.94,3102.75,1.14,46.55,78.71,1679.6,27.71,157.24,1092.2,0,NORMAL
PALA-02,84.06,3397.15,3.76,60.55,80.94,1624.9,25.88,155.9,1367.6,0,NORMAL
CARG-01,83.95,2958.78,2.65,48.76,74.32,1834.3,24.58,180.26,1434.9,0,NORMAL
PALA-02,74.03,2877.18,1.1,47.45,87.16,1729.5,26.24,132.93,1434.9,0,NORMAL
PALA-01,84.87,3184.91,2.14,48.26,77.17,1452.1,26.19,120.36,2267.4,0,NORMAL
CARG-01,78.98,2989.41,1.26,59.43,73.33,1635.4,27.67,181.52,1029.4,0,NORMAL
CARG-01,77.07,2996.26,1.54,50.52,80.58,1776.2,27.61,91.78,3166.7,0,NORMAL
PALA-01,77.03,3353.22,2.32,47.07,82.42,1625.2,25.35,169.91,2026.2,0,NORMAL
PALA-01,83.95,3407.68,1.44,49.8,86.3,1726.1,26.71,117.57,3085.7,0,NORMAL
PALA-01,81.0,3392.0,1.72,53.76,81.98,1570.7,27.03,209.08,3215.0,0,NORMAL
PALA-02,74.43,3449.58,3.15,58.46,84.7,1670.6,26.3,109.07,2702.0,0,NORMAL
PALA-02,84.15,3473.4,1.8,58.04,84.72,1589.6,26.54,109.82,890.6,0,NORMAL
CARG-01,75.52,1698.29,1.18,29.58,84.33,1572.2,27.28,241.54,1187.6,1,FALLA_PRESION_HIDRAULICA
PALA-03,82.63,3331.07,0.66,51.34,76.47,1629.0,26.63,204.19,840.8,0,NORMAL
PALA-03,83.07,3154.67,2.75,64.51,83.04,1824.7,26.94,131.76,1626.2,0,NORMAL
PALA-02,85.99,3115.46,2.73,58.98,75.46,1770.0,27.53,116.73,1812.9,0,NORMAL
CARG-01,90.02,3350.87,2.15,52.74,88.98,1966.2,26.04,127.58,1218.1,0,NORMAL
PALA-02,75.86,2938.55,5.27,42.52,83.79,1648.3,27.04,172.61,3059.8,0,NORMAL
CARG-02,81.76,2934.8,1.68,51.71,78.5,1842.3,26.04,169.95,1414.7,0,NORMAL
PALA-03,80.76,3364.04,3.33,47.37,82.5,1943.0,27.26,146.04,2479.7,0,NORMAL
PALA-01,83.95,3337.8,1.36,49.69,76.96,1854.2,25.9,220.05,2926.8,0,NORMAL
PALA-03,82.97,3274.61,2.83,49.17,74.78,1856.3,26.75,132.49,605.4,0,NORMAL
PALA-02,80.41,3091.62,1.08,52.84,84.51,1734.5,26.22,93.84,2516.5,0,NORMAL
PALA-03,80.02,3383.89,2.8,54.35,77.08,1747.8,26.87,253.44,600.8,0,NORMAL
PALA-01,76.98,3372.45,1.72,50.34,80.28,1609.5,25.72,192.02,2685.2,0,NORMAL
PALA-01,86.45,3265.35,2.52,47.61,81.82,1399.4,26.18,152.82,2007.4,0,NORMAL
CARG-02,84.07,3038.08,2.19,53.11,80.27,1744.5,26.36,167.3,1824.1,0,NORMAL
PALA-01,86.13,3173.46,2.71,51.51,76.89,1604.9,25.54,164.23,1879.0,0,NORMAL
CARG-01,80.6,3400.81,0.63,44.51,81.24,1669.0,25.91,103.2,1435.2,0,NORMAL
PALA-02,79.04,3488.89,1.83,57.04,81.59,1620.9,25.09,159.41,221.2,0,NORMAL
PALA-03,77.15,3191.22,3.23,50.36,84.49,1758.9,26.7,175.13,1956.7,0,NORMAL
PALA-03,83.62,3205.06,3.45,52.65,90.78,1696.0,27.04,173.42,127.5,0,NORMAL
PALA-03,77.32,3220.9,2.46,52.9,73.09,1870.9,25.29,76.56,3198.7,0,NORMAL
PALA-02,90.32,3299.48,3.29,53.92,77.81,1633.2,25.46,166.59,909.3,0,NORMAL
PALA-01,76.12,3145.41,1.78,54.73,81.89,1741.7,25.63,176.27,2288.7,0,NORMAL
PALA-01,83.23,2729.05,0.2,47.48,85.04,1697.1,25.38,158.23,1983.0,0,NORMAL
PALA-02,89.05,3464.7,1.39,55.56,82.39,1684.7,26.72,117.49,2177.8,0,NORMAL
PALA-03,84.7,3573.04,2.06,52.28,85.49,1710.8,25.85,205.9,1168.8,0,NORMAL
CARG-02,82.79,3139.77,2.21,59.42,75.08,1902.5,26.6,158.83,1600.6,0,NORMAL
CARG-02,77.64,3058.0,2.39,58.07,79.73,1821.2,25.8,152.51,2634.1,0,NORMAL
CARG-01,75.78,3225.32,1.98,60.61,86.85,1665.2,26.13,154.54,1399.6,0,NORMAL
CARG-01,85.47,3216.25,1.99,49.31,77.56,1646.7,27.23,108.71,1032.7,0,NORMAL
PALA-03,88.78,3429.19,2.88,60.43,69.4,1626.1,25.48,228.43,157.3,0,NORMAL
PALA-02,80.03,3259.84,1.24,54.47,77.73,1733.9,25.95,199.54,1692.1,0,NORMAL
CARG-02,76.87,3107.33,2.19,57.45,82.75,1538.1,26.73,135.85,2446.3,0,NORMAL
PALA-03,70.94,3012.69,2.46,57.37,80.72,1694.1,26.15,92.67,1046.3,0,NORMAL
PALA-03,77.59,3405.81,1.44,56.3,75.86,1765.8,26.55,178.44,3036.7,0,NORMAL
PALA-01,81.49,3357.91,1.7,48.56,78.11,1632.9,26.4,186.19,449.7,0,NORMAL
PALA-02,89.2,3440.9,4.06,58.78,75.68,1724.9,25.19,162.29,1338.0,0,NORMAL
PALA-02,85.03,3075.73,2.14,55.76,76.15,1751.8,27.52,148.24,2601.6,0,NORMAL
CARG-02,83.37,3580.92,6.06,46.63,77.48,1508.5,26.32,101.69,3394.8,0,NORMAL
PALA-03,80.2,2936.13,2.06,51.58,81.42,1744.8,27.68,180.95,1353.6,0,NORMAL
PALA-02,79.38,3377.73,2.96,47.93,71.45,1664.9,26.67,101.1,2607.6,0,NORMAL
CARG-02,88.33,2906.28,0.86,46.87,86.46,1941.7,27.45,169.65,2437.5,0,NORMAL
PALA-01,82.9,3107.74,0.62,58.27,80.59,1743.8,27.22,185.43,3282.1,0,NORMAL
PALA-02,72.54,2360.18,1.15,22.96,76.57,1609.7,27.38,149.23,1778.8,1,FALLA_PRESION_HIDRAULICA
PALA-01,78.97,3399.65,9.94,47.39,77.11,1502.0,26.22,151.12,2816.2,1,FALLA_DESGASTE_RODAMIENTOS
CARG-01,78.14,3151.68,1.72,63.89,78.46,1714.1,27.83,71.76,609.5,0,NORMAL
CARG-02,79.54,3156.61,0.83,51.76,81.02,1876.7,26.02,127.55,969.8,0,NORMAL
PALA-02,84.53,3268.11,2.04,57.29,81.61,1647.4,26.69,143.25,2233.6,0,NORMAL
CARG-02,81.52,3342.55,2.99,59.62,80.22,1757.8,27.09,103.48,1982.2,0,NORMAL
PALA-02,81.65,3475.28,1.22,57.87,77.98,1808.8,28.94,204.9,1587.5,0,NORMAL
CARG-02,87.91,3167.88,3.08,54.75,80.96,1802.5,27.28,132.81,2466.8,0,NORMAL
CARG-01,78.87,2959.88,0.97,53.81,72.7,1719.5,25.98,143.72,895.0,0,NORMAL
CARG-01,90.39,3278.25,2.95,56.69,76.14,1641.0,26.62,222.42,2462.3,0,NORMAL
PALA-01,78.98,3167.66,3.36,52.88,78.3,1688.8,25.32,195.75,698.2,0,NORMAL
CARG-02,82.4,3015.89,1.39,57.47,75.63,1591.6,27.58,221.54,1756.8,0,NORMAL
CARG-01,80.73,3303.58,3.59,52.71,80.13,1606.9,23.9,204.64,441.5,0,NORMAL
PALA-02,82.56,3211.64,3.94,53.27,75.65,1838.8,26.26,184.27,1834.4,0,NORMAL
CARG-01,84.0,3305.17,2.4,63.41,87.85,1760.2,28.16,131.92,2883.6,0,NORMAL
PALA-02,83.95,3089.0,1.45,51.6,75.17,1754.5,27.01,108.44,1718.7,0,NORMAL
CARG-02,78.61,3337.61,6.24,54.1,87.04,1633.9,26.79,187.92,1181.4,0,NORMAL
PALA-01,76.95,3012.92,1.33,56.15,72.98,1863.7,25.45,140.91,525.9,0,NORMAL
CARG-01,93.26,3101.01,4.21,56.47,89.02,1692.1,27.46,77.85,1288.0,0,NORMAL
PALA-03,79.82,3206.28,4.97,55.46,83.34,1735.7,25.67,175.3,3006.1,0,NORMAL
PALA-01,85.15,3563.53,2.45,47.75,84.17,1859.8,25.68,168.11,1399.3,0,NORMAL
PALA-01,74.77,3391.27,1.08,54.81,75.54,1633.3,27.46,114.44,687.9,0,NORMAL
PALA-01,80.74,3443.89,2.35,55.21,79.71,1643.8,25.64,208.88,3115.2,0,NORMAL
PALA-02,81.43,3505.07,13.77,59.7,79.97,1844.0,25.23,129.53,3412.8,1,FALLA_DESGASTE_RODAMIENTOS
PALA-02,84.13,3898.51,1.44,57.7,80.6,1817.7,25.63,237.98,3341.2,0,NORMAL
PALA-03,69.75,4156.16,1.91,60.03,86.09,1761.2,26.55,353.08,1839.7,1,FALLA_SOBRECARGA
PALA-02,82.75,3505.67,0.54,48.98,83.77,1458.7,26.0,195.37,1989.6,0,NORMAL
PALA-02,76.83,3432.27,1.92,49.02,80.34,1873.5,27.85,138.75,1097.2,0,NORMAL
CARG-01,83.46,3429.29,2.76,55.64,85.0,1646.8,20.58,166.06,1212.2,1,FALLA_ELECTRICA
PALA-01,77.34,3569.36,1.16,59.66,85.73,1650.4,25.41,169.4,1827.6,0,NORMAL
CARG-02,78.15,3174.52,4.13,53.0,78.73,1696.0,24.91,149.85,608.1,0,NORMAL
CARG-02,80.77,3160.24,0.9,50.3,78.61,1576.3,27.12,160.57,3369.9,0,NORMAL
PALA-03,103.75,3307.56,1.45,45.99,114.51,1866.2,26.64,220.65,2413.4,1,FALLA_TERMICA
PALA-03,79.86,3217.11,3.75,55.82,80.04,1740.7,26.89,135.55,211.0,0,NORMAL
CARG-02,76.63,3307.33,1.84,53.44,78.43,1803.9,26.06,175.99,941.0,0,NORMAL
PALA-01,73.75,3531.29,4.58,51.83,80.38,1627.0,26.52,140.25,1085.5,0,NORMAL
PALA-01,86.58,3163.93,0.67,58.53,85.3,1838.4,27.35,104.91,85.5,0,NORMAL
PALA-01,76.17,3195.16,1.65,53.57,83.87,1890.8,26.4,197.15,3445.8,0,NORMAL
CARG-01,81.2,3281.38,2.38,54.0,80.5,1567.1,25.48,174.15,1015.0,0,NORMAL
PALA-01,85.39,3208.9,5.25,58.5,83.45,1585.0,26.98,194.45,228.1,0,NORMAL
PALA-03,79.23,2905.48,2.15,64.95,82.0,1623.4,26.12,126.48,3072.8,0,NORMAL
CARG-02,78.29,3145.58,2.66,51.78,80.43,1831.0,27.17,138.24,431.2,0,NORMAL
CARG-02,83.02,3373.73,1.98,49.62,79.8,1741.7,26.42,173.8,1622.5,0,NORMAL
PALA-03,87.03,3508.76,1.88,49.05,81.59,1712.0,27.09,187.07,1308.0,0,NORMAL
PALA-01,76.74,3042.17,1.44,56.38,79.34,1764.1,26.81,201.76,319.1,0,NORMAL
CARG-01,81.32,3041.33,2.49,48.55,81.28,1951.9,27.44,156.47,162.4,0,NORMAL
PALA-03,74.2,3255.44,1.73,52.13,80.8,1510.5,27.17,177.63,977.5,0,NORMAL
PALA-01,80.23,2876.39,2.73,52.57,75.2,1682.8,25.36,222.56,1291.1,0,NORMAL
PALA-01,82.15,3169.91,2.14,61.78,78.88,1350.8,24.9,146.6,2625.7,0,NORMAL
CARG-02,78.15,2937.51,1.64,59.96,79.97,1780.8,26.34,169.85,2548.8,0,NORMAL
PALA-03,79.94,3496.43,4.15,46.32,88.44,1850.4,26.88,154.9,1651.9,0,NORMAL
CARG-01,75.66,3111.52,1.37,61.92,80.36,1683.2,25.82,167.35,775.2,0,NORMAL
CARG-02,82.35,3547.51,0.55,47.92,82.09,1798.3,26.76,208.51,2955.4,0,NORMAL
PALA-03,86.75,3450.43,1.48,54.8,89.61,1535.7,26.72,139.17,2289.9,0,NORMAL
PALA-03,77.06,3133.66,0.5,49.83,74.68,1777.4,26.34,130.51,1253.4,0,NORMAL
PALA-02,79.2,3057.05,1.78,52.06,74.86,2014.6,25.89,190.67,3054.6,0,NORMAL
PALA-02,84.26,3215.16,10.29,49.1,77.89,1674.2,25.58,212.84,3339.4,1,FALLA_DESGASTE_RODAMIENTOS
PALA-02,87.45,3231.16,4.05,62.38,79.67,1770.1,28.38,108.98,52.1,0,NORMAL
CARG-01,75.28,3312.31,1.56,53.3,80.07,1649.2,24.7,148.16,3047.8,0,NORMAL
PALA-03,81.24,3110.22,2.62,55.13,78.96,1741.1,25.41,171.02,1876.5,0,NORMAL
CARG-02,83.27,3384.35,2.91,48.64,76.07,1852.9,28.48,161.56,3239.2,0,NORMAL
PALA-02,81.54,3297.76,0.86,46.92,84.9,1791.9,25.57,164.88,2709.0,0,NORMAL
PALA-03,70.85,3188.73,3.52,51.78,79.18,1707.7,25.95,162.38,554.7,0,NORMAL
PALA-03,84.25,3121.83,0.96,56.61,85.74,1705.7,26.94,134.3,1227.0,0,NORMAL
PALA-03,88.84,3216.72,1.62,53.39,76.93,1575.8,26.78,70.35,1125.4,0,NORMAL
CARG-01,82.52,3102.96,1.1,58.87,88.84,1842.2,26.75,159.1,2475.1,0,NORMAL
PALA-01,77.36,4332.87,2.37,54.62,74.34,1809.9,27.6,301.28,1907.9,1,FALLA_SOBRECARGA
PALA-03,113.51,3265.38,1.28,54.03,104.37,1569.3,25.63,107.68,983.2,1,FALLA_TERMICA
PALA-01,89.96,3297.11,1.44,56.68,77.01,1741.1,26.54,136.21,2677.4,0,NORMAL
PALA-02,86.09,3567.92,3.18,54.5,81.14,1608.8,26.36,191.18,2306.0,0,NORMAL
PALA-02,84.88,4008.09,1.54,58.72,77.08,1665.3,25.7,307.52,2786.4,1,FALLA_SOBRECARGA
PALA-03,83.6,3430.83,2.0,56.78,72.42,1817.4,26.48,166.54,2627.3,0,NORMAL
CARG-02,79.02,3291.33,0.95,58.55,77.88,1838.8,26.85,122.55,2166.9,0,NORMAL
PALA-03,81.1,3207.12,0.78,57.58,87.38,1805.3,26.87,180.77,622.8,0,NORMAL
CARG-01,81.65,3228.55,2.2,60.8,77.0,1687.5,27.26,237.85,721.4,0,NORMAL
PALA-03,84.47,4384.82,1.5,58.14,83.03,1775.3,26.37,340.7,2766.3,1,FALLA_SOBRECARGA
PALA-03,88.79,3300.36,4.5,62.74,81.02,1627.3,25.59,175.33,3003.6,0,NORMAL
PALA-01,87.03,3077.32,5.52,51.29,79.18,1810.3,25.29,168.81,1782.7,0,NORMAL
PALA-02,75.61,2986.24,1.0,58.17,89.17,1717.8,26.03,136.9,3455.7,0,NORMAL
PALA-02,83.01,3367.77,0.8,47.1,79.74,1663.0,25.32,193.59,1068.5,0,NORMAL
PALA-02,85.32,3411.66,4.55,58.74,81.68,1632.5,25.83,155.74,2574.3,0,NORMAL
PALA-01,84.78,3384.21,2.53,54.28,81.34,1801.4,25.45,220.33,2360.5,0,NORMAL
PALA-01,79.17,3277.89,2.17,58.68,87.3,1703.6,25.88,222.53,2625.3,0,NORMAL
PALA-02,95.11,3388.1,0.85,62.4,75.01,1661.2,27.83,141.17,1484.9,0,NORMAL
CARG-02,76.25,3378.42,5.31,58.01,89.98,1660.8,26.3,186.82,892.9,0,NORMAL
PALA-02,77.13,3391.77,1.25,51.94,87.08,1570.8,27.66,139.43,1446.8,0,NORMAL
PALA-02,83.05,3095.28,2.97,48.56,82.59,1740.0,26.73,200.72,704.4,0,NORMAL
PALA-01,91.53,3052.55,2.89,56.68,83.47,1754.5,25.9,129.16,435.8,0,NORMAL
PALA-03,78.24,3180.06,0.75,52.57,80.09,1542.2,26.3,168.29,2410.7,0,NORMAL
PALA-02,80.8,3246.87,1.38,57.32,81.6,1590.9,18.38,178.17,3451.1,1,FALLA_ELECTRICA
PALA-01,86.85,3206.45,0.89,51.47,82.68,1522.2,26.14,186.96,2350.8,0,NORMAL
PALA-03,81.92,2912.2,0.57,49.35,77.37,1864.6,25.35,124.24,513.8,0,NORMAL
PALA-01,80.49,3559.9,1.78,52.79,87.08,1794.2,26.88,175.97,1849.0,0,NORMAL
PALA-01,84.55,3200.67,0.96,56.5,81.9,1852.5,26.05,167.53,2134.2,0,NORMAL
PALA-01,83.23,3281.09,1.25,54.61,81.57,1914.4,26.16,120.29,2588.0,0,NORMAL
PALA-01,86.64,3474.02,0.84,49.93,77.53,1772.7,26.07,200.48,2725.2,0,NORMAL
PALA-01,87.81,2827.9,1.66,63.0,85.68,1712.8,27.12,216.24,732.0,0,NORMAL
PALA-02,83.38,3157.9,4.48,53.31,80.82,1743.4,25.69,162.1,1179.3,0,NORMAL
CARG-01,83.31,3180.32,2.35,42.69,78.9,1642.6,25.64,155.35,1924.6,0,NORMAL
PALA-03,82.96,3189.46,1.48,58.66,76.66,1623.6,26.67,147.14,65.9,0,NORMAL
PALA-03,84.2,3218.77,1.92,53.94,80.35,1669.5,27.27,248.68,734.4,0,NORMAL
PALA-02,82.25,3510.48,2.26,53.15,76.32,1690.2,26.67,192.86,3351.8,0,NORMAL
CARG-02,82.0,3371.22,2.28,53.05,82.38,1520.8,28.15,134.98,1282.6,0,NORMAL
PALA-02,87.38,3422.45,1.69,53.08,84.1,1571.6,25.65,104.28,2622.3,0,NORMAL
PALA-01,88.82,3258.48,1.34,62.34,79.43,1567.6,24.67,145.06,1679.4,0,NORMAL
PALA-03,75.22,2998.11,2.96,56.32,81.94,1562.5,26.79,145.29,3497.0,0,NORMAL
PALA-01,82.05,2875.65,1.04,55.3,85.88,1796.5,26.28,168.94,3160.1,0,NORMAL
PALA-02,78.9,2974.71,2.98,52.69,80.31,1679.9,26.78,161.56,1038.9,0,NORMAL
PALA-03,80.6,3314.76,1.56,62.64,80.58,1696.9,27.09,200.06,2819.1,0,NORMAL
CARG-02,83.81,3255.72,3.54,58.21,81.02,1765.9,25.18,65.21,1955.3,0,NORMAL
PALA-02,108.76,3212.17,1.13,58.95,96.72,1818.7,26.17,178.82,1104.2,1,FALLA_TERMICA
CARG-01,81.5,3183.66,1.11,55.39,79.59,1774.7,26.87,191.29,1827.8,0,NORMAL
CARG-02,73.39,3612.11,2.04,59.0,77.92,1916.5,26.6,97.11,1200.2,0,NORMAL
PALA-01,77.66,3101.88,1.25,55.97,82.72,1724.7,26.26,129.64,673.7,0,NORMAL
PALA-02,86.03,3417.01,4.57,52.14,80.71,1743.7,26.99,143.06,1663.3,0,NORMAL
PALA-02,69.67,3250.34,1.36,55.85,83.4,1647.4,27.2,177.72,1515.9,0,NORMAL
PALA-02,87.34,3239.03,1.18,64.49,85.09,1492.7,24.76,145.53,1136.0,0,NORMAL
PALA-02,84.35,3461.79,2.48,55.02,76.8,1729.5,27.66,158.8,2185.2,0,NORMAL
CARG-02,87.92,3513.26,0.45,60.35,77.65,1823.7,25.42,132.41,492.7,0,NORMAL
CARG-01,81.11,3206.88,0.61,59.96,83.77,1630.9,26.88,162.23,3407.9,0,NORMAL
PALA-03,72.72,3393.86,4.72,56.81,79.98,1658.7,26.14,137.9,781.7,0,NORMAL
PALA-02,83.94,3315.5,2.72,62.28,81.32,1835.2,27.4,129.28,2163.7,0,NORMAL
CARG-01,87.74,3251.34,2.27,43.14,81.33,1714.1,26.98,164.92,1436.2,0,NORMAL
CARG-02,86.16,3286.77,1.29,44.82,77.21,1609.2,26.87,190.25,83.8,0,NORMAL
CARG-01,79.02,3126.16,1.84,62.64,83.02,1605.0,26.58,169.18,783.3,0,NORMAL
PALA-01,82.39,3194.9,1.38,50.76,82.0,1798.8,25.97,152.12,1951.6,0,NORMAL
PALA-03,79.6,3145.49,1.53,54.56,76.97,1704.3,25.61,195.31,1254.4,0,NORMAL
PALA-01,78.31,3412.25,3.11,62.75,80.34,1702.6,25.29,143.95,2935.4,0,NORMAL
PALA-02,86.3,3232.86,2.39,55.0,80.56,1554.4,25.9,157.21,2371.7,0,NORMAL
PALA-01,76.61,3016.41,1.62,62.45,83.99,1777.2,27.13,200.95,590.4,0,NORMAL
PALA-03,77.98,3119.78,0.71,52.06,85.69,1843.9,25.6,144.93,3276.5,0,NORMAL
PALA-03,77.03,2674.13,5.68,57.08,80.97,1676.5,27.37,141.07,882.8,0,NORMAL
PALA-01,75.29,3160.99,1.06,54.29,74.28,1769.1,25.58,186.03,259.5,0,NORMAL
PALA-02,82.66,3256.78,3.13,61.45,83.9,1671.2,26.27,125.07,1727.0,0,NORMAL
PALA-02,87.23,2212.36,1.36,32.17,89.79,1791.3,26.76,202.05,1560.5,1,FALLA_PRESION_HIDRAULICA
PALA-02,81.17,3606.43,2.17,49.18,83.87,1779.3,27.22,92.19,1744.1,0,NORMAL
PALA-01,75.22,3353.48,1.19,51.66,79.91,1673.9,26.11,162.61,299.3,0,NORMAL
PALA-02,85.78,3345.48,5.95,51.88,82.6,1464.7,26.78,137.21,2982.3,1,FALLA_DESGASTE_RODAMIENTOS
CARG-01,114.22,2954.21,1.28,50.76,102.03,1624.1,26.57,171.89,3230.2,1,FALLA_TERMICA
PALA-01,79.09,3184.36,2.09,50.56,81.45,1761.4,26.2,211.25,2795.3,0,NORMAL
PALA-01,79.85,3162.4,1.29,59.61,86.26,1826.1,25.57,119.5,559.7,0,NORMAL
PALA-02,84.32,3108.51,2.04,61.04,76.47,1647.4,26.75,110.83,1044.1,0,NORMAL
CARG-02,89.3,3106.02,3.77,55.96,79.38,1881.3,26.42,200.26,2627.5,0,NORMAL
PALA-03,79.66,2924.54,1.01,50.76,82.84,1899.3,26.14,151.94,3009.9,0,NORMAL
PALA-03,76.0,3020.35,1.01,51.08,83.79,1803.8,26.49,157.11,534.0,0,NORMAL
PALA-02,84.84,3407.34,4.19,43.64,78.81,1583.7,26.86,150.69,2108.3,0,NORMAL
PALA-03,85.6,3224.28,2.75,55.9,79.19,1805.4,25.06,147.31,1564.6,0,NORMAL
PALA-01,82.03,3158.85,1.97,50.59,78.33,1655.4,25.96,128.07,1726.0,0,NORMAL
PALA-03,79.49,3249.03,0.82,61.36,78.02,1648.8,25.62,151.51,2785.6,0,NORMAL
CARG-02,86.47,3460.13,0.73,47.11,83.08,1774.4,25.68,130.5,2096.6,0,NORMAL
PALA-03,84.38,3250.76,1.17,51.04,80.85,1771.4,25.77,195.04,1972.1,0,NORMAL
CARG-02,78.54,1898.87,2.12,21.9,86.19,1774.7,27.28,140.64,1361.6,1,FALLA_PRESION_HIDRAULICA
CARG-01,82.22,3097.61,3.25,56.33,76.63,1798.8,26.67,205.88,1164.0,0,NORMAL
PALA-01,75.92,3138.65,2.09,63.01,80.37,1713.2,25.52,183.42,2566.5,0,NORMAL
CARG-02,85.09,3313.72,2.16,47.15,83.94,1546.1,26.55,124.93,3206.5,0,NORMAL
PALA-01,80.82,3590.68,3.46,52.49,82.38,1969.9,26.74,122.78,138.0,0,NORMAL
PALA-03,80.04,3507.36,2.46,46.86,76.61,1673.1,26.11,152.28,1692.6,0,NORMAL
PALA-01,81.85,3354.91,1.46,57.95,85.61,1634.5,25.37,134.37,2006.0,0,NORMAL
PALA-01,82.18,3277.26,1.91,50.77,81.38,1574.2,25.53,134.12,1028.7,0,NORMAL
PALA-02,86.03,3502.19,3.3,53.48,88.67,1738.2,25.13,189.39,354.1,0,NORMAL
PALA-02,84.66,3393.04,2.26,53.14,80.47,1724.3,28.11,169.6,631.0,0,NORMAL
PALA-02,81.3,2837.14,4.37,54.58,85.63,1705.6,25.02,203.06,2489.6,0,NORMAL
PALA-03,85.44,3060.29,1.3,53.22,79.57,1899.8,25.4,122.48,804.2,0,NORMAL
PALA-01,83.8,3310.87,1.07,49.14,80.06,1799.0,26.38,95.85,1421.6,0,NORMAL
PALA-01,80.08,2928.35,2.35,54.42,82.98,1597.9,24.94,134.43,104.6,0,NORMAL
PALA-03,81.44,3088.43,2.06,50.03,74.19,1968.9,25.47,197.69,637.1,0,NORMAL
PALA-02,81.33,3124.03,1.0,58.07,72.92,1538.2,26.49,138.05,2866.4,0,NORMAL
CARG-01,84.27,3203.89,1.39,54.29,78.29,1706.1,26.56,217.29,1866.4,0,NORMAL
PALA-03,80.35,3198.26,3.78,48.8,75.8,1632.4,26.73,141.34,387.6,0,NORMAL
CARG-01,80.24,3197.96,2.52,66.03,71.98,1764.5,26.97,180.45,335.9,0,NORMAL
PALA-03,90.86,3398.56,1.45,62.29,83.97,1796.3,26.37,159.09,3226.8,0,NORMAL
PALA-02,86.23,3202.26,1.15,66.22,77.84,1670.5,25.85,91.4,1332.0,0,NORMAL
PALA-03,107.84,3180.77,1.62,52.29,99.52,1846.1,26.77,136.9,2695.1,1,FALLA_TERMICA
PALA-02,84.57,3007.15,3.21,49.82,81.56,1743.9,27.51,176.8,1556.6,0,NORMAL
PALA-02,82.53,1834.97,2.02,27.91,83.02,1895.3,26.89,158.35,477.5,1,FALLA_PRESION_HIDRAULICA
CARG-01,83.76,3129.13,1.89,59.54,82.13,1831.5,25.71,144.68,1862.2,0,NORMAL
PALA-02,82.62,4213.76,3.29,54.98,81.81,1663.4,26.89,318.28,392.7,1,FALLA_SOBRECARGA
CARG-01,87.35,3288.36,1.03,43.48,82.88,1846.6,26.85,165.27,3027.7,0,NORMAL
CARG-01,83.56,3111.95,1.27,49.09,79.0,1642.6,25.41,64.74,219.9,0,NORMAL
CARG-02,81.72,3155.33,2.11,56.11,78.15,1795.2,26.21,140.47,2465.2,0,NORMAL
CARG-02,86.69,3296.52,1.88,50.7,71.73,1783.2,26.85,131.69,3422.3,0,NORMAL
PALA-02,83.05,3191.23,1.68,47.17,83.55,1658.0,27.33,184.22,3105.9,0,NORMAL
PALA-02,82.55,3666.09,11.22,52.71,78.26,1480.7,25.88,186.53,3108.1,1,FALLA_DESGASTE_RODAMIENTOS
PALA-03,83.41,3236.53,0.61,37.77,88.93,1897.3,25.23,165.94,931.7,0,NORMAL
PALA-02,81.58,3361.21,1.09,50.98,83.95,1770.3,26.81,163.97,1663.2,0,NORMAL
PALA-03,82.04,2900.5,1.09,51.87,84.8,1722.5,26.2,89.57,848.6,0,NORMAL
CARG-01,79.36,3095.08,2.64,55.55,83.82,1722.2,26.59,128.19,2425.3,0,NORMAL
PALA-03,78.62,3900.14,1.54,56.74,83.12,1837.0,26.55,340.12,2311.5,1,FALLA_SOBRECARGA
PALA-02,77.51,3078.21,5.35,55.89,82.9,1982.2,26.52,156.17,1072.6,0,NORMAL
PALA-01,75.74,3324.8,3.45,58.49,83.28,1828.3,26.07,159.82,1463.2,0,NORMAL
PALA-02,78.04,3436.4,1.54,53.16,81.7,1764.1,27.13,91.81,1362.4,0,NORMAL
PALA-01,81.22,3312.03,2.6,46.72,78.53,1754.3,25.72,194.13,2456.6,0,NORMAL
CARG-02,82.46,3209.2,2.54,54.22,76.29,1763.7,26.61,124.18,114.7,0,NORMAL
PALA-02,80.78,3136.45,3.97,49.62,82.69,1599.5,26.71,80.66,3242.3,0,NORMAL
PALA-01,71.4,4592.87,1.71,47.22,86.17,1790.2,26.24,315.0,537.0,1,FALLA_SOBRECARGA
PALA-01,89.09,3622.83,1.43,56.9,80.5,1562.7,27.03,128.06,1137.2,0,NORMAL
PALA-03,86.89,3274.31,2.44,46.94,81.61,1773.0,26.03,184.22,212.1,0,NORMAL
PALA-03,84.01,3419.09,1.72,57.4,75.73,1663.4,28.24,98.97,1565.1,0,NORMAL
PALA-02,90.58,3311.81,2.76,47.54,79.18,1823.9,26.59,145.82,2594.3,0,NORMAL
PALA-01,77.6,3385.99,3.74,52.55,76.08,1765.7,27.39,126.26,2756.1,0,NORMAL
PALA-02,90.49,3040.38,1.17,51.18,76.36,1677.9,27.11,173.75,1298.2,0,NORMAL
PALA-02,77.66,3162.14,1.36,59.68,81.39,1598.7,27.54,128.84,1367.7,0,NORMAL
PALA-03,83.07,3321.18,3.57,56.97,80.77,1897.1,26.47,173.76,1221.9,0,NORMAL
PALA-03,76.27,3468.25,1.97,49.88,84.15,1709.6,27.3,145.18,808.2,0,NORMAL
PALA-02,82.07,1831.23,2.01,34.83,84.06,1928.8,27.56,136.98,2515.2,1,FALLA_PRESION_HIDRAULICA
PALA-01,83.74,2884.01,3.27,60.65,77.5,1572.3,26.63,191.48,3132.8,0,NORMAL
CARG-02,81.3,3160.31,1.85,61.47,73.26,1689.6,25.84,228.38,1452.8,0,NORMAL
PALA-02,85.21,3431.82,12.06,47.16,77.21,1449.9,27.86,147.23,3890.9,1,FALLA_DESGASTE_RODAMIENTOS
PALA-03,82.45,2964.9,1.23,60.58,78.16,1810.7,26.42,132.93,1737.2,0,NORMAL
PALA-01,79.65,3038.15,1.58,60.2,83.21,1820.6,26.46,155.14,492.5,0,NORMAL
PALA-02,79.45,3278.07,4.07,54.89,83.45,1647.4,26.62,163.77,1815.7,0,NORMAL
PALA-01,85.65,3229.13,1.98,53.55,80.81,1641.5,25.77,97.21,971.5,0,NORMAL
PALA-03,79.06,3357.0,1.19,51.25,83.96,1673.4,26.67,124.5,2358.8,0,NORMAL
CARG-02,86.12,3028.83,1.16,47.73,91.25,1691.2,26.68,107.29,1599.7,0,NORMAL
PALA-02,87.5,3191.5,1.88,55.69,80.53,1652.9,26.39,119.67,2386.3,0,NORMAL
PALA-01,74.49,3465.13,3.03,53.15,80.07,1849.7,26.35,210.83,1710.3,0,NORMAL
PALA-01,87.1,3035.28,0.4,56.17,77.64,1663.7,26.22,79.97,2676.2,0,NORMAL
PALA-02,91.27,3515.84,8.54,56.29,82.28,1492.4,26.1,173.04,2962.2,1,FALLA_DESGASTE_RODAMIENTOS
PALA-01,83.13,3057.86,2.54,66.59,85.55,1689.4,26.98,147.04,3017.9,0,NORMAL
PALA-01,84.7,3402.89,2.22,59.98,79.01,1658.5,26.63,168.52,2489.9,0,NORMAL
CARG-01,86.67,3182.87,2.42,56.73,79.44,1563.1,27.14,119.1,896.5,0,NORMAL
PALA-02,80.76,3043.92,1.3,43.32,78.91,1742.7,25.98,143.89,2015.5,0,NORMAL
PALA-02,82.82,3160.56,2.09,55.96,76.4,1488.9,27.3,202.83,2235.3,0,NORMAL
CARG-02,76.09,3348.09,3.33,61.91,81.54,1765.7,27.11,144.1,2576.9,0,NORMAL
PALA-01,82.62,3248.77,1.55,51.87,81.68,1716.0,26.21,209.35,718.1,0,NORMAL
CARG-02,84.24,3451.32,2.04,64.95,80.83,1652.4,25.87,64.62,1833.3,0,NORMAL
PALA-02,84.32,3508.43,0.69,56.72,88.36,1582.5,26.88,178.87,1645.5,0,NORMAL
CARG-02,118.19,3037.05,2.52,55.47,109.64,1544.4,25.13,161.46,956.3,1,FALLA_TERMICA
PALA-03,78.51,3023.87,1.32,49.05,76.53,1825.8,26.07,109.66,1909.5,0,NORMAL
CARG-01,79.6,3015.14,0.94,61.52,83.53,1684.1,26.62,192.06,3186.2,0,NORMAL
CARG-02,90.53,3088.14,1.47,49.85,79.64,1518.6,26.28,133.79,2703.2,0,NORMAL
PALA-02,81.32,3448.76,2.59,51.18,79.68,1718.6,25.54,168.1,1974.7,0,NORMAL
CARG-02,82.9,3350.87,1.34,44.59,80.31,1687.2,26.47,125.46,2567.5,0,NORMAL
PALA-02,81.7,3151.9,1.05,58.48,79.86,1889.6,25.6,142.14,2771.7,0,NORMAL
PALA-02,78.3,3248.0,2.8,56.94,82.08,1670.6,26.61,184.69,2544.2,0,NORMAL
PALA-02,89.31,2573.72,1.17,35.57,89.46,1837.5,26.09,242.33,3019.2,1,FALLA_PRESION_HIDRAULICA
PALA-03,79.63,3593.44,5.2,57.7,79.53,1693.7,26.29,128.58,2730.6,0,NORMAL
PALA-01,76.93,3296.69,3.26,57.23,81.36,1578.2,25.74,203.73,2905.7,0,NORMAL
PALA-03,79.97,2771.33,4.08,52.17,81.94,1776.6,27.02,206.9,1841.0,0,NORMAL
PALA-03,72.99,3303.51,2.13,50.08,78.95,1866.1,26.28,182.32,1785.5,0,NORMAL
CARG-01,79.07,3418.25,1.31,45.42,79.39,1828.8,25.81,186.86,1285.7,0,NORMAL
CARG-01,77.64,3290.43,3.38,53.11,84.97,1757.7,26.3,135.25,1751.7,0,NORMAL
PALA-02,84.78,3380.77,1.0,47.46,78.96,1839.7,27.79,126.07,2455.1,0,NORMAL
PALA-02,78.97,3314.27,0.63,54.81,77.45,1740.4,26.67,143.45,1123.2,0,NORMAL
PALA-02,86.0,3027.76,2.42,53.2,88.13,1729.8,27.26,169.33,820.1,0,NORMAL
PALA-01,88.29,3090.48,0.88,51.99,76.18,1543.3,25.11,149.45,3089.6,0,NORMAL
PALA-01,85.52,3192.19,1.88,59.23,84.53,1745.5,26.24,133.86,144.2,0,NORMAL
PALA-02,81.03,3441.77,1.82,49.07,80.19,1901.0,25.6,135.41,3274.7,0,NORMAL
PALA-02,82.64,3112.14,2.97,44.76,76.14,1523.7,25.98,149.36,2984.3,0,NORMAL
CARG-02,75.14,3332.06,0.96,52.87,79.49,1562.5,25.79,190.11,2322.5,0,NORMAL
PALA-03,81.4,3304.66,0.8,50.3,80.1,1680.8,27.43,122.24,2671.0,0,NORMAL
PALA-02,78.13,3535.52,1.74,54.61,74.48,1557.3,26.97,179.81,2119.1,0,NORMAL
PALA-03,85.12,3242.5,0.34,49.43,82.71,1802.1,25.8,178.38,2026.7,0,NORMAL
PALA-01,93.58,2934.14,2.33,56.1,82.31,1512.7,26.03,141.71,2288.4,0,NORMAL
PALA-02,84.25,3366.44,2.22,49.14,79.61,1801.7,26.69,170.36,68.5,0,NORMAL
PALA-03,73.04,3634.85,2.24,49.08,82.89,1840.5,27.11,201.52,2929.0,0,NORMAL
PALA-02,80.37,2193.01,1.72,38.51,81.82,1798.8,27.23,148.65,2866.1,1,FALLA_PRESION_HIDRAULICA
PALA-02,82.55,3108.22,4.62,53.77,86.17,1722.5,26.91,132.97,1727.9,0,NORMAL
CARG-02,82.39,3055.25,2.46,48.06,76.69,1784.1,27.85,126.32,867.4,0,NORMAL
CARG-02,78.71,3078.47,2.81,49.24,79.83,1581.4,26.74,130.43,1203.3,0,NORMAL
PALA-03,83.1,3610.6,1.41,52.14,85.0,1751.2,26.04,187.68,1523.5,0,NORMAL
PALA-03,76.41,3191.08,1.76,48.29,83.17,1645.8,25.75,158.0,598.6,0,NORMAL
PALA-03,77.75,3130.72,1.2,52.56,71.79,1826.9,25.54,103.93,2147.8,0,NORMAL
PALA-01,84.91,3221.48,2.1,52.74,74.32,1805.2,25.43,203.92,573.8,0,NORMAL
PALA-02,77.43,3192.96,1.21,49.41,81.0,1622.8,26.94,153.68,2407.4,0,NORMAL
PALA-01,84.42,3532.18,2.85,57.25,87.56,1762.2,27.67,176.8,1995.3,0,NORMAL
PALA-02,75.84,3067.39,1.93,48.9,79.27,1767.2,26.48,181.05,2933.6,0,NORMAL
PALA-03,89.94,3462.52,0.25,60.23,83.6,1663.1,27.86,130.8,1423.4,0,NORMAL
PALA-01,78.52,3271.98,1.15,52.91,81.33,1722.7,26.42,116.93,3175.2,0,NORMAL
CARG-02,80.99,3467.26,3.88,50.7,83.32,1781.4,26.89,126.16,2302.7,0,NORMAL
CARG-02,83.49,3534.87,4.02,56.7,85.28,1665.2,25.13,153.17,52.8,0,NORMAL
CARG-01,79.46,3265.26,2.62,54.17,84.78,1613.7,27.05,175.31,1558.9,0,NORMAL
PALA-03,82.65,3193.29,1.75,57.8,84.64,1747.3,25.89,225.22,3386.1,0,NORMAL
CARG-02,84.59,3261.91,3.62,43.99,78.54,1898.0,27.06,191.42,3364.2,0,NORMAL
PALA-01,86.32,3232.94,1.83,56.58,80.4,1701.7,27.43,91.23,2021.9,0,NORMAL
CARG-01,85.56,2951.75,12.15,51.4,83.07,1677.7,26.64,154.66,2956.3,1,FALLA_DESGASTE_RODAMIENTOS
PALA-01,81.23,3529.45,2.09,54.19,82.93,1624.9,26.75,80.39,866.7,0,NORMAL
CARG-01,81.34,3294.24,1.66,53.56,83.38,1858.0,26.49,193.62,1158.5,0,NORMAL
PALA-02,92.57,3040.64,2.84,60.73,73.93,1825.0,26.91,153.03,1414.4,0,NORMAL
CARG-02,86.27,2877.85,1.06,44.7,85.79,1702.5,27.9,161.24,1476.9,0,NORMAL
CARG-02,77.85,2831.03,1.21,62.07,74.19,1625.5,26.41,151.73,2488.8,0,NORMAL
PALA-01,82.45,3388.69,0.84,57.53,78.0,1624.4,26.53,162.64,312.5,0,NORMAL
PALA-02,80.49,3138.58,2.47,54.76,81.78,1617.3,24.98,136.0,207.9,0,NORMAL
CARG-02,81.39,3168.12,1.89,46.83,80.88,1660.8,26.74,163.44,1846.0,0,NORMAL
PALA-02,76.47,3337.87,6.87,45.64,86.67,1652.7,25.78,126.75,2045.9,0,NORMAL
CARG-02,80.15,3157.11,2.52,51.2,76.32,1631.4,26.24,170.18,1386.7,0,NORMAL
PALA-03,90.15,3348.37,1.64,57.18,79.54,1853.8,26.78,169.47,2626.9,0,NORMAL
PALA-02,84.61,3267.15,1.81,53.97,73.12,1910.2,25.11,176.74,631.0,0,NORMAL
PALA-02,70.79,3234.86,2.22,56.89,81.53,1589.3,26.77,156.53,3468.7,0,NORMAL
PALA-01,87.48,2966.9,1.41,46.68,80.17,1651.4,26.6,196.37,1259.2,0,NORMAL
CARG-01,86.9,3102.45,0.42,54.22,76.04,1606.3,26.96,223.65,1194.0,0,NORMAL
PALA-02,80.38,3358.46,0.85,59.48,86.24,1758.2,25.89,106.31,1407.0,0,NORMAL
PALA-03,85.23,3127.24,1.51,61.26,85.32,1679.2,27.29,115.66,2936.6,0,NORMAL
PALA-02,78.13,3466.97,0.71,47.73,81.29,1596.3,26.64,154.02,810.1,0,NORMAL
PALA-03,79.88,3672.35,1.96,52.24,85.55,1918.3,25.83,144.18,1624.1,0,NORMAL
CARG-02,88.74,3368.15,3.24,52.3,80.63,1778.5,17.71,176.62,967.4,1,FALLA_ELECTRICA
CARG-02,80.78,3518.71,1.22,50.87,83.85,1602.5,25.97,176.64,196.3,0,NORMAL
PALA-02,73.59,3379.73,1.54,58.54,84.45,1900.8,27.1,170.49,1316.9,0,NORMAL
CARG-01,81.72,3153.83,1.8,68.36,76.73,1582.4,26.76,101.91,312.1,0,NORMAL
CARG-01,81.65,3286.03,1.65,48.43,82.73,1793.7,24.68,166.87,3397.4,0,NORMAL
PALA-03,87.39,3612.4,1.97,56.12,81.67,2010.1,26.13,224.82,535.7,0,NORMAL
CARG-02,82.06,3155.76,0.53,55.48,76.9,1704.3,26.5,178.07,3446.3,0,NORMAL
PALA-01,80.1,3062.92,3.42,55.58,75.89,1685.4,27.93,157.67,1637.3,0,NORMAL
PALA-01,108.9,3045.85,1.73,60.66,100.46,1740.1,27.43,181.63,622.0,1,FALLA_TERMICA
CARG-02,82.54,3210.84,1.15,55.87,79.87,1987.1,26.26,129.73,966.8,0,NORMAL
PALA-02,78.62,3069.38,2.28,43.32,75.14,1897.1,26.54,174.61,1385.2,0,NORMAL
CARG-01,87.2,3551.32,3.16,46.82,83.32,1666.8,25.31,159.26,2390.6,0,NORMAL
CARG-02,82.87,3288.94,1.04,48.67,84.74,1756.5,24.3,119.97,2512.1,0,NORMAL
PALA-01,82.01,3424.91,2.33,50.26,76.32,1830.7,26.08,168.6,802.7,0,NORMAL
CARG-02,82.8,3196.24,3.7,53.3,80.99,1668.5,27.2,161.54,731.1,0,NORMAL
PALA-02,77.18,3044.76,3.72,52.93,87.07,1584.2,26.54,188.26,3200.9,0,NORMAL
PALA-03,79.63,3014.31,2.88,44.88,77.35,1850.1,25.8,164.66,1609.8,0,NORMAL
PALA-03,82.02,3086.56,1.43,45.96,87.83,1781.2,27.13,167.22,1288.6,0,NORMAL
CARG-02,81.12,3312.55,1.07,43.41,79.7,1758.3,27.83,165.2,2210.1,0,NORMAL
PALA-01,87.73,3343.58,1.21,46.23,80.72,1852.8,25.21,164.68,1943.7,0,NORMAL
PALA-02,82.98,3358.58,3.67,58.96,75.42,1582.6,26.36,199.88,3135.8,0,NORMAL
PALA-03,85.85,2982.04,2.62,52.65,75.57,1692.2,25.97,185.07,596.8,0,NORMAL
CARG-01,82.04,3249.93,2.93,49.24,78.38,2036.6,26.44,127.17,1607.6,0,NORMAL
PALA-03,86.75,3065.31,1.89,44.41,84.54,1788.1,26.04,155.6,738.3,0,NORMAL
PALA-01,83.79,3322.26,0.57,48.94,90.36,1795.4,28.63,110.71,417.7,0,NORMAL
PALA-02,82.06,3336.23,2.31,57.04,91.42,1732.7,26.3,212.19,1044.6,0,NORMAL
PALA-02,81.94,3039.01,1.15,56.38,80.51,1499.1,26.64,135.62,283.3,0,NORMAL
CARG-01,77.71,3424.25,3.29,52.74,79.57,1621.8,26.53,133.38,2128.8,0,NORMAL
PALA-02,84.28,3670.99,1.22,52.66,77.06,1829.6,25.4,223.89,2987.8,0,NORMAL
PALA-01,81.82,3400.27,2.17,45.14,85.46,1655.0,26.56,139.14,1092.6,0,NORMAL
CARG-02,79.74,3220.69,2.66,50.12,78.1,1699.6,25.22,126.75,2233.4,0,NORMAL
PALA-01,86.98,3193.02,6.96,56.78,80.05,1755.0,27.84,183.05,497.8,0,NORMAL
CARG-02,76.37,3212.37,1.86,50.63,82.99,1602.8,27.12,159.69,860.1,0,NORMAL
PALA-03,80.1,3113.07,1.9,62.12,82.81,1566.1,25.94,128.7,2381.7,0,NORMAL
CARG-01,86.62,3295.43,3.3,60.03,78.56,1718.5,26.27,171.78,3222.1,0,NORMAL
PALA-02,83.42,3045.08,1.74,51.73,80.62,1675.5,27.22,181.95,115.7,0,NORMAL
PALA-01,81.78,2909.85,1.55,52.67,78.66,1747.3,26.62,190.21,2267.5,0,NORMAL
CARG-01,83.13,4076.04,1.33,65.12,77.67,1548.2,25.08,316.94,2480.8,1,FALLA_SOBRECARGA
CARG-01,82.81,3253.82,2.03,58.24,76.9,1655.8,26.53,191.05,2111.3,0,NORMAL
CARG-01,75.18,3147.19,1.45,54.35,75.11,1802.7,27.27,189.63,1524.9,0,NORMAL
PALA-01,80.43,3019.11,3.82,54.93,82.45,2073.5,24.53,143.8,3458.7,0,NORMAL
CARG-01,89.27,2275.43,2.87,35.12,80.04,1734.3,26.51,219.77,991.0,1,FALLA_PRESION_HIDRAULICA
CARG-01,79.03,3071.77,2.12,53.92,76.46,1800.5,25.73,182.79,1659.2,0,NORMAL
PALA-03,80.57,3224.99,2.01,48.65,76.09,1778.5,27.41,208.81,2374.3,0,NORMAL
CARG-01,79.56,3567.69,1.29,51.99,76.03,1755.2,26.04,155.15,50.2,0,NORMAL
CARG-01,81.61,3367.21,1.88,46.82,78.55,1801.8,25.96,189.64,1296.0,0,NORMAL
PALA-03,79.38,3003.56,1.78,57.62,85.5,1604.9,27.06,169.53,1405.8,0,NORMAL
PALA-01,84.19,3020.53,4.7,53.34,78.27,1677.1,25.68,193.95,86.4,0,NORMAL
PALA-02,82.89,3277.33,1.73,57.88,83.23,1750.0,26.47,145.34,140.3,0,NORMAL
PALA-01,85.48,3002.44,2.52,47.63,87.24,1604.0,26.62,140.54,3460.6,0,NORMAL
PALA-02,77.27,2889.69,2.59,61.11,81.67,1772.0,26.24,203.14,425.9,0,NORMAL
PALA-02,80.47,3345.83,1.13,60.49,77.94,1490.0,25.36,168.5,865.0,0,NORMAL
PALA-01,80.98,3307.77,1.71,46.13,80.64,1817.5,25.7,194.39,528.3,0,NORMAL
PALA-02,84.05,3331.11,2.83,51.47,80.83,1702.0,26.3,110.6,1822.2,0,NORMAL
PALA-01,78.43,3297.35,1.05,52.01,87.91,1803.3,24.88,131.8,2589.4,0,NORMAL
CARG-01,86.12,3238.24,5.28,46.81,74.07,1839.6,26.47,141.7,315.6,0,NORMAL
CARG-02,87.34,3130.81,2.09,52.7,85.46,1889.2,26.19,205.43,2071.7,0,NORMAL
PALA-01,77.55,3342.9,1.44,56.79,74.03,1752.2,26.86,204.09,1267.9,0,NORMAL
CARG-02,79.79,3525.38,0.93,51.65,84.25,1512.0,26.92,163.07,1742.4,0,NORMAL
PALA-03,79.61,3159.78,4.18,45.44,79.36,1508.6,25.5,176.83,967.6,0,NORMAL
PALA-02,93.85,3066.27,1.77,57.86,88.3,1568.2,25.98,165.89,3029.8,0,NORMAL
PALA-01,80.07,3045.68,2.49,50.04,83.69,1806.4,25.66,125.09,1610.7,0,NORMAL
PALA-03,89.55,3093.99,1.02,50.57,83.29,1551.0,25.98,162.09,603.8,0,NORMAL
CARG-01,76.3,3286.47,1.33,62.41,77.23,1691.9,26.2,128.38,2781.8,0,NORMAL
CARG-01,77.55,2864.87,3.2,55.98,88.22,1669.3,27.3,146.66,2643.8,0,NORMAL
PALA-01,78.91,3329.05,4.12,49.95,92.26,1763.3,25.92,152.14,1722.9,0,NORMAL
PALA-01,78.19,3365.9,1.19,48.05,89.05,1805.8,27.11,217.78,2539.8,0,NORMAL
PALA-02,80.79,2926.35,2.45,58.83,76.99,1731.4,26.61,165.52,2127.2,0,NORMAL
PALA-02,78.81,3073.75,2.43,58.49,80.24,1816.2,27.51,145.74,618.7,0,NORMAL
PALA-01,78.31,3264.34,3.2,51.47,76.25,1587.9,26.12,181.48,3497.6,0,NORMAL
PALA-02,87.21,3224.18,2.56,47.7,78.56,1842.5,25.75,136.87,2714.6,0,NORMAL
CARG-01,87.51,3343.53,2.79,55.93,82.13,1735.8,26.52,253.01,2349.2,0,NORMAL
CARG-02,86.27,3224.6,0.56,56.97,83.92,1811.2,25.11,175.05,2917.4,0,NORMAL
PALA-02,84.36,3477.66,2.39,52.14,83.13,1657.9,26.53,73.46,3252.0,0,NORMAL
CARG-02,82.42,3192.19,0.91,48.48,74.12,1473.9,26.85,131.85,2043.4,0,NORMAL
PALA-02,79.76,3073.05,2.29,54.12,80.85,1799.9,27.28,223.04,2080.1,0,NORMAL
PALA-02,77.71,3058.58,3.44,56.31,83.07,1702.8,26.72,165.18,131.0,0,NORMAL
PALA-01,83.63,3382.38,2.2,51.56,84.79,1864.2,26.29,143.45,1481.4,0,NORMAL
PALA-03,76.72,3255.33,2.82,55.31,82.71,1770.6,27.95,174.2,1805.1,0,NORMAL
CARG-02,77.53,3364.07,3.13,55.8,82.95,2074.2,26.39,104.37,858.0,0,NORMAL
PALA-03,87.19,3360.36,2.98,59.73,80.05,1872.5,25.55,125.99,1290.4,0,NORMAL
PALA-02,90.55,2886.43,2.28,51.9,82.09,1690.2,26.37,110.74,1313.7,0,NORMAL
PALA-03,83.77,3044.79,2.38,48.3,91.34,1529.8,25.32,147.13,1319.0,0,NORMAL
PALA-01,86.98,3066.29,3.37,53.66,85.83,1615.4,25.41,216.32,3347.5,0,NORMAL
CARG-02,80.89,3103.11,5.74,62.44,82.46,1607.5,26.59,180.91,2077.0,0,NORMAL
PALA-03,75.98,3174.34,1.27,45.18,83.91,1657.5,25.34,176.76,1132.9,0,NORMAL
PALA-02,84.75,3429.85,1.53,42.43,81.3,1705.0,25.91,136.9,1101.2,0,NORMAL
PALA-03,84.56,3465.73,3.01,53.46,81.28,1758.1,25.47,187.29,2971.7,0,NORMAL
PALA-03,82.32,3197.28,4.81,52.1,84.8,1884.9,26.51,132.84,2264.0,0,NORMAL
PALA-01,80.91,3204.77,0.82,52.96,78.6,1615.5,25.83,152.84,2986.1,0,NORMAL
PALA-03,86.33,3123.02,0.92,52.77,80.48,1553.4,26.83,186.41,2270.6,0,NORMAL
PALA-01,77.56,3266.05,2.05,59.03,75.52,1819.7,26.76,157.16,3205.8,0,NORMAL
CARG-01,78.52,3286.45,1.21,53.79,84.11,1879.9,25.36,192.01,1437.8,0,NORMAL
CARG-01,77.46,3395.17,2.22,58.1,85.28,1661.1,27.14,152.98,2956.5,0,NORMAL
CARG-01,82.38,3393.72,2.99,41.61,83.41,1844.9,26.26,207.53,656.9,0,NORMAL
PALA-03,77.1,2835.62,1.95,51.35,80.06,1812.4,25.42,174.61,2359.6,0,NORMAL
PALA-03,78.92,1895.08,1.54,28.34,80.82,1515.0,26.7,129.14,1305.0,1,FALLA_PRESION_HIDRAULICA
PALA-01,78.82,3499.14,2.92,42.58,81.59,1643.6,27.81,140.98,1861.2,0,NORMAL
CARG-01,80.83,3171.14,0.78,54.52,85.38,1662.8,26.24,152.19,2591.1,0,NORMAL
PALA-02,75.31,3455.06,1.35,53.5,85.15,1958.6,25.08,193.5,1997.4,0,NORMAL
PALA-02,82.39,4341.86,2.31,51.66,75.26,1781.0,27.14,399.18,2568.5,1,FALLA_SOBRECARGA
PALA-02,87.61,3281.49,2.48,53.37,77.49,1659.6,27.66,107.96,176.1,0,NORMAL
PALA-01,82.61,3045.36,2.75,54.52,82.74,1636.3,25.54,146.48,1429.0,0,NORMAL
PALA-03,88.94,3052.14,1.43,59.07,75.65,1531.6,25.76,202.92,3341.9,0,NORMAL
PALA-01,88.0,3380.59,0.83,57.21,84.67,1847.9,26.43,158.05,2678.0,0,NORMAL
CARG-01,85.5,3408.73,1.23,55.64,79.9,1767.5,24.85,154.56,1716.7,0,NORMAL
PALA-02,82.34,3254.76,1.11,65.54,83.83,1794.3,28.07,180.11,2494.7,0,NORMAL
PALA-01,82.1,3029.05,1.1,50.46,81.14,1565.7,26.36,112.87,143.0,0,NORMAL
PALA-03,85.44,3257.88,0.63,47.2,80.61,1808.3,26.43,181.24,1059.5,0,NORMAL
PALA-01,80.24,3476.3,1.03,59.87,76.65,1691.4,26.69,170.72,3165.6,0,NORMAL
PALA-02,73.53,3563.72,3.26,63.33,78.81,1632.7,26.19,166.91,1762.5,0,NORMAL
CARG-01,84.21,3192.99,1.35,50.82,80.54,1781.6,25.99,197.82,3336.6,0,NORMAL
PALA-01,76.91,2951.22,2.6,60.89,80.41,1576.0,25.65,157.59,964.2,0,NORMAL
CARG-01,77.67,3401.27,0.64,51.33,83.9,1741.5,25.46,161.41,2928.7,0,NORMAL
PALA-01,82.0,3200.33,1.63,56.92,78.43,1688.1,26.73,166.32,117.5,0,NORMAL
PALA-01,81.57,3419.75,1.62,57.2,80.88,1848.7,27.48,88.33,63.5,0,NORMAL
CARG-01,75.65,3300.59,2.95,50.84,87.02,1827.0,27.16,196.68,521.9,0,NORMAL
PALA-02,82.74,3090.98,1.97,63.23,84.29,1730.9,26.17,180.78,952.3,0,NORMAL
PALA-01,86.35,3260.48,1.44,63.81,81.42,1753.7,26.25,178.9,197.0,0,NORMAL
PALA-02,76.92,3485.5,2.54,48.89,75.17,1791.8,27.69,171.92,779.3,0,NORMAL
PALA-02,87.73,3223.15,2.06,55.01,75.51,1718.9,25.76,207.55,3061.7,0,NORMAL
CARG-01,74.98,3063.74,1.32,58.57,83.55,1621.9,25.07,167.46,3208.3,0,NORMAL
PALA-02,91.53,2964.04,2.52,44.59,83.96,1662.1,26.6,152.5,458.5,0,NORMAL
CARG-01,80.15,3111.01,2.94,54.13,73.22,1573.5,27.08,99.3,1138.1,0,NORMAL
CARG-02,82.66,3176.18,3.27,45.73,83.8,1831.0,24.41,115.55,2153.7,0,NORMAL
PALA-02,73.49,3397.6,1.72,57.34,78.75,1767.7,26.72,149.33,2330.3,0,NORMAL
CARG-02,81.72,3048.25,2.36,54.43,79.38,1669.2,25.5,163.5,145.9,0,NORMAL
PALA-02,83.03,3529.68,2.4,52.13,84.56,1633.0,25.27,139.34,3196.7,0,NORMAL
CARG-02,81.61,3009.31,0.77,46.17,83.93,1748.4,26.17,151.96,1523.7,0,NORMAL
PALA-01,79.47,3669.67,2.81,51.01,80.61,1550.4,25.48,128.34,1572.2,0,NORMAL
PALA-03,77.74,3560.59,2.42,56.6,83.75,1591.8,24.98,193.05,345.1,0,NORMAL
PALA-02,87.09,3275.41,1.31,53.8,79.55,1717.6,26.49,150.03,1861.6,0,NORMAL
PALA-02,82.14,2953.42,2.43,59.96,77.84,2012.9,26.36,201.26,2077.0,0,NORMAL
PALA-03,88.93,3240.02,0.87,59.64,86.04,1774.3,25.03,150.82,1626.8,0,NORMAL
CARG-01,79.63,3180.37,2.75,59.43,86.3,1742.2,25.27,172.67,3112.4,0,NORMAL
PALA-01,80.04,3020.63,2.1,51.31,78.43,1579.5,26.77,176.39,425.2,0,NORMAL
PALA-01,85.67,3302.38,1.43,55.47,78.86,1608.0,26.82,165.62,687.4,0,NORMAL
CARG-01,74.7,3101.74,0.93,49.17,84.57,1882.8,24.28,121.35,1344.4,0,NORMAL
PALA-03,76.54,3971.26,1.28,47.7,78.23,1664.6,25.39,275.55,2151.7,1,FALLA_SOBRECARGA
CARG-02,86.94,3213.34,0.86,59.91,84.2,1728.5,26.33,87.31,1512.8,0,NORMAL
CARG-01,76.73,3146.52,2.63,48.07,76.9,1791.0,26.74,217.49,2985.6,0,NORMAL
CARG-02,73.81,3624.07,2.54,47.53,79.85,1669.6,26.73,42.38,783.6,0,NORMAL
CARG-01,90.41,3153.57,3.01,54.53,84.91,1659.1,26.88,189.47,877.4,0,NORMAL
PALA-02,75.73,3329.36,0.96,52.65,77.12,1513.0,25.82,163.8,3126.2,0,NORMAL
PALA-01,82.83,3276.19,0.91,53.08,78.65,1574.1,26.54,99.22,1665.1,0,NORMAL
CARG-01,82.31,3313.5,0.86,65.53,82.51,1790.4,26.08,169.12,2299.6,0,NORMAL
PALA-03,69.35,3327.24,1.1,49.03,73.81,1667.4,25.95,121.27,1346.2,0,NORMAL
PALA-01,80.8,3408.65,3.22,56.48,81.29,1800.2,25.19,175.14,1344.8,0,NORMAL
PALA-02,84.02,3297.96,3.4,54.43,85.64,1529.8,26.64,157.99,549.6,0,NORMAL
CARG-02,83.59,3290.48,1.85,59.05,84.46,1817.4,25.08,168.03,3111.2,0,NORMAL
PALA-03,86.07,3260.53,10.74,50.07,80.8,1715.2,25.46,147.08,3183.7,1,FALLA_DESGASTE_RODAMIENTOS
PALA-02,80.26,3225.08,1.23,52.88,81.08,1543.5,26.95,206.54,1898.7,0,NORMAL
PALA-02,85.21,3085.88,1.65,54.57,86.97,1855.5,26.27,124.45,184.1,0,NORMAL
PALA-01,78.9,3239.04,6.93,46.83,86.48,1551.2,27.24,136.4,826.2,0,NORMAL
PALA-02,75.65,3293.43,1.78,44.97,80.62,1849.3,26.13,154.01,710.3,0,NORMAL
PALA-02,76.16,3322.39,3.17,53.9,78.48,1716.1,25.96,156.42,1902.3,0,NORMAL
PALA-01,75.42,3282.45,2.75,60.69,84.43,1612.8,27.32,120.39,594.3,0,NORMAL
CARG-01,86.54,3208.07,7.87,52.24,85.52,1941.8,26.08,90.16,4089.7,1,FALLA_DESGASTE_RODAMIENTOS
PALA-02,75.18,4104.14,6.54,52.92,86.51,1768.6,26.62,315.88,721.7,1,FALLA_SOBRECARGA
CARG-01,83.23,1851.71,2.82,31.27,83.33,1865.8,26.27,171.46,1037.5,1,FALLA_PRESION_HIDRAULICA
CARG-02,80.8,3306.38,2.11,53.26,79.58,1771.9,26.5,219.6,1089.9,0,NORMAL
PALA-01,81.54,3210.2,0.99,57.88,74.32,1694.0,26.22,203.81,834.4,0,NORMAL
PALA-03,88.14,3282.5,1.93,67.33,88.75,1615.5,27.1,162.32,957.7,0,NORMAL
PALA-02,80.03,3430.14,3.33,51.11,87.41,1698.3,26.45,136.37,582.1,0,NORMAL
CARG-02,84.75,3122.32,1.88,53.11,77.93,1739.6,26.13,199.49,2717.7,0,NORMAL
PALA-01,82.17,3357.41,2.15,55.98,81.76,1818.0,26.6,130.3,3405.8,0,NORMAL
PALA-03,81.32,3255.98,2.63,61.46,80.12,1672.8,25.16,191.25,2747.5,0,NORMAL
PALA-03,92.35,3613.81,0.83,53.42,81.26,1781.6,27.21,109.78,1314.3,0,NORMAL
PALA-02,75.51,3211.07,1.01,57.65,79.4,1921.4,25.19,228.8,2659.5,0,NORMAL
PALA-01,118.99,3375.13,2.87,55.74,101.28,1739.0,25.87,122.61,267.0,1,FALLA_TERMICA
PALA-03,84.95,3252.76,1.69,53.64,76.46,1484.9,26.04,125.35,1270.1,0,NORMAL
CARG-01,79.84,3000.11,2.04,51.9,79.42,1725.8,26.6,93.27,1419.2,0,NORMAL
PALA-02,89.33,4055.71,2.18,50.95,84.49,1708.6,27.7,310.57,94.0,1,FALLA_SOBRECARGA
PALA-03,73.68,3408.48,1.75,69.33,73.11,1704.8,27.23,175.26,3327.9,0,NORMAL
PALA-02,79.65,3172.11,5.09,46.29,82.23,1528.5,25.22,139.08,1652.5,0,NORMAL
CARG-01,76.56,2850.35,3.7,46.77,78.81,1753.2,25.69,128.9,3458.1,0,NORMAL
PALA-01,83.85,3244.35,1.37,55.22,87.46,1656.2,25.28,109.28,1013.0,0,NORMAL
CARG-02,76.99,3053.38,1.66,55.02,82.32,1707.3,25.36,169.79,3427.3,0,NORMAL
PALA-02,83.95,3273.73,3.28,56.13,77.85,1833.8,25.93,184.34,2165.5,0,NORMAL
PALA-02,81.16,3529.21,3.21,49.63,86.81,1622.6,27.45,165.73,1486.0,0,NORMAL
PALA-01,79.84,3388.5,1.16,48.87,81.09,1707.7,26.2,184.23,2922.0,0,NORMAL
PALA-01,83.75,3526.6,1.22,52.57,81.53,1695.7,26.31,117.47,1919.0,0,NORMAL
PALA-03,80.79,3148.93,2.01,58.54,84.55,1700.1,26.58,137.85,2902.3,0,NORMAL
PALA-02,77.1,3224.23,3.89,48.91,78.58,1666.8,25.65,152.99,1795.0,0,NORMAL
CARG-01,94.61,3062.0,1.37,54.76,86.79,1673.2,26.34,204.71,1494.0,0,NORMAL
PALA-01,79.81,3126.87,2.99,51.44,83.31,1921.0,26.6,204.51,2148.2,0,NORMAL
PALA-02,72.02,3083.16,1.46,46.38,78.43,1669.3,28.37,187.76,2659.4,0,NORMAL
PALA-02,78.21,3014.79,2.1,47.59,79.27,1752.5,27.14,186.9,212.5,0,NORMAL
PALA-01,76.3,3495.85,3.63,58.55,75.97,1732.6,27.72,132.38,1440.4,0,NORMAL
PALA-01,115.37,2873.45,0.89,50.98,99.91,1728.7,26.42,163.62,632.2,1,FALLA_TERMICA
PALA-02,83.45,3496.63,2.2,60.22,80.29,1777.6,26.82,101.66,3326.9,0,NORMAL
PALA-02,83.79,3474.29,1.04,53.81,82.25,1644.0,26.61,186.9,3403.6,0,NORMAL
PALA-02,80.33,3339.96,5.34,47.16,74.19,1888.2,24.97,151.27,3188.8,0,NORMAL
PALA-03,80.74,3049.39,1.78,56.39,78.9,1609.6,24.43,231.46,1819.9,0,NORMAL
PALA-03,80.33,3867.86,3.42,49.99,77.07,1700.3,25.5,317.86,2657.9,1,FALLA_SOBRECARGA
PALA-01,81.63,3151.29,0.84,52.12,82.97,1577.6,27.39,133.57,3231.3,0,NORMAL
PALA-02,85.76,3362.52,3.87,59.66,78.59,1827.6,26.08,150.42,3057.0,0,NORMAL
CARG-02,83.51,3250.55,3.18,47.55,82.88,1609.5,27.02,137.91,1898.2,0,NORMAL
PALA-03,84.25,3062.17,4.22,51.75,78.87,1810.7,27.44,139.65,563.7,0,NORMAL
PALA-03,84.25,3456.68,3.43,48.58,87.5,1751.8,25.37,159.22,3188.7,0,NORMAL
PALA-02,85.98,2190.91,1.45,28.07,81.21,1741.1,27.58,125.46,2881.0,1,FALLA_PRESION_HIDRAULICA
CARG-01,83.3,2193.17,0.67,22.21,84.66,1853.9,25.47,157.96,1434.5,1,FALLA_PRESION_HIDRAULICA
CARG-01,83.61,3269.68,1.97,49.71,80.55,1647.5,26.23,90.91,1651.5,0,NORMAL
PALA-03,87.35,2978.41,1.79,52.63,84.69,1896.0,25.54,165.62,3462.7,0,NORMAL
CARG-02,79.01,3175.41,2.21,57.19,77.91,1673.9,26.59,133.42,2124.8,0,NORMAL
PALA-01,78.15,3341.88,2.44,50.25,80.83,1771.8,26.27,112.8,634.6,0,NORMAL
PALA-01,76.66,3313.87,4.12,46.66,79.14,1696.8,27.04,185.34,614.3,0,NORMAL
CARG-01,82.82,3158.62,3.5,57.21,88.47,1794.1,27.2,98.09,274.1,0,NORMAL
CARG-01,73.66,3200.64,3.97,50.21,76.25,1599.7,27.66,181.87,2077.9,0,NORMAL
PALA-01,84.08,3169.5,1.8,63.14,89.28,1732.9,27.0,176.41,142.7,0,NORMAL
PALA-02,81.51,3199.88,3.25,51.96,75.5,1722.2,27.05,128.78,2868.2,0,NORMAL
PALA-01,87.11,3326.18,3.17,53.32,83.94,1772.3,26.04,150.39,1148.1,0,NORMAL
PALA-02,78.98,2895.84,4.04,42.48,78.51,1768.7,26.26,169.3,1231.4,0,NORMAL
CARG-01,81.09,3236.62,1.96,48.19,82.02,1616.7,26.65,168.12,2674.9,0,NORMAL
PALA-03,87.05,3313.0,5.03,42.6,80.32,1876.7,25.41,191.98,414.6,0,NORMAL
PALA-02,88.22,3147.31,5.16,55.47,77.68,1713.1,27.3,185.62,1872.8,0,NORMAL
PALA-02,78.94,3163.72,1.12,53.59,81.32,1807.7,26.29,196.22,1326.3,0,NORMAL
PALA-01,82.82,3168.93,2.14,57.15,79.33,1568.7,26.56,200.26,398.0,0,NORMAL
PALA-02,83.32,3163.77,2.85,58.04,83.29,1670.2,25.19,163.99,1075.9,0,NORMAL
PALA-03,83.68,3251.06,2.46,58.81,76.98,1849.4,26.11,149.83,2219.6,0,NORMAL
CARG-02,80.82,3273.22,1.07,52.87,82.89,1916.2,27.09,155.76,2337.9,0,NORMAL
CARG-01,87.77,2871.91,1.16,54.43,84.46,1770.9,26.74,148.05,485.5,0,NORMAL
PALA-01,73.5,3367.52,1.21,56.89,80.57,1709.4,27.06,210.67,3288.3,0,NORMAL
CARG-02,80.1,3197.8,1.23,50.03,75.71,1592.5,26.13,133.46,682.7,0,NORMAL
CARG-01,84.02,3597.93,2.27,49.31,87.93,1815.7,26.5,199.7,2337.9,0,NORMAL
CARG-01,84.06,3035.5,5.42,61.7,82.87,1756.8,26.32,143.14,1172.8,0,NORMAL
PALA-02,88.09,3093.88,1.0,44.97,78.12,1437.6,26.93,198.67,2474.4,0,NORMAL
PALA-02,87.39,3213.48,1.92,56.5,82.98,1512.1,26.61,185.45,2855.5,0,NORMAL
PALA-02,80.72,3324.38,2.08,55.71,74.3,1762.0,26.09,158.63,328.5,0,NORMAL
PALA-01,87.85,2898.86,4.75,48.38,85.71,1620.1,24.35,169.07,2799.7,0,NORMAL
PALA-01,78.79,3100.76,3.08,50.66,89.5,1595.3,26.54,121.16,467.5,0,NORMAL
PALA-01,86.19,3356.44,2.37,52.22,84.3,1707.5,25.06,180.21,1840.3,0,NORMAL
PALA-02,90.15,3079.34,1.14,55.08,76.99,1761.2,26.95,193.16,1216.1,0,NORMAL
CARG-01,87.47,3496.6,2.52,55.76,73.04,1891.7,27.07,206.82,1109.4,0,NORMAL
PALA-02,82.48,3168.3,3.39,53.85,86.46,1621.9,24.57,148.63,575.1,0,NORMAL
PALA-01,80.51,3088.11,0.98,54.94,80.41,1772.3,26.64,237.0,2384.4,0,NORMAL
CARG-02,75.12,3359.84,2.36,57.3,79.43,1596.8,26.62,148.88,1094.3,0,NORMAL
CARG-02,83.4,3539.37,2.76,57.07,85.66,1660.6,26.7,144.25,1794.0,0,NORMAL
CARG-01,76.98,3324.95,3.02,61.67,78.64,1742.7,25.41,154.16,102.2,0,NORMAL
CARG-02,78.43,3476.88,2.81,59.22,84.05,1702.3,26.78,154.48,2134.8,0,NORMAL
PALA-03,76.64,3551.79,3.73,54.09,81.09,1556.1,25.39,109.82,2386.4,0,NORMAL
CARG-02,79.93,3084.07,0.94,57.2,81.99,1781.6,26.95,120.4,265.1,0,NORMAL
PALA-01,81.87,3418.91,3.91,56.12,87.52,1808.9,26.75,117.24,1887.2,0,NORMAL
PALA-02,83.23,2975.78,0.87,54.82,79.04,2003.1,26.14,168.23,2514.2,0,NORMAL
PALA-01,79.3,3326.48,2.9,49.66,78.68,1746.6,26.74,212.37,538.4,0,NORMAL
PALA-01,86.81,3237.16,3.86,54.81,80.19,1740.8,25.64,136.61,201.1,0,NORMAL
PALA-01,81.06,3473.73,1.53,43.67,76.19,1756.4,25.95,155.5,717.6,0,NORMAL
PALA-03,78.46,3461.01,1.22,59.36,84.75,1556.3,27.33,131.73,1263.2,0,NORMAL
CARG-01,83.02,3352.56,1.53,55.75,84.21,1564.5,27.3,183.11,1521.7,0,NORMAL
PALA-03,90.84,3303.72,1.58,53.2,80.96,1710.1,25.52,169.35,301.3,0,NORMAL
PALA-01,83.51,3341.51,1.77,51.9,77.3,1444.4,25.9,192.3,3428.6,0,NORMAL
CARG-01,80.37,3261.12,3.12,57.27,70.02,1584.3,25.96,124.8,2428.5,0,NORMAL
PALA-03,75.13,3238.98,1.99,63.19,77.67,1660.3,26.45,158.69,511.4,0,NORMAL
PALA-02,81.01,3509.66,2.51,55.88,80.08,1841.1,26.29,151.82,2801.2,0,NORMAL
PALA-03,83.06,3531.32,1.48,63.51,73.4,1751.1,27.43,154.04,1153.7,0,NORMAL
PALA-02,80.26,3224.5,1.37,57.92,90.98,1537.8,27.63,194.82,1344.2,0,NORMAL
PALA-02,74.51,3292.77,1.41,49.97,82.66,1715.2,27.84,140.02,300.0,0,NORMAL
CARG-02,78.17,3264.7,2.47,56.44,83.18,1790.0,28.13,144.27,1509.0,0,NORMAL
PALA-02,88.55,2959.89,2.71,55.95,80.4,1805.7,25.14,132.3,318.4,0,NORMAL
PALA-02,88.45,3189.44,3.34,49.97,83.95,1845.5,26.25,235.51,2396.9,0,NORMAL
CARG-02,78.01,3537.95,2.81,51.96,79.8,1863.8,25.84,126.65,1234.6,0,NORMAL
CARG-01,85.03,3115.04,2.19,51.86,80.35,1788.4,25.68,180.8,1072.2,0,NORMAL
PALA-01,76.7,3630.62,1.82,54.5,86.62,1778.5,27.53,112.05,2286.8,0,NORMAL
PALA-01,88.32,3460.98,1.0,52.6,85.39,1747.9,26.74,176.19,2424.0,0,NORMAL
PALA-01,83.1,3322.27,1.52,55.34,80.96,1821.1,25.13,119.81,2253.7,0,NORMAL
PALA-03,86.27,3350.95,0.79,56.15,89.09,1625.5,28.47,165.32,2771.0,0,NORMAL
PALA-02,74.28,3084.9,2.11,60.34,80.67,1695.5,24.95,170.9,2252.1,0,NORMAL
PALA-01,85.05,3202.26,1.34,56.75,78.98,1636.1,26.12,157.38,3310.6,0,NORMAL
CARG-02,81.97,3509.45,1.65,50.49,81.51,1772.0,26.47,184.71,2003.5,0,NORMAL
PALA-03,85.83,3139.38,2.34,64.56,82.2,1688.9,25.49,176.28,3102.9,0,NORMAL
PALA-01,86.12,3441.0,1.67,50.52,76.23,1841.6,26.84,136.1,3366.1,0,NORMAL
PALA-03,82.3,3002.13,1.35,52.06,82.95,1726.3,25.91,177.22,614.7,0,NORMAL
PALA-03,100.3,3034.33,1.29,56.99,109.66,1847.6,27.06,167.95,2384.9,1,FALLA_TERMICA
PALA-01,85.51,3592.25,3.75,68.48,84.8,1466.7,26.72,193.5,2313.7,0,NORMAL
PALA-02,81.73,3247.87,2.18,56.01,83.66,1633.6,24.4,109.19,3049.8,0,NORMAL
CARG-01,78.07,3153.07,2.67,50.79,82.92,1832.6,25.16,163.93,1212.7,0,NORMAL
PALA-02,77.86,3495.29,1.22,45.8,77.01,1722.4,27.08,163.35,1409.2,0,NORMAL
PALA-03,75.35,3474.25,1.01,45.47,77.01,1846.7,26.72,146.99,212.7,0,NORMAL
PALA-02,79.7,3415.74,0.58,54.05,81.65,1750.1,25.58,197.07,2693.7,0,NORMAL
PALA-01,86.96,3147.42,1.54,56.72,79.29,1607.9,25.86,135.13,968.6,0,NORMAL
PALA-01,82.8,3198.35,4.65,46.9,75.21,1935.2,26.33,184.93,3254.9,0,NORMAL
PALA-02,79.62,3306.09,2.56,55.11,79.6,1640.4,24.78,134.65,2337.5,0,NORMAL
PALA-01,85.62,3374.99,1.57,47.43,82.8,1630.5,28.22,206.41,1197.6,0,NORMAL
PALA-01,78.25,3158.47,3.22,49.38,83.32,1818.4,25.62,174.19,2873.3,0,NORMAL
CARG-01,82.43,3280.73,0.96,57.16,77.67,1610.6,26.42,105.5,2869.8,0,NORMAL
CARG-02,81.19,3298.13,3.5,50.26,80.82,1564.8,27.74,199.79,607.4,0,NORMAL
CARG-01,85.51,3481.62,3.89,60.55,82.66,1627.9,26.25,179.68,1919.4,0,NORMAL
CARG-02,74.9,3385.8,1.56,51.08,75.93,1818.4,26.66,163.2,85.0,0,NORMAL
PALA-01,78.17,2978.78,1.69,59.55,77.91,1976.7,25.63,137.61,1237.1,0,NORMAL
CARG-02,74.63,3211.55,2.31,65.33,80.95,1720.6,25.96,130.11,2445.7,0,NORMAL
PALA-01,80.83,3082.82,0.99,50.27,77.36,1633.1,25.66,177.69,1188.8,0,NORMAL
CARG-02,87.45,3352.26,1.98,66.33,79.69,1868.2,27.42,106.05,512.2,0,NORMAL
CARG-02,79.73,3416.17,5.4,54.07,90.98,1646.2,25.87,136.32,2041.8,0,NORMAL
CARG-01,79.7,3268.28,1.42,50.84,74.97,1666.7,25.81,184.42,3367.2,0,NORMAL
CARG-02,85.92,3201.74,1.84,52.52,86.7,1770.0,25.71,110.77,1474.7,0,NORMAL
PALA-03,86.81,3262.45,1.89,51.98,82.37,1856.9,26.71,112.36,3217.1,0,NORMAL
PALA-02,81.6,1854.09,3.24,32.24,76.1,1728.5,26.87,178.25,3174.1,1,FALLA_PRESION_HIDRAULICA
PALA-02,85.08,3134.78,2.47,60.59,83.71,1677.4,24.8,150.68,2356.3,0,NORMAL
PALA-03,77.15,3030.63,3.15,60.53,81.17,1998.6,26.45,218.27,292.8,0,NORMAL
PALA-01,88.2,2880.97,1.53,47.5,85.82,1639.5,26.64,149.32,2305.7,0,NORMAL
PALA-03,91.67,3478.09,2.8,54.95,83.64,1652.8,27.52,105.71,2089.1,0,NORMAL
CARG-02,84.35,3339.35,0.99,46.25,81.79,1673.4,25.42,199.66,2055.8,0,NORMAL
PALA-01,72.62,3315.25,0.79,59.06,79.77,1786.1,25.5,113.46,1217.6,0,NORMAL
CARG-01,79.49,3477.74,3.4,51.58,85.68,1663.9,26.91,124.65,2639.4,0,NORMAL
CARG-02,84.76,3024.02,1.21,56.52,79.43,1818.1,26.35,148.25,3096.2,0,NORMAL
CARG-02,80.1,2937.59,0.65,51.49,75.4,1713.8,27.5,165.69,2378.0,0,NORMAL
CARG-02,87.72,3319.16,1.99,45.22,73.42,1681.7,27.28,173.33,560.4,0,NORMAL
PALA-03,84.65,3302.79,2.7,58.43,76.06,1652.6,26.62,193.62,2757.0,0,NORMAL
CARG-02,78.82,2938.36,0.74,58.81,84.21,1717.0,26.35,69.86,589.9,0,NORMAL
CARG-01,82.15,3314.71,1.71,54.7,79.55,1773.7,26.27,127.05,2809.5,0,NORMAL
PALA-01,77.98,3177.96,2.61,43.44,77.91,1715.8,26.38,197.04,2146.8,0,NORMAL
PALA-02,81.18,1614.08,2.55,31.04,79.27,1747.9,26.45,128.69,1232.4,1,FALLA_PRESION_HIDRAULICA
CARG-01,79.5,3189.98,0.63,50.31,84.32,1627.0,27.54,158.21,2004.7,0,NORMAL
PALA-01,87.29,2810.52,2.23,56.58,83.53,1634.1,24.77,207.15,2890.5,0,NORMAL
PALA-03,91.52,3143.55,2.33,51.55,81.65,1719.4,26.06,154.01,1815.3,0,NORMAL
PALA-03,75.56,3123.23,1.99,52.06,78.6,1734.3,26.56,150.83,1694.0,0,NORMAL
PALA-01,101.07,3350.28,3.53,56.49,106.37,1725.7,25.92,154.4,782.3,1,FALLA_TERMICA
PALA-03,80.9,3221.52,1.78,49.9,80.47,1649.2,26.17,205.08,1312.2,0,NORMAL
CARG-01,75.17,3365.0,2.74,53.17,77.42,1728.7,26.05,103.9,1843.3,0,NORMAL
PALA-02,82.21,2791.08,2.19,56.55,80.56,1723.0,27.44,222.56,444.3,0,NORMAL
PALA-01,85.37,3098.96,2.45,64.83,77.21,1705.5,26.06,152.08,2508.0,0,NORMAL
PALA-01,88.72,3350.08,2.09,53.63,82.46,1641.7,25.82,148.06,3137.4,0,NORMAL
PALA-02,82.91,3194.4,1.93,58.2,82.91,1782.3,27.02,131.6,2776.8,0,NORMAL
CARG-02,81.13,3402.18,10.24,48.14,85.47,1718.6,25.97,120.28,2938.4,1,FALLA_DESGASTE_RODAMIENTOS
PALA-01,73.1,2925.17,1.44,62.47,82.04,1630.0,26.27,78.15,78.5,0,NORMAL
PALA-03,82.12,3381.6,1.38,49.96,81.92,1705.0,25.51,202.62,1623.8,0,NORMAL
PALA-01,82.32,3134.95,3.7,53.34,77.66,1650.1,26.08,82.45,477.0,0,NORMAL
PALA-02,84.88,3117.48,1.46,56.56,80.81,1720.4,26.37,158.2,2610.0,0,NORMAL
CARG-01,78.81,3428.39,0.71,50.1,76.91,1891.4,25.39,144.52,488.1,0,NORMAL
CARG-01,80.04,3459.14,1.95,59.4,74.18,1737.7,26.32,170.25,475.0,0,NORMAL
PALA-01,75.35,3436.25,0.82,50.69,79.94,1744.2,26.81,90.15,1819.9,0,NORMAL
PALA-02,71.69,3616.96,0.32,58.15,78.98,1890.9,24.81,131.1,881.5,0,NORMAL
PALA-01,77.01,3478.02,1.93,59.34,83.45,1752.5,25.88,176.62,883.1,0,NORMAL
PALA-02,74.93,3106.82,2.61,56.89,77.15,1772.0,28.44,166.45,3360.7,0,NORMAL
PALA-03,83.52,3275.49,3.53,57.54,92.25,1737.3,26.24,136.77,1064.4,0,NORMAL
PALA-01,79.67,3185.16,3.17,66.65,79.08,1673.8,27.31,163.61,3221.6,0,NORMAL
PALA-02,79.58,3615.24,0.94,56.08,80.72,1773.8,26.38,220.3,852.4,0,NORMAL
PALA-02,77.57,3448.88,1.65,54.55,78.73,1924.3,26.14,198.12,3149.5,0,NORMAL
CARG-02,67.45,3216.0,2.82,55.68,84.11,1561.5,27.15,194.02,751.9,0,NORMAL
CARG-02,88.79,3408.02,1.86,60.36,80.14,1665.1,27.36,179.24,652.9,0,NORMAL
PALA-01,77.5,3028.2,1.33,65.65,77.08,1617.6,25.69,166.35,1007.8,0,NORMAL
CARG-01,80.14,3295.05,0.6,53.17,73.67,1631.0,25.52,136.07,1504.8,0,NORMAL
PALA-02,75.45,3081.17,2.04,49.44,83.3,1866.8,25.31,161.95,769.9,0,NORMAL
PALA-02,86.37,2946.05,0.93,59.81,83.6,1701.0,25.7,228.84,2176.4,0,NORMAL
CARG-01,82.65,3391.22,2.42,47.18,82.37,1806.8,27.31,192.18,1665.3,0,NORMAL
CARG-02,78.28,3413.55,1.46,55.29,80.14,1640.0,26.42,147.46,1909.1,0,NORMAL
CARG-02,80.23,3332.3,1.52,55.52,79.72,1642.6,27.35,86.66,2343.1,0,NORMAL
PALA-03,89.55,3217.07,2.85,53.46,84.11,1597.9,25.57,186.51,1643.8,0,NORMAL
PALA-02,81.67,1492.56,1.41,29.74,80.6,1893.4,25.6,192.77,375.7,1,FALLA_PRESION_HIDRAULICA
CARG-01,81.18,3040.96,1.26,45.74,85.5,1813.0,26.09,141.0,1269.4,0,NORMAL
PALA-02,77.76,3075.53,2.27,49.66,80.6,1593.9,26.64,136.62,1836.5,0,NORMAL
PALA-03,73.47,3207.94,1.43,58.69,80.46,1857.1,26.29,91.79,667.3,0,NORMAL
PALA-02,81.28,3443.71,1.81,43.79,82.48,1688.9,26.96,203.95,1750.0,0,NORMAL
PALA-03,83.46,3440.87,4.21,53.57,86.57,1774.4,26.73,145.48,475.2,0,NORMAL
PALA-01,86.95,2953.26,2.12,52.44,85.71,1725.6,26.79,169.12,1265.6,0,NORMAL
PALA-01,71.88,3125.22,1.83,44.04,80.81,1547.6,26.95,121.54,2944.1,0,NORMAL
CARG-02,76.94,3120.37,3.2,62.46,79.51,1620.7,27.28,109.33,212.0,0,NORMAL
PALA-01,79.39,2794.32,0.53,48.85,76.17,1882.5,24.43,212.34,175.8,0,NORMAL
PALA-03,81.98,3351.9,3.39,56.74,83.77,1832.7,26.39,146.37,1427.2,0,NORMAL
PALA-01,81.35,3205.69,0.51,51.66,73.86,1597.4,27.07,133.74,3205.3,0,NORMAL
PALA-01,81.45,3229.63,4.12,49.78,87.82,1745.0,28.42,261.58,2169.9,0,NORMAL
PALA-01,83.84,3492.26,0.87,52.82,84.37,1694.2,26.32,194.48,2420.7,0,NORMAL
PALA-01,77.94,3265.9,7.57,52.22,78.02,1857.0,24.64,134.75,3502.2,1,FALLA_DESGASTE_RODAMIENTOS
CARG-02,86.2,3172.47,0.84,53.07,85.92,1695.4,27.54,185.8,2724.3,0,NORMAL
PALA-02,83.95,3352.97,3.02,50.07,83.19,1627.8,25.43,103.82,1456.3,0,NORMAL
CARG-02,80.56,3440.6,3.34,48.93,82.87,1808.5,26.77,148.83,2634.2,0,NORMAL
PALA-03,89.2,3303.36,3.24,59.02,79.93,1862.7,26.83,130.67,3273.0,0,NORMAL
PALA-02,89.0,3374.05,1.31,54.03,83.21,1767.2,26.5,174.65,1240.2,0,NORMAL
PALA-03,86.2,3223.8,2.46,53.7,75.33,1788.7,24.69,217.99,1466.8,0,NORMAL
PALA-03,68.42,3235.27,4.14,49.54,81.25,1576.6,26.11,100.71,653.9,0,NORMAL
CARG-01,89.11,3270.34,1.81,61.87,78.28,1566.6,25.14,225.0,456.2,0,NORMAL
PALA-02,85.58,3114.44,1.83,53.56,79.85,1558.0,26.76,186.24,2636.4,0,NORMAL
PALA-02,91.03,3147.75,2.61,44.52,78.24,1846.1,25.69,125.03,2079.0,0,NORMAL
CARG-02,87.57,3498.02,1.31,55.38,78.45,1673.5,24.7,125.69,2519.7,0,NORMAL
CARG-02,89.1,3611.43,1.02,50.18,86.15,1819.2,26.97,134.99,630.0,0,NORMAL
CARG-02,85.95,3536.6,0.66,58.55,75.27,1648.0,25.39,129.68,2662.2,0,NORMAL
PALA-02,88.07,3011.81,2.68,59.19,82.63,1718.3,26.51,130.77,1133.2,0,NORMAL
CARG-01,90.97,2994.43,1.55,58.61,76.48,1623.3,25.81,96.5,2188.5,0,NORMAL
PALA-02,82.97,3035.67,2.38,51.69,86.29,1680.7,27.09,153.17,2973.9,0,NORMAL
PALA-02,74.92,3274.19,1.78,53.44,82.71,1514.9,27.06,186.13,2173.1,0,NORMAL
PALA-01,80.62,2744.43,3.35,55.24,75.38,1681.9,26.59,139.9,641.1,0,NORMAL
PALA-03,83.75,3144.02,3.71,58.46,82.34,1671.3,26.31,170.41,1775.2,0,NORMAL
PALA-01,82.34,3503.28,2.08,48.81,78.22,1516.6,26.05,199.38,923.2,0,NORMAL
PALA-02,76.39,3426.84,4.16,54.47,81.91,1771.0,25.44,107.67,1957.3,0,NORMAL
CARG-02,74.66,3158.36,1.3,63.34,75.69,1788.9,25.93,136.63,322.7,0,NORMAL
PALA-01,78.66,3172.0,1.23,51.32,85.92,1640.6,26.78,107.3,3439.4,0,NORMAL
PALA-01,85.63,3352.1,2.16,53.87,73.01,1575.4,27.96,110.95,2190.1,0,NORMAL
PALA-01,89.11,3418.35,2.48,67.07,77.77,1927.6,26.86,207.65,1366.6,0,NORMAL
CARG-02,86.12,3154.04,3.67,52.79,76.67,1750.7,26.97,142.35,1239.8,0,NORMAL
PALA-03,86.76,3207.81,1.92,46.31,82.52,1434.4,26.31,176.2,2054.3,0,NORMAL
PALA-02,81.64,3148.12,2.29,53.71,79.03,1668.6,26.82,165.79,2368.8,0,NORMAL
CARG-01,74.16,3010.36,7.12,62.36,80.26,1641.8,24.68,184.79,858.7,0,NORMAL
CARG-01,79.95,3210.45,1.15,59.28,78.43,1632.9,25.82,165.17,1950.8,0,NORMAL
PALA-02,99.21,3196.73,1.7,49.1,99.91,1851.1,26.96,163.74,3006.0,1,FALLA_TERMICA
PALA-03,79.76,3023.08,2.54,56.08,80.09,1750.4,26.98,108.1,2845.6,0,NORMAL
CARG-01,82.25,3366.29,9.42,53.12,75.79,1796.2,25.97,161.22,3495.6,1,FALLA_DESGASTE_RODAMIENTOS
PALA-03,83.99,4482.4,1.55,58.06,73.67,1703.5,25.35,352.25,1372.1,1,FALLA_SOBRECARGA
PALA-01,85.84,3375.23,0.8,50.92,83.5,1822.4,26.34,127.04,2778.2,0,NORMAL
CARG-02,80.75,3111.75,4.16,56.47,76.04,1675.2,26.05,87.6,1116.5,0,NORMAL
PALA-03,73.43,2892.96,1.46,63.55,86.83,1747.9,27.15,168.57,2702.4,0,NORMAL
PALA-02,79.83,3334.12,1.23,40.94,86.67,1778.5,26.96,202.85,2497.0,0,NORMAL
PALA-02,109.6,3130.46,1.58,56.96,108.84,1645.2,27.64,98.07,680.5,1,FALLA_TERMICA
PALA-01,87.5,3089.68,1.29,60.6,76.46,1468.4,27.29,154.11,2454.2,0,NORMAL
PALA-01,79.44,3023.73,2.48,46.22,89.49,1516.8,26.18,81.83,2938.5,0,NORMAL
CARG-01,84.31,1825.57,3.0,24.05,71.59,1997.4,26.68,182.75,3179.7,1,FALLA_PRESION_HIDRAULICA
PALA-01,83.31,3533.92,1.99,52.03,77.47,1798.1,28.03,201.45,894.9,0,NORMAL
PALA-02,82.2,3159.02,1.78,50.35,84.33,1803.8,26.08,156.58,3489.3,0,NORMAL
PALA-03,86.19,3053.84,3.29,49.97,84.02,1890.6,26.54,181.87,1741.5,0,NORMAL
PALA-01,79.03,3367.35,1.32,52.13,78.1,1585.0,26.4,162.22,917.7,0,NORMAL
CARG-02,79.41,3281.11,1.3,58.26,77.86,1633.1,26.41,126.03,2540.5,0,NORMAL
PALA-01,81.95,2868.53,2.02,61.44,80.14,1587.4,25.7,155.29,2509.6,0,NORMAL
PALA-02,79.12,3369.22,0.92,60.51,80.65,2002.8,27.45,159.04,2169.0,0,NORMAL
PALA-02,84.29,3633.12,0.83,58.97,79.12,1600.3,25.67,154.91,549.6,0,NORMAL
PALA-01,78.79,2781.9,1.52,63.16,87.63,1870.5,27.89,173.0,160.3,0,NORMAL
PALA-01,83.02,3027.57,1.7,64.16,78.27,1640.9,27.71,164.64,2586.9,0,NORMAL
CARG-01,81.55,2737.27,3.39,54.83,86.87,1730.2,26.6,153.2,1254.4,0,NORMAL
CARG-02,82.97,3236.45,1.84,61.15,82.62,1872.4,26.4,137.55,387.0,0,NORMAL
PALA-01,79.93,3428.27,1.53,56.12,85.08,1754.3,25.78,177.49,3262.5,0,NORMAL
PALA-03,80.47,3268.99,1.03,52.92,75.02,1704.2,26.46,175.06,3245.7,0,NORMAL
CARG-01,82.43,2268.15,3.14,34.55,85.11,1992.2,27.26,166.19,2265.9,1,FALLA_PRESION_HIDRAULICA
CARG-01,82.91,3399.5,1.44,59.06,84.97,1499.9,25.85,130.97,887.5,0,NORMAL
PALA-02,81.98,3556.39,1.24,61.33,78.34,1606.7,27.57,120.41,3447.0,0,NORMAL
PALA-02,123.08,3458.84,1.86,56.9,106.44,1682.8,27.22,183.65,881.6,1,FALLA_TERMICA
PALA-02,77.54,3177.47,3.25,52.02,75.08,1845.3,26.32,128.79,86.7,0,NORMAL
CARG-01,81.71,3262.01,2.41,51.55,79.1,1659.6,27.04,148.19,3153.4,0,NORMAL
CARG-01,74.92,3093.64,2.55,44.73,85.67,1836.1,25.67,105.56,726.7,0,NORMAL
PALA-01,83.67,3208.48,1.4,55.8,80.27,1513.3,26.32,175.51,2222.7,0,NORMAL
PALA-02,76.98,3261.13,2.78,55.46,79.94,1857.8,28.17,116.61,872.3,0,NORMAL
CARG-02,80.75,3234.72,2.92,48.78,86.62,1827.2,27.36,114.8,1591.7,0,NORMAL
CARG-01,80.33,3491.61,2.55,56.37,73.19,1591.0,26.8,125.38,1440.5,0,NORMAL
CARG-02,83.26,3190.57,3.06,56.28,80.29,1715.9,26.46,175.02,1343.6,0,NORMAL
CARG-01,79.51,3082.22,4.89,46.58,80.74,1687.7,26.34,152.43,1146.5,0,NORMAL
PALA-02,79.32,3093.47,3.7,52.39,77.81,1774.0,26.38,137.82,102.5,0,NORMAL
PALA-03,88.46,3367.92,1.19,61.05,86.5,1859.3,25.78,217.84,790.4,0,NORMAL
PALA-03,83.28,2997.44,1.29,50.83,77.36,1638.0,26.92,178.28,3479.8,0,NORMAL
PALA-01,79.48,3213.79,3.09,54.09,77.41,1764.3,27.24,90.29,76.7,0,NORMAL
PALA-03,80.87,3488.95,2.33,54.8,71.11,1749.5,26.2,129.43,298.0,0,NORMAL
CARG-01,89.4,3302.67,4.33,53.87,85.44,1735.0,26.77,90.77,161.4,0,NORMAL
PALA-01,80.94,3236.57,3.51,57.44,79.68,1894.6,25.82,143.27,1823.5,0,NORMAL
CARG-01,78.9,3243.54,1.51,58.68,79.69,1739.3,26.35,196.27,177.2,0,NORMAL
PALA-03,78.92,3064.68,0.96,60.32,80.15,1574.2,25.72,168.71,1900.9,0,NORMAL
CARG-02,79.53,3095.72,3.03,52.43,85.77,1808.5,26.22,151.82,1176.1,0,NORMAL
PALA-01,79.32,3214.87,1.4,56.62,87.45,1912.1,26.5,143.49,3078.1,0,NORMAL
PALA-02,76.24,3298.83,1.68,58.2,74.07,1736.8,26.88,171.2,1288.4,0,NORMAL
PALA-03,76.94,3420.67,1.41,53.41,79.15,1882.2,25.91,100.7,2878.5,0,NORMAL
PALA-02,78.27,3266.66,1.98,50.4,76.46,1669.7,26.78,155.79,2480.6,0,NORMAL
CARG-01,84.66,3493.5,2.8,54.72,80.11,1769.7,25.63,165.9,3394.8,0,NORMAL
CARG-01,80.28,3538.94,1.77,50.97,80.64,1532.5,26.65,115.41,1576.6,0,NORMAL
PALA-01,81.07,3393.15,2.13,50.48,74.13,1646.8,28.17,128.93,3343.8,0,NORMAL
PALA-03,87.72,3470.5,1.86,55.1,82.47,1740.2,26.1,228.86,2281.0,0,NORMAL
PALA-03,87.83,3071.67,3.06,53.06,79.2,1800.4,25.33,178.47,1370.4,0,NORMAL
PALA-02,80.73,3043.14,3.43,54.88,84.12,1772.4,27.12,100.34,1740.2,0,NORMAL
CARG-02,79.16,3343.24,3.21,46.24,81.12,1873.6,26.63,133.74,2569.5,0,NORMAL
CARG-01,78.11,3008.58,4.21,53.12,74.14,1536.5,26.77,158.98,3103.3,0,NORMAL
PALA-03,85.12,3197.73,0.9,42.7,83.46,1896.4,27.42,240.79,1450.3,0,NORMAL
CARG-01,81.08,3388.81,3.48,48.77,75.64,1634.4,25.83,191.15,3303.1,0,NORMAL
PALA-02,80.26,3504.41,1.57,53.56,76.07,1572.6,25.86,198.15,1700.3,0,NORMAL
CARG-02,78.34,3204.24,1.71,60.07,79.73,1844.4,26.84,173.93,2707.8,0,NORMAL
PALA-03,78.54,3133.01,0.67,56.68,79.86,1586.5,27.23,125.54,3181.3,0,NORMAL
CARG-01,83.44,3307.68,2.6,54.45,73.99,1889.6,26.59,215.83,808.6,0,NORMAL
CARG-02,76.08,3056.76,0.96,52.12,80.41,1458.1,26.34,189.9,743.2,0,NORMAL
PALA-02,86.48,3218.81,2.57,52.75,80.64,1629.3,26.66,204.64,2402.6,0,NORMAL
CARG-01,79.6,3248.56,1.14,60.53,80.49,1825.2,26.99,219.53,2230.9,0,NORMAL
PALA-01,81.33,3244.96,2.48,48.47,74.25,1800.7,25.24,214.45,2908.0,0,NORMAL
PALA-02,75.98,3265.93,3.46,50.37,81.58,1403.9,25.61,159.43,1918.0,0,NORMAL
PALA-02,81.94,3099.79,2.43,59.33,83.48,1640.3,26.33,169.56,2556.8,0,NORMAL
CARG-02,80.52,3119.14,1.8,52.28,75.61,1514.1,26.95,166.75,636.6,0,NORMAL
CARG-02,81.77,3115.52,2.09,63.7,76.7,1736.6,28.14,192.5,1931.4,0,NORMAL
CARG-01,117.0,2958.38,0.91,57.45,101.85,1726.1,26.31,171.62,85.3,1,FALLA_TERMICA
CARG-01,82.8,3311.53,1.62,59.77,87.32,1690.3,26.6,165.08,2402.7,0,NORMAL
PALA-03,78.42,3411.04,2.31,45.87,80.33,1707.2,25.87,156.3,3398.5,0,NORMAL
CARG-02,78.8,3393.34,0.82,59.3,79.2,1587.8,26.93,154.8,655.3,0,NORMAL
PALA-02,84.68,3202.75,0.56,49.75,81.79,1631.9,25.52,170.54,521.4,0,NORMAL
PALA-02,87.84,3104.02,2.74,57.58,86.43,1848.0,26.39,205.45,1683.8,0,NORMAL
PALA-01,83.27,3383.98,1.65,52.18,77.6,1661.2,25.64,126.68,1590.1,0,NORMAL
CARG-01,85.1,1816.65,2.19,31.78,79.06,1651.4,24.71,162.55,1577.7,1,FALLA_PRESION_HIDRAULICA
CARG-01,84.74,3289.14,2.75,48.47,78.96,1856.8,28.56,172.08,1052.0,0,NORMAL
PALA-02,88.39,3563.98,2.08,45.4,75.33,1578.5,27.04,217.97,526.9,0,NORMAL
PALA-01,73.23,3245.24,2.85,54.75,84.41,1897.6,27.05,144.87,3233.9,0,NORMAL
CARG-01,85.0,3203.76,1.34,52.53,82.04,1907.8,27.13,132.71,1252.7,0,NORMAL
PALA-01,86.43,3178.03,2.23,49.53,72.93,1598.1,27.54,212.84,1455.0,0,NORMAL
CARG-01,75.98,2969.04,0.64,45.59,80.95,1830.5,26.53,177.84,1503.9,0,NORMAL
CARG-02,78.01,3369.04,2.01,40.62,87.65,1460.6,27.09,145.21,491.0,0,NORMAL
PALA-02,78.17,3231.01,0.98,56.62,82.1,1732.2,26.0,196.95,733.0,0,NORMAL
PALA-01,78.72,3341.79,4.8,52.72,87.42,1599.0,26.26,94.32,94.3,0,NORMAL
CARG-01,79.83,3581.54,1.68,50.98,78.76,1780.6,25.17,158.13,1765.8,0,NORMAL
CARG-01,83.09,3179.66,1.24,55.06,84.86,1757.8,26.56,170.29,1962.2,0,NORMAL
PALA-03,85.9,2829.16,1.73,59.07,86.26,1686.8,25.98,180.64,786.6,0,NORMAL
CARG-02,86.87,3336.59,1.74,55.35,80.71,1588.8,26.29,131.09,1509.3,0,NORMAL
PALA-01,78.23,3280.03,0.85,51.78,79.36,1830.1,27.06,130.5,2434.1,0,NORMAL
PALA-03,78.2,3118.16,3.25,64.66,85.4,1716.2,26.64,213.91,944.5,0,NORMAL
CARG-01,87.92,3321.51,3.44,50.82,83.16,1635.1,27.22,160.57,1316.9,0,NORMAL
CARG-02,84.91,3391.5,4.78,46.95,84.82,1658.4,25.93,165.58,2479.1,0,NORMAL
PALA-01,82.37,3079.61,3.55,54.5,82.65,1708.5,26.71,134.5,2108.9,0,NORMAL
CARG-01,84.13,3195.76,3.21,52.72,80.68,1708.1,25.89,127.9,1796.3,0,NORMAL
PALA-03,81.87,3515.82,2.54,58.74,80.65,1757.2,26.26,140.14,3045.3,0,NORMAL
PALA-02,84.36,3120.11,2.42,51.37,79.58,1834.7,26.15,201.84,292.8,0,NORMAL
PALA-01,80.49,3262.0,1.91,53.17,82.6,1845.7,25.59,138.22,1865.0,0,NORMAL
CARG-02,83.21,2777.61,2.25,49.67,80.29,1692.8,26.07,151.72,2464.1,0,NORMAL
PALA-01,75.2,2983.27,2.32,58.04,82.01,1771.0,26.86,216.44,1002.7,0,NORMAL
PALA-02,78.9,3278.35,2.28,54.72,77.83,1695.9,25.67,234.78,1042.4,0,NORMAL
PALA-02,78.95,3471.04,3.21,52.62,77.59,1865.6,25.87,108.67,1770.1,0,NORMAL
CARG-02,80.32,3004.83,1.25,53.25,83.34,1704.1,27.39,85.6,1226.2,0,NORMAL
PALA-03,77.83,3263.42,2.45,53.89,82.55,1734.5,27.53,135.06,1512.3,0,NORMAL
CARG-01,79.6,3182.37,1.72,46.81,79.28,1716.9,27.07,125.77,2434.0,0,NORMAL
PALA-02,75.19,3421.56,2.64,59.81,86.51,1775.3,27.77,176.7,1336.5,0,NORMAL
PALA-03,84.47,3030.8,3.84,59.52,77.72,1795.8,27.49,159.52,144.8,0,NORMAL
PALA-03,81.63,3327.41,2.45,54.2,82.75,1886.2,26.33,155.48,371.5,0,NORMAL
CARG-01,94.7,3132.34,4.07,53.67,100.22,1865.4,27.99,190.71,1794.8,1,FALLA_TERMICA
CARG-02,78.24,3290.15,3.57,49.02,81.21,1725.2,27.65,85.52,3276.2,0,NORMAL
PALA-01,83.51,3262.41,3.15,62.64,86.06,1714.8,26.34,138.37,1034.5,0,NORMAL
PALA-03,79.56,3204.68,2.97,61.43,87.51,1693.0,26.6,155.92,132.3,0,NORMAL
PALA-01,78.86,3336.01,10.22,55.97,76.4,1841.0,25.87,196.12,2899.7,1,FALLA_DESGASTE_RODAMIENTOS
PALA-03,81.66,3257.86,2.29,58.1,71.9,1749.4,26.32,157.95,2712.9,0,NORMAL
PALA-02,83.55,3226.09,3.64,60.15,79.04,2015.4,25.16,174.39,3055.2,0,NORMAL
PALA-02,75.54,3185.85,12.1,59.14,77.07,1712.4,25.93,148.61,3547.4,1,FALLA_DESGASTE_RODAMIENTOS
PALA-02,84.48,3263.97,0.89,49.72,79.25,1902.6,27.04,158.49,311.1,0,NORMAL
PALA-03,78.4,3289.97,0.76,52.44,88.28,1903.6,25.58,149.74,559.9,0,NORMAL
PALA-02,81.92,3071.95,1.14,56.34,91.79,1900.4,26.15,151.95,3363.3,0,NORMAL
CARG-01,81.84,3187.1,2.0,55.02,77.21,1680.4,26.85,162.64,3003.3,0,NORMAL
PALA-02,79.63,3060.07,5.37,57.77,81.9,1709.9,26.17,210.62,2143.2,0,NORMAL
PALA-01,77.39,3242.83,2.02,57.22,81.81,1700.5,27.32,174.5,228.7,0,NORMAL
CARG-01,80.71,3143.38,1.65,55.23,82.38,1896.8,27.36,152.81,279.9,0,NORMAL
PALA-02,89.31,3388.74,1.06,40.98,75.52,1666.0,25.91,179.06,681.9,0,NORMAL
PALA-02,75.87,3371.09,2.07,59.86,85.94,1650.6,26.05,166.38,2322.7,0,NORMAL
PALA-03,89.62,3083.91,6.16,58.2,84.61,1803.3,26.44,180.55,3406.2,0,NORMAL
PALA-02,80.83,3249.58,1.31,64.35,79.08,1560.7,25.87,146.22,2048.8,0,NORMAL
PALA-01,82.16,3364.93,1.41,51.61,85.92,1812.2,27.71,177.22,2941.1,0,NORMAL
PALA-02,77.11,3218.44,3.09,44.79,75.23,1583.1,26.07,177.85,2692.4,0,NORMAL
CARG-02,78.53,3118.92,3.79,53.1,74.23,1670.6,27.13,110.32,954.2,0,NORMAL
PALA-03,79.74,3053.37,1.51,56.28,82.06,1858.7,25.2,146.52,2061.4,0,NORMAL
PALA-03,77.29,3403.77,2.15,51.79,82.72,1653.3,25.78,154.01,2490.4,0,NORMAL
PALA-03,81.06,3412.49,2.94,60.86,80.34,1756.8,25.53,148.6,1161.7,0,NORMAL
PALA-01,80.17,3212.57,2.13,50.7,85.43,1865.0,25.4,124.0,2157.1,0,NORMAL
PALA-02,90.33,3387.9,2.81,53.5,78.37,1583.3,25.99,73.49,496.4,0,NORMAL
CARG-01,76.75,2716.26,3.2,52.77,85.82,1740.8,26.69,195.99,2812.7,0,NORMAL
PALA-01,82.46,3488.96,1.99,67.87,84.15,1797.6,27.63,84.18,1122.3,0,NORMAL
PALA-02,83.12,3221.75,1.7,49.47,88.45,1549.6,26.24,229.25,1101.3,0,NORMAL
PALA-02,77.18,3275.52,0.9,56.92,73.91,1595.5,26.47,151.73,2566.8,0,NORMAL
PALA-02,85.09,3192.31,0.97,47.99,79.05,1913.9,26.67,136.64,2756.4,0,NORMAL
CARG-02,80.21,3501.23,1.04,55.71,77.38,1582.5,25.82,105.75,2568.7,0,NORMAL
PALA-01,70.78,3059.07,3.2,49.23,84.11,1678.1,26.38,101.9,1197.6,0,NORMAL
PALA-03,84.97,3515.4,4.03,59.5,87.29,1478.1,28.07,128.79,3225.7,0,NORMAL
PALA-01,76.97,3321.33,1.05,58.54,79.51,1625.7,26.71,166.67,2103.1,0,NORMAL
CARG-02,77.29,3362.08,2.91,55.36,83.4,1813.1,28.07,209.43,1290.2,0,NORMAL
PALA-01,85.1,3190.74,1.02,47.04,86.77,1835.0,26.42,105.78,1245.8,0,NORMAL
PALA-02,80.44,3014.52,0.65,53.73,82.3,1815.3,25.9,172.57,322.2,0,NORMAL
CARG-01,86.13,3417.49,4.86,52.48,83.81,1715.8,27.23,95.22,626.8,0,NORMAL
CARG-01,87.45,3306.05,1.11,58.15,73.07,1591.0,27.41,128.29,2304.7,0,NORMAL
PALA-02,79.1,3495.09,2.0,49.49,87.26,1769.6,26.0,177.59,1135.3,0,NORMAL
PALA-02,85.57,3215.12,0.59,59.78,79.8,1667.0,26.69,124.4,939.8,0,NORMAL
PALA-02,78.6,3174.54,3.15,58.84,91.68,1527.0,26.35,214.03,67.6,0,NORMAL
PALA-02,92.05,4440.73,1.78,47.13,77.6,1723.5,25.3,384.49,2961.3,1,FALLA_SOBRECARGA
PALA-01,78.88,3594.14,2.16,52.9,82.9,1872.4,25.34,177.35,987.7,0,NORMAL
PALA-02,86.62,3251.68,2.2,53.74,84.3,1853.2,26.24,140.47,1109.7,0,NORMAL
PALA-02,85.8,3114.5,1.13,59.03,70.99,1861.3,27.32,129.67,3479.2,0,NORMAL
PALA-02,83.42,3395.9,1.33,50.57,88.11,1756.3,27.08,144.01,1701.3,0,NORMAL
PALA-03,78.98,3204.28,0.97,55.04,83.97,1608.4,25.67,168.75,1902.3,0,NORMAL
CARG-02,81.32,3357.87,2.46,59.5,75.02,1790.5,25.5,168.73,253.4,0,NORMAL
PALA-03,72.31,3203.33,2.16,55.26,82.48,1738.1,25.7,131.34,1802.3,0,NORMAL
PALA-01,83.01,3531.52,2.01,44.71,82.46,1689.1,25.63,134.58,1519.1,0,NORMAL
PALA-01,83.57,3124.09,2.93,51.53,80.46,1800.0,25.69,105.83,3052.0,0,NORMAL
CARG-02,82.6,3336.5,2.41,58.52,78.62,1774.8,24.78,239.78,1853.9,0,NORMAL
PALA-02,68.62,3162.03,10.66,57.9,80.73,1645.6,24.45,128.58,4178.5,1,FALLA_DESGASTE_RODAMIENTOS
PALA-01,76.3,3199.33,2.97,42.75,84.45,1640.0,24.35,101.04,2654.1,0,NORMAL
PALA-03,78.63,3175.83,1.42,55.0,84.28,1581.7,25.16,72.93,93.5,0,NORMAL
PALA-03,83.31,3382.95,0.88,58.73,81.03,1750.8,27.33,136.5,3407.0,0,NORMAL
PALA-03,83.3,3415.31,1.74,56.69,81.91,1828.9,29.28,174.21,302.6,0,NORMAL
PALA-02,81.23,3350.39,1.4,57.27,80.49,1649.0,28.02,156.33,170.7,0,NORMAL
PALA-01,84.86,3230.56,3.55,64.31,77.11,1592.1,26.6,153.38,1119.9,0,NORMAL
CARG-02,77.38,3275.23,2.89,53.78,80.77,1780.4,25.78,185.54,1513.6,0,NORMAL
PALA-02,84.75,3411.59,1.2,55.52,78.06,1909.5,26.06,180.42,820.4,0,NORMAL
PALA-03,84.14,3417.28,1.09,49.3,77.02,1958.8,26.51,128.56,1765.3,0,NORMAL
CARG-01,83.7,2765.75,1.44,50.83,71.32,1901.8,28.05,169.12,3389.4,0,NORMAL
PALA-03,81.18,3201.0,1.91,52.34,79.36,1714.1,25.61,162.43,1966.3,0,NORMAL
PALA-02,90.24,3209.63,1.99,58.25,84.14,1611.9,26.4,139.26,435.6,0,NORMAL
PALA-02,84.22,3370.47,1.43,50.26,85.89,1792.9,26.48,210.02,3196.0,0,NORMAL
PALA-03,77.64,3237.98,2.25,60.17,82.78,1711.5,26.33,132.8,429.5,0,NORMAL
CARG-02,83.12,3379.45,1.33,48.53,75.82,1696.1,24.79,139.81,1628.3,0,NORMAL
CARG-02,85.39,3055.84,4.23,57.2,80.38,1948.1,26.18,143.34,1643.0,0,NORMAL
PALA-01,79.35,2145.0,1.79,25.31,76.38,1886.3,25.32,192.43,2562.3,1,FALLA_PRESION_HIDRAULICA
PALA-01,86.9,3412.04,3.0,55.29,88.64,1796.4,28.23,198.06,2394.9,0,NORMAL
CARG-02,83.72,2984.61,3.15,58.92,79.45,1708.4,26.86,207.27,2176.8,0,NORMAL
CARG-01,71.46,3702.46,1.95,50.29,79.02,1720.9,27.29,187.1,2246.1,0,NORMAL
CARG-02,83.35,3464.36,1.51,51.67,84.69,1534.7,25.69,156.5,2673.7,0,NORMAL
PALA-01,80.17,3250.24,0.88,49.18,80.84,1845.5,26.04,193.65,644.3,0,NORMAL
PALA-03,84.42,3100.89,1.27,54.05,85.29,1875.7,28.03,173.13,3418.4,0,NORMAL
CARG-01,86.25,3218.48,1.79,53.4,76.51,1628.3,27.22,155.67,1932.4,0,NORMAL
PALA-03,82.88,3265.08,1.26,58.28,81.36,1644.6,26.74,143.75,2539.2,0,NORMAL
PALA-02,89.49,3329.32,1.62,55.93,83.03,1837.0,27.47,153.99,2047.2,0,NORMAL
PALA-01,81.2,3520.12,4.58,57.45,70.53,1681.1,27.97,143.32,3070.2,0,NORMAL
PALA-03,84.81,3164.3,1.72,53.01,78.27,1856.3,27.61,174.53,2076.0,0,NORMAL
PALA-02,85.62,3351.29,2.48,56.03,78.54,1626.2,27.24,152.56,379.9,0,NORMAL
PALA-02,81.56,3017.36,3.17,63.06,81.22,1682.6,27.32,177.1,3064.3,0,NORMAL
CARG-02,85.5,3175.55,4.33,47.27,79.76,1782.2,26.14,177.75,403.1,0,NORMAL
PALA-02,79.32,3317.81,2.59,44.8,82.18,1681.2,26.56,160.26,1849.6,0,NORMAL
CARG-01,80.1,3374.43,0.33,57.18,80.06,1674.2,26.94,144.21,746.3,0,NORMAL
PALA-01,76.09,3114.42,2.27,49.76,85.59,1671.5,26.65,128.22,467.4,0,NORMAL
PALA-03,83.09,3170.66,1.1,47.09,89.44,1803.4,26.8,156.22,471.7,0,NORMAL
CARG-02,83.46,3512.9,1.42,56.67,75.0,1835.5,26.29,170.27,3037.3,0,NORMAL
PALA-01,87.31,3459.14,1.97,48.98,81.1,1779.1,24.22,112.23,1243.0,0,NORMAL
PALA-01,85.56,3287.52,3.13,61.7,85.35,1636.3,26.94,97.78,1267.8,0,NORMAL
PALA-02,80.72,2847.4,1.99,54.78,78.19,1884.1,26.49,155.72,2414.1,0,NORMAL
PALA-01,76.7,3702.0,1.19,52.99,82.12,1750.6,26.5,128.67,2919.5,0,NORMAL
CARG-01,83.95,3246.41,3.18,49.89,79.48,1846.1,28.16,195.32,2877.1,0,NORMAL
CARG-02,87.0,3193.74,1.22,55.08,76.99,1565.2,26.69,205.67,2284.6,0,NORMAL
PALA-02,85.4,3155.98,0.35,46.05,76.93,1860.1,25.76,124.61,2526.3,0,NORMAL
PALA-02,86.88,3317.75,1.44,41.66,71.12,1675.3,26.95,100.41,2174.6,0,NORMAL
PALA-02,81.05,3319.58,1.25,46.23,81.66,1666.9,26.47,180.15,2919.9,0,NORMAL
CARG-01,79.9,3421.11,2.14,59.69,81.93,1768.6,27.29,167.13,1239.0,0,NORMAL
PALA-01,78.68,3083.31,3.09,49.38,77.19,1473.9,25.92,173.78,871.2,0,NORMAL
PALA-03,81.75,3193.75,1.21,46.83,79.88,1762.0,25.75,186.86,728.5,0,NORMAL
PALA-03,81.65,3615.5,2.08,53.56,75.23,1686.8,25.97,145.35,2132.4,0,NORMAL
PALA-03,82.93,3290.43,3.8,65.12,83.13,1889.7,25.02,153.1,867.9,0,NORMAL
PALA-01,81.42,3218.95,1.14,59.46,79.4,1752.6,26.05,188.44,498.4,0,NORMAL
CARG-01,81.4,3080.51,2.22,50.0,84.08,1600.8,27.67,175.61,3377.5,0,NORMAL
PALA-01,78.5,3341.07,5.39,49.91,79.71,1623.9,25.82,231.64,1354.2,0,NORMAL
PALA-01,86.24,3435.58,2.42,50.02,77.05,1424.9,25.31,170.28,3134.6,0,NORMAL
CARG-02,82.34,3407.43,1.84,49.45,78.86,2011.5,25.98,168.98,2480.2,0,NORMAL
CARG-01,81.22,3203.42,2.66,56.72,87.03,1419.5,26.58,190.85,1252.1,0,NORMAL
PALA-01,78.64,3315.03,3.1,52.32,89.38,1655.1,25.8,232.31,540.3,0,NORMAL
PALA-01,76.01,3550.9,2.17,48.43,74.97,1809.0,26.46,185.02,2953.4,0,NORMAL
PALA-01,87.89,3442.76,4.55,47.32,84.62,1896.1,26.6,149.96,3126.0,0,NORMAL
PALA-02,84.5,3108.85,1.65,65.51,76.57,1936.5,26.4,136.86,680.4,0,NORMAL
PALA-01,74.69,1256.31,1.38,35.17,77.96,1708.0,26.33,165.68,2218.3,1,FALLA_PRESION_HIDRAULICA
PALA-01,85.43,3303.42,2.46,49.72,81.84,1780.3,27.81,121.5,1991.9,0,NORMAL
PALA-02,86.15,3393.74,1.84,60.06,82.96,1683.3,26.54,182.6,3252.8,0,NORMAL
CARG-01,82.56,3053.94,3.62,48.24,78.09,1533.3,17.77,170.42,2284.4,1,FALLA_ELECTRICA
PALA-03,89.19,3248.42,3.3,53.31,83.44,1594.6,27.0,178.14,983.9,0,NORMAL
PALA-03,82.98,3202.53,2.3,52.77,85.74,1514.0,26.35,97.78,2519.1,0,NORMAL
PALA-01,75.62,3268.77,2.7,54.91,83.91,1757.9,26.46,207.15,1871.6,0,NORMAL
CARG-02,83.64,3151.95,1.63,49.29,77.14,1678.9,27.21,120.77,1248.2,0,NORMAL
CARG-01,83.1,3482.29,2.32,54.64,79.22,1697.5,27.47,115.95,2146.5,0,NORMAL
CARG-01,79.29,3276.63,0.55,45.26,84.5,1800.7,25.49,89.39,3369.9,0,NORMAL
CARG-01,84.58,3091.78,3.81,52.12,87.21,1749.7,27.79,138.82,2870.1,0,NORMAL
CARG-02,74.5,3415.14,2.48,60.68,75.92,1799.5,26.35,165.37,2611.4,0,NORMAL
PALA-03,86.46,3022.45,2.64,59.13,82.21,1937.4,26.35,156.41,313.4,0,NORMAL
PALA-01,78.05,3481.21,1.97,50.52,83.94,1624.7,25.59,184.36,466.9,0,NORMAL
PALA-03,77.57,3428.39,2.22,46.37,75.41,1495.2,27.0,204.66,2162.5,0,NORMAL
CARG-01,81.49,3500.16,1.83,43.08,85.08,1650.4,25.26,207.61,159.4,0,NORMAL
CARG-01,83.95,3221.52,2.64,57.09,89.46,1695.2,26.83,151.04,2266.9,0,NORMAL
PALA-03,82.74,3160.7,1.94,55.39,83.66,1772.3,27.72,154.89,1091.7,0,NORMAL
PALA-01,78.66,3265.12,1.92,55.93,83.26,1806.9,26.15,155.19,605.3,0,NORMAL
PALA-02,79.72,3234.8,0.42,62.45,78.0,1592.2,27.27,145.54,209.3,0,NORMAL
CARG-02,76.9,3132.51,2.37,54.76,79.04,1574.5,26.47,230.86,779.8,0,NORMAL
PALA-03,80.99,3150.35,2.59,55.14,78.41,1883.7,25.29,170.93,2450.9,0,NORMAL
PALA-03,86.84,3184.05,2.92,47.01,77.46,1758.2,26.5,177.76,1600.8,0,NORMAL
PALA-02,81.98,3039.4,2.64,62.12,80.03,1762.4,26.25,183.81,163.1,0,NORMAL
PALA-02,85.87,3372.03,0.58,53.18,82.24,1751.7,27.12,202.49,288.3,0,NORMAL
CARG-02,88.55,3240.59,2.14,49.92,77.57,1737.7,26.11,151.97,2063.6,0,NORMAL
PALA-03,79.35,3194.49,1.98,55.04,79.61,1693.0,26.8,177.92,2938.5,0,NORMAL
CARG-01,81.16,3050.14,1.54,64.0,82.28,1634.9,25.56,180.58,2106.5,0,NORMAL
PALA-02,91.77,3041.13,3.31,64.68,72.53,1655.3,26.74,105.41,1378.7,0,NORMAL
PALA-03,88.5,3598.46,2.29,49.15,84.8,1979.9,26.42,142.93,1555.8,0,NORMAL
PALA-01,74.47,3137.09,3.34,59.88,81.85,1936.5,26.3,154.25,1429.8,0,NORMAL
CARG-01,83.74,3359.9,0.76,55.68,81.91,1831.3,26.42,194.64,3144.1,0,NORMAL
PALA-02,82.0,3279.27,1.59,58.94,85.63,1711.9,26.17,282.21,576.8,0,NORMAL
PALA-02,85.72,2750.47,0.5,55.38,84.75,1787.8,26.51,144.71,1366.6,0,NORMAL
PALA-03,78.65,3572.64,3.97,57.07,83.43,1549.1,26.24,143.24,1113.5,0,NORMAL
CARG-02,78.22,3373.14,3.38,60.61,82.12,1839.6,25.62,175.48,2082.7,0,NORMAL
PALA-01,78.96,3111.82,4.32,45.25,80.96,1691.2,25.36,99.6,2437.7,0,NORMAL
CARG-01,79.43,3244.89,3.65,55.8,78.68,1721.8,26.0,97.53,1835.0,0,NORMAL
PALA-02,85.67,3043.15,7.26,48.15,77.16,1731.8,26.15,155.19,3053.8,1,FALLA_DESGASTE_RODAMIENTOS
PALA-02,76.68,3578.72,1.62,51.68,82.55,1698.5,24.0,141.04,927.0,0,NORMAL
PALA-01,79.2,3086.62,2.7,54.0,82.58,1816.4,26.42,199.1,113.9,0,NORMAL
PALA-02,73.95,3155.84,1.67,48.96,81.56,1911.4,28.16,146.95,2546.0,0,NORMAL
PALA-03,86.53,3118.68,2.73,51.09,75.62,1822.8,26.95,114.28,894.6,0,NORMAL
PALA-01,87.72,3264.47,1.69,47.0,70.38,1727.9,26.26,124.37,3398.7,0,NORMAL
PALA-02,80.53,3496.66,3.08,51.03,81.22,1592.1,25.75,201.6,2822.5,0,NORMAL
CARG-02,80.66,3572.09,1.22,56.56,73.66,1724.7,25.04,134.46,2210.1,0,NORMAL
PALA-01,84.04,3178.18,3.02,58.33,82.27,1710.7,27.11,147.94,2480.0,0,NORMAL
CARG-01,88.64,3318.09,1.03,50.15,88.79,1818.9,26.74,149.41,2808.9,0,NORMAL
PALA-02,83.84,3264.74,1.77,60.64,82.32,1642.7,17.18,139.62,2411.2,1,FALLA_ELECTRICA
PALA-03,78.86,3073.31,7.38,56.89,79.25,1613.4,27.17,170.69,3871.1,1,FALLA_DESGASTE_RODAMIENTOS
PALA-02,74.72,3686.06,1.84,61.17,76.82,1755.8,27.07,222.02,1796.9,0,NORMAL
PALA-01,76.98,4412.46,0.87,45.15,78.69,1830.4,25.86,333.7,1134.1,1,FALLA_SOBRECARGA
PALA-01,82.33,3284.04,1.52,55.56,80.85,1738.4,26.17,188.75,2474.3,0,NORMAL
PALA-01,79.05,3534.74,2.52,57.06,85.29,1836.0,19.91,126.25,78.8,1,FALLA_ELECTRICA
PALA-01,82.88,3468.18,1.63,45.41,81.56,1566.9,26.84,173.01,1380.3,0,NORMAL
PALA-03,79.51,3264.74,1.46,66.07,79.83,1776.8,25.52,207.89,597.0,0,NORMAL
CARG-02,77.24,3308.67,1.32,50.82,83.69,1566.2,26.85,151.88,3325.4,0,NORMAL
CARG-01,76.7,3522.18,1.12,56.72,86.9,2040.1,26.45,159.85,2531.4,0,NORMAL
PALA-03,89.03,3079.69,1.09,58.63,82.25,1880.9,27.29,186.73,1786.9,0,NORMAL
PALA-01,86.0,3551.26,2.94,54.51,81.76,1766.2,27.01,213.55,885.4,0,NORMAL
PALA-02,89.79,3209.48,3.61,60.93,74.36,1527.5,26.45,201.54,116.3,0,NORMAL
PALA-02,84.43,3524.44,2.02,63.98,75.55,1555.0,27.13,115.63,2657.2,0,NORMAL
PALA-01,80.07,3249.06,3.36,48.45,75.04,1947.5,25.19,171.78,1762.3,0,NORMAL
PALA-03,87.96,3310.77,4.46,54.58,80.23,1581.1,26.1,138.78,358.9,0,NORMAL
PALA-03,81.85,3243.82,1.85,58.58,77.66,1780.0,25.62,148.76,2033.9,0,NORMAL
PALA-02,82.99,3154.27,1.52,45.83,79.02,1938.8,25.96,114.38,188.0,0,NORMAL
PALA-02,81.81,3201.39,1.53,59.32,77.61,1732.7,25.95,150.68,1544.5,0,NORMAL
CARG-01,68.74,3498.24,2.55,62.53,77.97,1576.6,25.39,130.23,1567.3,0,NORMAL
CARG-01,89.22,2833.45,6.05,60.42,73.58,1507.0,27.16,154.39,3029.6,0,NORMAL
PALA-02,84.21,3026.99,0.79,56.19,81.88,1765.9,27.0,177.24,3456.4,0,NORMAL
CARG-02,83.48,3119.42,5.43,61.7,83.8,1587.5,25.91,169.89,546.8,0,NORMAL
CARG-02,81.72,3055.9,1.48,55.79,81.28,1720.3,24.55,190.98,2472.1,0,NORMAL
PALA-02,82.74,3521.8,1.77,47.4,82.46,1592.2,26.0,142.96,3057.3,0,NORMAL
PALA-02,79.31,3476.38,2.8,51.39,82.86,1647.8,26.36,100.87,1533.8,0,NORMAL
PALA-03,84.77,3356.57,5.64,52.72,82.7,1651.7,27.49,215.88,1176.8,0,NORMAL
CARG-02,76.12,3135.2,0.23,53.68,84.39,1688.7,25.95,179.18,119.0,0,NORMAL
CARG-02,82.84,3490.31,1.33,53.53,85.76,1631.2,27.18,180.8,1993.9,0,NORMAL
PALA-01,84.53,2964.14,13.36,52.31,87.31,1754.2,26.0,178.88,2909.5,1,FALLA_DESGASTE_RODAMIENTOS
PALA-02,81.11,3635.56,0.52,55.09,73.3,1839.7,26.85,169.02,306.4,0,NORMAL
PALA-03,83.67,3126.77,1.03,61.52,82.87,1676.8,27.05,194.7,64.1,0,NORMAL
PALA-03,77.54,4340.68,2.03,55.07,76.16,1751.3,26.86,334.47,3365.4,1,FALLA_SOBRECARGA
PALA-01,77.65,3172.72,1.27,57.14,86.62,1607.8,25.63,187.62,3010.2,0,NORMAL
CARG-02,83.07,3056.84,2.07,43.03,81.26,1531.9,26.11,172.46,3369.8,0,NORMAL
PALA-03,85.05,3596.52,2.48,54.63,82.11,1768.2,26.87,164.6,3299.0,0,NORMAL
CARG-01,73.56,3392.0,1.94,59.43,81.47,1825.6,25.14,142.84,2207.2,0,NORMAL
CARG-02,84.35,3468.78,3.28,60.23,81.84,1490.4,27.03,168.78,2141.2,0,NORMAL
CARG-01,79.56,3029.74,3.84,59.73,87.59,1709.0,25.43,152.71,2972.5,0,NORMAL
PALA-02,81.13,3282.57,3.81,55.52,85.96,1771.9,25.32,189.96,3315.6,0,NORMAL
PALA-03,75.97,3343.79,1.16,56.07,87.42,1754.7,25.97,143.82,2083.3,0,NORMAL
PALA-01,78.17,3298.74,3.76,50.64,80.22,1649.2,25.85,123.93,463.6,0,NORMAL
PALA-03,86.35,3041.13,5.63,58.23,72.5,1725.7,26.55,179.77,504.0,0,NORMAL
PALA-01,82.15,3443.59,2.54,50.66,83.99,1831.2,26.61,233.75,2326.7,0,NORMAL
PALA-03,80.28,3271.88,2.02,57.4,76.53,1616.8,26.46,168.97,328.7,0,NORMAL
PALA-01,81.48,3078.11,2.11,54.21,79.55,1906.6,25.61,154.93,2160.3,0,NORMAL
PALA-01,84.2,2916.05,0.91,54.07,80.75,1553.4,27.37,222.6,3375.4,0,NORMAL
PALA-01,83.98,3359.2,2.72,59.01,81.01,1827.7,26.45,176.08,61.4,0,NORMAL
PALA-01,81.66,3691.08,1.53,56.81,83.58,1726.5,27.14,154.81,690.8,0,NORMAL
CARG-01,86.92,3067.25,5.8,55.41,77.31,1658.2,24.57,220.05,3308.7,0,NORMAL
CARG-01,86.37,3280.68,3.58,51.51,83.51,1499.0,26.83,134.19,1736.5,0,NORMAL
PALA-03,83.86,3449.89,2.89,62.01,80.24,1862.8,25.94,148.34,1039.6,0,NORMAL
PALA-01,82.25,3021.46,2.49,55.66,91.41,1607.9,27.01,171.87,908.4,0,NORMAL
PALA-01,84.96,3163.61,0.51,57.74,74.64,1716.4,27.83,258.9,3030.5,0,NORMAL
PALA-01,83.41,3095.17,3.75,54.4,81.51,1776.5,25.47,127.6,1532.0,0,NORMAL
PALA-01,86.77,3427.24,0.13,50.53,83.46,2005.5,27.09,120.31,2243.1,0,NORMAL
CARG-02,86.05,3488.59,1.53,55.77,79.36,1677.3,25.92,167.92,1119.3,0,NORMAL
PALA-01,77.42,3278.63,1.94,51.02,78.7,1726.1,24.9,212.13,1930.3,0,NORMAL
PALA-02,77.11,3098.49,2.24,56.19,86.3,1769.7,27.14,191.62,2796.3,0,NORMAL
PALA-01,78.84,3170.3,5.11,37.67,84.36,1734.0,27.86,136.44,1218.1,0,NORMAL
PALA-01,86.39,3136.51,4.05,52.0,77.8,1628.6,28.09,119.79,1422.6,0,NORMAL
PALA-03,74.91,3074.09,0.6,53.93,75.07,1898.2,26.64,137.06,1579.4,0,NORMAL
PALA-03,83.78,3231.63,1.28,49.23,83.35,1664.7,25.24,163.65,2116.3,0,NORMAL
PALA-01,83.63,3353.47,4.39,55.82,82.29,1776.2,26.23,170.98,1099.7,0,NORMAL
PALA-01,87.23,3338.25,1.97,51.89,83.28,1694.0,26.31,151.54,1587.7,0,NORMAL
PALA-02,82.81,3248.52,0.99,53.97,80.48,1647.3,27.28,150.67,1940.1,0,NORMAL
PALA-01,75.96,3260.27,2.37,51.24,84.44,1845.8,26.38,150.39,1273.4,0,NORMAL
PALA-01,77.68,3235.32,2.58,58.86,87.4,1751.6,24.74,181.17,74.3,0,NORMAL
CARG-02,76.68,3016.5,0.98,56.73,87.12,1457.9,26.9,172.2,981.1,0,NORMAL
PALA-03,79.58,3278.82,2.86,55.49,77.72,1755.7,26.46,181.78,2865.0,0,NORMAL
PALA-03,81.18,3144.95,0.65,54.31,91.0,1644.7,27.12,171.98,1027.9,0,NORMAL
PALA-02,76.76,3007.48,4.28,66.65,83.63,1529.3,26.6,94.56,2887.1,0,NORMAL
PALA-02,88.62,3316.73,3.2,53.21,75.29,1834.8,26.95,160.38,1461.1,0,NORMAL
PALA-03,76.04,3139.89,3.38,50.52,82.75,1628.4,26.41,136.55,3038.6,0,NORMAL
PALA-03,88.06,3291.0,2.07,48.13,81.92,1751.5,26.63,215.36,1345.2,0,NORMAL
CARG-01,87.33,3402.57,3.94,58.53,80.53,1830.4,25.66,119.86,1058.7,0,NORMAL
PALA-01,86.04,3078.96,2.54,62.16,80.19,1690.9,26.68,93.07,869.7,0,NORMAL
PALA-03,78.88,1690.01,3.96,25.31,83.81,1750.1,26.25,187.66,1094.2,1,FALLA_PRESION_HIDRAULICA
PALA-02,83.54,2924.12,2.23,52.58,83.82,1638.3,26.79,168.6,734.2,0,NORMAL
CARG-02,76.25,3525.86,4.08,52.2,78.65,1852.5,25.45,164.84,2639.4,0,NORMAL
PALA-03,86.1,3005.37,1.43,53.38,78.86,1698.2,27.52,174.17,3437.3,0,NORMAL
PALA-03,81.67,3157.33,1.25,45.16,78.7,1784.5,26.6,156.78,1420.4,0,NORMAL
PALA-01,80.16,3490.91,2.44,58.03,80.3,1900.6,27.03,143.88,1199.6,0,NORMAL
PALA-03,76.49,3207.79,1.54,59.95,84.55,1497.8,26.4,165.84,2249.6,0,NORMAL
PALA-01,70.85,3034.47,2.15,44.48,85.81,1637.8,26.88,122.86,1535.1,0,NORMAL
PALA-02,77.33,3378.35,0.6,62.79,80.14,1699.3,24.6,211.89,215.9,0,NORMAL
PALA-01,87.01,3374.3,2.89,62.09,85.4,1735.3,26.31,137.17,1238.0,0,NORMAL
PALA-03,80.19,3136.03,3.86,38.65,82.77,1793.8,25.77,117.46,2810.6,0,NORMAL
PALA-01,81.24,3155.51,1.52,43.13,81.53,1866.5,16.99,173.57,286.9,1,FALLA_ELECTRICA
PALA-02,84.95,3171.63,2.65,53.34,88.47,1630.6,27.21,131.07,942.5,0,NORMAL
CARG-02,90.13,3212.74,3.2,60.58,82.32,1695.8,25.12,201.82,3413.2,0,NORMAL
PALA-01,87.96,3760.99,3.53,55.45,80.46,1854.6,26.99,267.86,1026.7,1,FALLA_SOBRECARGA
PALA-03,77.62,3217.34,1.63,54.11,84.34,1760.6,26.77,102.25,2987.7,0,NORMAL
PALA-02,73.26,3571.1,0.87,56.87,76.08,1515.9,27.42,146.98,3152.0,0,NORMAL
PALA-01,92.62,3088.73,2.33,49.96,80.12,1506.0,24.74,164.56,2402.3,0,NORMAL
CARG-01,92.21,3144.97,3.03,60.39,82.05,1661.3,26.87,134.12,1686.6,0,NORMAL
PALA-01,82.85,3036.95,1.16,53.48,83.88,1786.2,26.6,150.69,3346.6,0,NORMAL
PALA-02,76.28,3360.19,3.64,45.83,81.96,1784.0,26.36,220.52,3374.1,0,NORMAL
PALA-03,86.33,3466.58,2.64,50.02,75.84,1612.8,27.56,135.46,2244.9,0,NORMAL
PALA-03,81.51,3462.46,1.45,55.85,77.46,1799.6,24.71,103.65,2622.0,0,NORMAL
PALA-03,81.49,3025.36,4.54,52.55,79.28,1750.2,26.5,151.84,3088.3,0,NORMAL
PALA-02,86.03,3339.96,1.62,52.03,81.97,1590.2,27.22,120.37,419.7,0,NORMAL
PALA-01,83.5,3508.08,0.59,55.01,75.81,1647.8,25.1,180.12,1999.9,0,NORMAL
CARG-01,76.66,3341.74,3.32,55.79,86.64,1486.6,26.88,177.39,3029.3,0,NORMAL
PALA-03,80.54,3336.11,1.27,47.85,82.25,1577.1,26.66,155.33,3200.3,0,NORMAL
CARG-01,84.98,3165.1,1.74,60.12,82.14,1493.9,24.7,173.23,3498.8,0,NORMAL
CARG-01,84.3,3289.62,1.57,53.34,80.31,1534.4,27.28,122.57,2578.4,0,NORMAL
CARG-01,83.18,3472.54,3.29,56.1,75.23,1921.5,25.69,193.06,771.6,0,NORMAL
PALA-02,86.2,3309.08,2.43,54.49,81.36,1672.0,27.66,140.15,2238.4,0,NORMAL
PALA-02,80.37,3978.65,1.07,51.95,83.99,1507.1,26.86,384.61,3463.8,1,FALLA_SOBRECARGA
CARG-01,82.8,3167.91,1.05,58.56,80.39,1770.2,26.64,148.69,2077.2,0,NORMAL
PALA-02,66.81,3467.67,0.96,54.41,85.28,1754.8,27.21,144.23,1380.5,0,NORMAL
PALA-01,79.98,3308.45,1.66,54.37,80.75,1743.1,27.12,153.12,986.1,0,NORMAL
CARG-02,85.44,3271.43,3.54,41.56,83.78,1615.2,24.83,180.49,1254.3,0,NORMAL
CARG-02,80.24,3150.28,1.88,58.1,80.56,1794.7,25.04,210.62,2589.3,0,NORMAL
PALA-02,79.9,3463.95,4.3,53.15,82.52,1588.3,26.29,172.51,776.0,0,NORMAL
PALA-01,77.31,3549.23,2.05,57.77,84.47,1815.2,25.54,234.79,2261.0,0,NORMAL
PALA-02,86.52,3477.37,0.89,62.22,76.68,1826.2,27.73,131.23,2212.8,0,NORMAL
CARG-01,84.47,3509.67,0.74,58.12,83.59,1712.3,25.61,152.85,961.1,0,NORMAL
CARG-02,85.71,3185.43,3.56,54.27,85.22,1544.3,26.47,121.22,1789.7,0,NORMAL
PALA-01,74.23,3159.97,2.79,52.57,89.76,1816.3,26.87,142.36,3039.2,0,NORMAL
PALA-01,81.28,3221.86,1.31,66.63,81.28,1650.0,28.36,136.89,2793.8,0,NORMAL
CARG-02,80.74,3256.94,0.84,56.42,72.6,1752.9,27.32,108.66,2072.2,0,NORMAL
PALA-02,80.74,3507.58,1.23,55.05,73.88,1802.9,25.87,192.73,2352.0,0,NORMAL
PALA-03,79.23,2311.86,2.94,27.53,77.45,1622.8,26.82,180.7,170.9,1,FALLA_PRESION_HIDRAULICA
CARG-02,80.44,3346.92,3.47,49.52,86.13,1977.5,26.96,146.01,358.0,0,NORMAL
PALA-01,85.82,2992.39,0.78,44.25,89.79,1714.7,26.9,171.24,1343.0,0,NORMAL
PALA-03,73.39,2946.16,1.09,61.61,79.37,1639.5,25.62,145.53,1373.7,0,NORMAL
PALA-01,90.0,3293.28,4.82,50.1,81.21,1839.9,28.03,152.15,1077.7,0,NORMAL
PALA-02,84.18,3408.45,2.98,53.05,70.68,1906.0,25.42,177.7,2294.6,0,NORMAL
CARG-01,81.81,3235.68,1.05,53.47,83.61,1472.0,26.94,159.41,2144.1,0,NORMAL
PALA-02,86.08,3594.68,1.37,61.17,81.54,1554.3,25.69,160.59,2411.7,0,NORMAL
CARG-02,75.47,3055.16,4.17,50.17,80.0,1626.9,26.71,93.08,847.0,0,NORMAL
PALA-03,79.01,1467.94,1.56,25.31,77.15,1973.6,26.24,188.73,59.3,1,FALLA_PRESION_HIDRAULICA
PALA-02,81.46,3130.43,1.67,56.56,79.59,1662.5,25.36,205.62,3386.9,0,NORMAL
PALA-01,88.15,3123.59,1.65,47.08,75.62,1902.5,24.42,195.92,2715.4,0,NORMAL
PALA-02,81.79,3344.73,1.66,46.61,77.56,1746.4,27.11,141.33,1626.6,0,NORMAL
PALA-02,84.03,3174.09,3.1,50.42,75.92,1546.0,25.95,194.19,201.0,0,NORMAL
PALA-01,79.35,2971.39,2.38,55.22,76.93,1825.7,26.51,175.13,737.0,0,NORMAL
PALA-02,84.19,3410.48,3.08,54.58,76.38,1758.0,27.84,129.71,232.7,0,NORMAL
PALA-02,89.55,2933.21,1.4,53.4,83.31,1616.5,26.9,149.42,1696.3,0,NORMAL
CARG-01,86.48,3057.18,0.45,57.26,76.4,1640.7,24.08,156.5,799.2,0,NORMAL
PALA-03,81.63,2957.91,1.52,49.72,80.79,1594.0,25.42,78.41,1908.0,0,NORMAL
CARG-01,85.04,3287.28,1.79,53.15,76.63,1645.0,24.93,166.81,264.0,0,NORMAL
PALA-01,84.6,3283.49,2.55,53.43,76.79,1799.0,25.73,120.69,2502.4,0,NORMAL
PALA-01,84.28,3594.96,1.72,49.85,76.63,1611.6,26.18,123.05,397.4,0,NORMAL
PALA-03,87.0,3414.49,1.11,65.51,84.91,1730.1,28.44,165.46,1117.6,0,NORMAL
PALA-02,86.97,3509.5,0.71,43.2,80.27,1757.7,27.21,147.94,2275.9,0,NORMAL
PALA-01,81.43,3301.95,6.04,60.2,78.01,1713.5,26.69,125.0,421.2,0,NORMAL
CARG-01,84.89,3074.15,3.17,58.0,76.98,1526.1,26.76,165.32,3426.0,0,NORMAL
CARG-01,80.28,3273.06,2.35,58.04,75.62,1809.9,26.78,129.96,709.7,0,NORMAL
PALA-03,77.85,3356.64,2.14,54.48,78.13,1580.1,25.0,129.86,174.6,0,NORMAL
PALA-01,80.79,3376.69,1.52,60.67,75.25,1651.0,25.27,201.18,2356.5,0,NORMAL
CARG-01,81.66,3164.97,1.87,51.76,79.26,1664.8,26.76,165.61,1366.3,0,NORMAL
PALA-03,74.52,3337.98,1.17,55.96,78.17,1716.2,26.4,171.57,3387.3,0,NORMAL
CARG-01,85.87,3082.05,2.05,54.37,77.88,1731.5,26.64,214.86,351.2,0,NORMAL
CARG-01,69.55,3062.21,2.94,52.84,85.95,1802.3,27.68,151.86,1274.9,0,NORMAL
CARG-01,94.22,3049.16,1.8,54.61,80.02,1682.6,25.85,137.81,2097.0,0,NORMAL
PALA-03,88.76,3254.43,0.57,49.26,80.27,1574.0,26.1,138.35,1927.8,0,NORMAL
PALA-01,80.83,3037.99,2.63,50.68,86.13,1850.4,26.6,224.77,1733.9,0,NORMAL
PALA-03,82.04,3173.55,2.35,61.9,75.57,1671.9,25.04,156.66,1374.4,0,NORMAL
PALA-03,83.36,3412.52,3.28,68.41,79.05,1697.8,25.22,127.43,2929.7,0,NORMAL
CARG-01,79.35,3064.76,1.92,56.6,74.8,1599.9,27.49,164.67,526.4,0,NORMAL
PALA-01,82.87,3159.22,3.1,58.17,81.28,1616.1,26.16,138.22,1780.0,0,NORMAL
PALA-01,81.35,3262.89,0.72,55.26,83.43,1893.1,26.01,145.65,2024.9,0,NORMAL
CARG-02,81.58,3294.44,1.12,56.28,71.3,1555.0,26.59,217.02,3102.4,0,NORMAL
CARG-01,82.82,3160.13,1.7,56.72,84.44,1572.7,25.06,164.42,1024.5,0,NORMAL
CARG-02,76.09,3391.63,2.06,59.18,82.24,1664.5,26.15,115.23,994.5,0,NORMAL
CARG-01,82.18,3356.28,3.21,61.68,81.15,1758.2,25.94,144.59,2844.1,0,NORMAL
PALA-03,82.74,3455.17,2.35,49.58,76.03,1603.9,26.69,95.2,1005.2,0,NORMAL
PALA-03,82.58,2166.24,1.19,38.3,84.09,1530.6,24.71,133.45,235.9,1,FALLA_PRESION_HIDRAULICA
CARG-02,81.03,3157.69,2.71,54.69,87.73,1573.5,25.76,195.09,1852.0,0,NORMAL
PALA-03,87.12,3127.13,1.37,54.69,79.37,1670.1,26.03,134.69,2668.7,0,NORMAL
PALA-03,80.41,3305.26,1.63,51.94,79.73,1599.9,18.6,252.48,579.5,1,FALLA_ELECTRICA
PALA-01,83.02,3182.11,2.79,51.95,81.09,1986.8,27.24,68.55,2679.0,0,NORMAL
PALA-02,87.84,3147.55,1.31,57.08,79.4,1957.9,25.77,144.48,1273.1,0,NORMAL
CARG-01,81.64,3169.31,2.74,57.19,80.29,1859.9,28.86,163.95,3322.3,0,NORMAL
PALA-02,82.97,3126.94,0.76,56.83,85.11,1765.2,27.0,162.13,350.2,0,NORMAL
PALA-01,81.57,3285.82,1.2,51.73,80.73,1765.4,26.01,179.71,1137.8,0,NORMAL
PALA-02,87.57,2995.74,1.14,40.49,82.16,1878.7,26.88,150.39,775.0,0,NORMAL
PALA-01,80.84,3304.54,1.43,45.02,89.13,1735.7,26.98,203.86,3144.3,0,NORMAL
PALA-01,87.78,3371.78,1.41,54.07,86.86,1621.2,26.15,116.96,1013.4,0,NORMAL
PALA-02,81.53,3145.44,1.16,55.68,76.81,1974.8,27.32,151.67,966.4,0,NORMAL
CARG-02,78.13,3595.97,1.77,51.9,87.98,1789.0,25.62,121.0,2481.2,0,NORMAL
PALA-03,85.06,3253.17,0.67,50.54,86.51,1894.4,26.87,142.67,3324.4,0,NORMAL
PALA-01,80.63,2968.96,0.67,55.48,86.98,1937.5,26.32,151.0,2086.3,0,NORMAL
PALA-01,84.79,3199.38,2.51,53.46,78.5,1507.3,26.63,181.65,3299.6,0,NORMAL
PALA-03,69.72,3261.28,0.97,51.62,81.85,1616.3,26.58,124.53,2320.2,0,NORMAL
PALA-02,82.02,3330.81,1.53,45.92,79.43,1695.6,26.41,150.26,730.1,0,NORMAL
CARG-01,79.93,3203.66,2.08,49.78,81.48,1780.1,27.98,160.73,2618.7,0,NORMAL
PALA-03,77.22,3067.92,4.53,58.66,88.01,1830.0,25.93,165.05,1072.7,0,NORMAL
CARG-01,79.51,3052.9,2.02,49.19,81.56,1712.4,25.77,121.11,1115.4,0,NORMAL
PALA-02,79.42,3132.35,3.55,57.32,74.12,1875.1,26.33,168.17,2840.4,0,NORMAL
PALA-03,81.78,3149.6,2.32,60.93,79.51,1793.1,27.44,200.85,942.7,0,NORMAL
PALA-02,75.85,3045.7,5.2,50.04,78.38,1791.7,26.43,200.43,1199.7,0,NORMAL
CARG-02,83.42,3118.09,3.35,51.78,88.16,1686.8,26.34,150.27,3455.8,0,NORMAL
PALA-03,88.15,3368.7,2.06,58.94,77.75,1757.9,25.96,178.18,636.6,0,NORMAL
PALA-02,83.26,3546.71,2.75,60.16,79.37,1757.1,26.01,154.32,2230.8,0,NORMAL
PALA-02,85.64,3385.98,1.75,50.78,79.51,1835.5,27.26,197.28,1411.4,0,NORMAL
PALA-01,86.93,3485.05,1.74,45.89,87.4,1561.9,26.35,183.74,1153.1,0,NORMAL
PALA-03,87.56,3425.34,5.06,60.27,84.84,1804.3,26.6,119.41,508.9,0,NORMAL
PALA-01,90.42,3399.96,1.0,56.92,83.27,1522.4,25.84,154.64,1887.2,0,NORMAL
PALA-03,79.75,3189.2,1.95,56.0,81.93,1617.6,27.02,137.01,2016.2,0,NORMAL
PALA-02,101.22,3275.36,2.45,58.58,102.6,1792.9,27.38,156.67,2423.3,1,FALLA_TERMICA
PALA-03,85.53,1709.89,1.56,18.94,81.3,1619.4,25.66,119.66,2768.5,1,FALLA_PRESION_HIDRAULICA
CARG-01,85.19,3210.56,2.52,55.96,89.22,1723.3,25.68,155.84,1473.8,0,NORMAL
CARG-01,85.49,3262.27,1.75,52.57,75.93,1609.4,25.72,154.6,1908.2,0,NORMAL
CARG-01,90.5,3378.44,2.73,57.01,69.94,1791.9,27.23,155.57,274.9,0,NORMAL
PALA-01,82.05,3326.2,1.03,58.0,82.77,1725.7,25.63,168.88,1489.4,0,NORMAL
PALA-01,83.92,3220.87,1.35,58.88,86.61,1717.0,26.12,106.03,505.2,0,NORMAL
PALA-03,77.59,3260.0,1.24,56.99,81.74,1852.0,25.61,187.32,52.5,0,NORMAL
PALA-02,91.61,3328.02,0.8,55.25,73.08,1770.0,27.75,189.39,256.1,0,NORMAL
PALA-02,80.49,3370.13,3.76,55.42,83.98,1779.2,25.97,209.2,135.3,0,NORMAL
PALA-01,80.61,2976.58,1.48,55.83,76.74,1853.1,27.73,156.61,1403.4,0,NORMAL
PALA-02,80.44,3056.07,3.24,50.88,75.87,1865.4,26.38,169.11,1376.0,0,NORMAL
PALA-01,79.1,3449.32,1.54,52.15,77.09,1606.0,26.01,196.61,736.5,0,NORMAL
CARG-02,78.72,3239.04,2.11,56.01,74.57,1808.4,27.04,135.42,1654.9,0,NORMAL
PALA-01,106.03,3173.67,4.73,57.25,103.01,1772.0,26.37,177.21,324.4,1,FALLA_TERMICA
PALA-03,75.85,3202.57,3.27,50.75,78.41,1877.4,27.53,134.21,1056.9,0,NORMAL
PALA-01,78.47,3202.53,3.28,48.62,75.68,1565.6,26.23,178.1,206.8,0,NORMAL
PALA-03,90.77,3350.43,1.74,45.62,90.52,1637.1,26.04,173.74,73.1,0,NORMAL
PALA-02,85.31,3050.56,0.95,47.69,78.87,1696.3,26.04,128.65,2075.3,0,NORMAL
CARG-02,86.17,3254.46,1.13,51.3,81.21,1888.3,27.39,177.88,2524.6,0,NORMAL
CARG-02,87.3,3294.3,1.74,51.77,87.22,1685.6,26.6,144.67,942.2,0,NORMAL
PALA-02,90.25,3321.33,4.16,52.59,83.71,1715.0,25.81,154.34,2440.0,0,NORMAL
CARG-02,74.03,3290.12,2.51,47.97,88.63,1637.9,25.25,188.51,2216.1,0,NORMAL
CARG-02,76.47,3342.86,11.86,44.94,78.22,1814.1,26.57,197.7,3630.5,1,FALLA_DESGASTE_RODAMIENTOS
CARG-01,78.38,3146.91,2.45,54.63,85.19,1801.2,25.65,174.52,758.7,0,NORMAL
CARG-01,79.89,3080.48,1.48,54.63,82.96,1654.7,24.99,160.45,1708.8,0,NORMAL
PALA-01,80.65,3692.26,1.49,57.11,84.98,1594.6,27.27,184.68,777.6,0,NORMAL
PALA-03,79.99,3195.77,2.41,58.08,84.38,1812.7,25.41,148.61,3053.8,0,NORMAL
PALA-01,82.99,3216.8,4.83,55.96,77.91,1781.1,24.97,191.34,2276.8,0,NORMAL
PALA-01,82.16,3372.01,1.75,54.57,92.29,1640.4,26.29,138.39,344.1,0,NORMAL
CARG-02,78.75,3537.3,2.07,58.38,71.96,1803.3,26.16,152.38,1312.2,0,NORMAL
PALA-02,72.21,3151.98,1.02,61.12,77.54,1796.7,25.7,127.48,182.3,0,NORMAL
CARG-01,77.53,3070.21,2.75,50.62,83.72,1867.6,26.58,157.06,3447.5,0,NORMAL
CARG-01,79.53,3026.41,1.71,57.85,82.16,1821.6,26.16,213.06,2890.4,0,NORMAL
CARG-02,80.89,3536.76,2.24,50.88,81.54,1679.3,28.16,213.32,1267.6,0,NORMAL
CARG-02,76.92,3063.14,1.5,55.1,83.86,1628.6,26.25,216.99,1375.9,0,NORMAL
PALA-01,79.79,3245.04,3.31,59.35,77.63,1961.8,25.38,137.56,1324.7,0,NORMAL
PALA-01,76.91,3074.09,2.98,52.63,84.36,1658.3,26.64,254.77,2318.5,0,NORMAL
PALA-02,81.43,2989.3,1.08,49.24,80.48,1499.9,26.71,201.41,1251.1,0,NORMAL
PALA-01,77.17,3197.37,0.95,51.7,86.6,1575.0,26.13,195.66,782.8,0,NORMAL
PALA-01,78.18,3081.2,1.87,49.23,79.78,1476.7,25.07,168.73,974.7,0,NORMAL
PALA-02,76.11,3125.51,1.39,48.63,82.87,1866.6,27.64,105.33,2794.8,0,NORMAL
CARG-01,81.31,3611.1,2.43,60.03,83.55,1938.6,25.39,138.07,405.0,0,NORMAL
PALA-03,78.1,3326.48,2.82,56.66,84.62,1750.0,27.11,145.39,1533.8,0,NORMAL
PALA-02,86.08,3417.66,5.27,50.4,81.15,1527.6,27.39,154.79,1415.5,0,NORMAL
PALA-03,83.83,3398.44,1.83,49.08,79.85,1864.2,26.15,145.05,1971.5,0,NORMAL
PALA-01,81.69,3231.85,0.84,49.42,77.9,1775.9,27.1,159.03,259.3,0,NORMAL
PALA-01,78.41,3170.85,1.53,50.4,82.94,1867.7,27.17,176.74,165.8,0,NORMAL
CARG-01,83.71,3294.81,0.82,59.76,73.41,1790.8,19.32,162.65,2446.5,1,FALLA_ELECTRICA
PALA-03,85.11,3280.32,1.32,53.45,82.24,1553.8,27.58,152.99,1854.8,0,NORMAL
CARG-01,82.64,3147.62,2.25,64.66,82.53,1799.4,26.66,150.88,468.3,0,NORMAL
PALA-01,89.22,3273.37,1.93,53.8,88.5,1533.4,24.67,209.61,1378.6,0,NORMAL
CARG-01,84.07,3122.86,2.66,51.12,78.36,1627.4,26.56,146.48,1857.7,0,NORMAL
PALA-03,86.11,3219.14,1.54,58.64,81.75,1844.0,25.95,187.26,1268.6,0,NORMAL
PALA-03,82.6,3189.65,0.75,45.65,81.64,1838.1,26.76,160.76,443.2,0,NORMAL
PALA-03,104.02,3021.6,4.55,54.94,102.37,1606.7,25.89,94.71,569.2,1,FALLA_TERMICA
CARG-02,78.41,2826.79,1.64,47.94,80.98,1583.2,25.89,241.2,896.4,0,NORMAL
PALA-03,79.94,3080.97,0.38,43.09,75.63,1723.2,25.57,203.13,54.2,0,NORMAL
PALA-03,83.57,3574.74,2.13,53.41,84.85,1960.4,26.58,239.24,2564.1,0,NORMAL
CARG-02,83.54,3194.26,2.37,58.17,83.36,1787.3,26.82,190.93,2418.7,0,NORMAL
CARG-01,84.28,3389.67,0.71,55.07,82.73,2002.3,26.4,161.92,3090.2,0,NORMAL
PALA-02,86.95,2867.6,1.85,54.47,78.45,1700.3,26.16,180.12,444.8,0,NORMAL
CARG-01,75.59,3068.51,2.41,41.01,86.68,1826.0,26.48,143.29,2174.0,0,NORMAL
PALA-02,77.61,3006.19,3.23,53.23,76.66,1682.1,27.25,130.2,2540.8,0,NORMAL
PALA-01,83.03,3213.59,3.5,53.27,81.2,1624.0,25.57,233.34,2144.7,0,NORMAL
PALA-03,78.74,3685.95,2.61,57.11,76.32,1605.8,25.33,150.02,1277.4,0,NORMAL
CARG-02,97.2,3332.84,3.15,48.71,80.27,1762.4,25.44,164.88,1175.0,0,NORMAL
CARG-02,84.32,3555.21,3.22,58.15,86.08,1875.4,25.09,176.48,527.3,0,NORMAL
PALA-02,81.65,3204.2,2.34,51.45,82.89,1680.8,25.59,151.8,3401.4,0,NORMAL
PALA-03,79.68,3495.68,3.93,52.5,77.32,1890.6,27.31,193.73,432.9,0,NORMAL
PALA-01,79.84,3623.19,3.75,56.64,78.91,1939.7,25.04,156.52,2404.5,0,NORMAL
CARG-02,82.14,3230.31,0.3,48.05,79.48,1824.1,26.2,283.22,3104.7,0,NORMAL
CARG-02,82.5,3152.93,0.7,58.12,77.66,1759.2,26.93,93.3,3155.6,0,NORMAL
PALA-03,79.94,3012.79,2.33,47.23,82.09,1639.5,26.41,136.62,3239.1,0,NORMAL
CARG-01,80.77,3194.37,1.92,57.28,89.74,1876.3,27.1,197.69,2326.3,0,NORMAL
CARG-01,88.05,3264.74,1.18,52.82,78.76,1583.1,25.94,105.04,500.1,0,NORMAL
PALA-03,88.23,3615.57,2.31,53.23,88.72,1792.9,26.01,166.88,1843.9,0,NORMAL
PALA-01,83.13,3016.9,3.74,38.67,80.99,1565.3,26.09,148.38,1562.4,0,NORMAL
PALA-02,75.96,4091.66,1.54,51.05,82.29,1593.1,26.84,308.09,2367.4,1,FALLA_SOBRECARGA
PALA-03,84.42,2923.42,1.74,52.95,82.04,1712.6,28.58,202.39,1631.9,0,NORMAL
PALA-03,88.99,3173.18,2.37,61.74,74.21,1804.5,26.39,165.1,2886.5,0,NORMAL
PALA-02,88.16,3306.05,2.62,53.82,82.82,1840.6,26.21,133.72,1471.5,0,NORMAL
CARG-02,85.3,3342.26,2.5,50.74,71.27,1720.5,25.63,195.66,2650.5,0,NORMAL
PALA-01,88.4,3356.02,0.64,58.17,81.84,1669.9,27.79,168.17,3332.6,0,NORMAL
PALA-03,82.24,3321.53,4.45,51.47,81.65,1625.2,26.09,111.68,2557.8,0,NORMAL
PALA-03,84.83,3354.48,2.74,59.16,74.86,1804.0,25.91,136.59,2681.8,0,NORMAL
PALA-03,78.94,3258.23,6.19,55.31,81.26,1799.4,26.23,157.06,2502.6,0,NORMAL
PALA-03,83.32,3061.38,2.72,49.5,79.83,1741.3,27.86,186.9,2949.7,0,NORMAL
PALA-02,87.98,2916.7,1.4,58.69,80.39,1756.2,25.95,155.51,1056.4,0,NORMAL
PALA-01,79.35,3151.6,2.07,57.01,80.43,1912.2,26.38,193.46,3472.8,0,NORMAL
PALA-03,78.12,3225.77,1.41,58.48,78.64,1842.0,24.39,162.48,2795.6,0,NORMAL
PALA-03,82.44,3475.71,3.27,53.09,81.3,1550.2,27.18,136.28,2664.8,0,NORMAL
PALA-01,80.98,3231.89,2.69,57.01,84.46,1826.5,26.17,162.0,358.8,0,NORMAL
CARG-01,84.92,3214.62,2.76,63.6,80.04,1885.8,27.13,185.53,1199.2,0,NORMAL
PALA-02,79.96,3319.39,0.84,54.86,80.8,1621.6,26.91,153.55,924.3,0,NORMAL
PALA-03,89.73,3201.4,4.45,52.01,83.6,1833.8,26.53,121.43,436.2,0,NORMAL
CARG-01,76.2,3395.9,2.88,61.72,90.08,2080.7,26.04,166.89,3203.3,0,NORMAL
PALA-01,87.64,3606.28,0.37,57.34,80.23,1777.9,26.45,128.21,2154.8,0,NORMAL
PALA-01,78.56,3644.34,2.08,51.75,74.19,1691.7,25.33,212.47,3144.5,0,NORMAL
CARG-01,73.92,3267.47,2.83,62.68,77.41,1707.9,26.58,199.86,1886.7,0,NORMAL
PALA-03,83.07,3310.64,2.14,47.98,83.41,1735.7,26.84,151.82,3192.1,0,NORMAL
PALA-03,80.85,3534.19,3.92,56.65,87.05,1530.7,26.47,175.99,3245.1,0,NORMAL
CARG-01,77.01,3223.01,1.45,59.73,77.22,1525.2,26.43,156.91,2300.9,0,NORMAL
CARG-01,74.43,3372.25,2.45,59.36,80.83,1752.5,25.92,212.63,1778.4,0,NORMAL
CARG-02,81.96,3045.67,1.36,49.5,81.08,1714.1,26.27,103.65,814.6,0,NORMAL
PALA-03,86.39,3194.05,1.57,47.8,77.92,1799.6,25.52,166.82,3203.6,0,NORMAL
PALA-02,84.63,4250.48,0.43,55.15,87.14,1686.1,25.96,287.03,2739.9,1,FALLA_SOBRECARGA
PALA-02,82.26,3120.72,2.08,57.52,85.66,1729.9,28.05,174.8,1207.5,0,NORMAL
PALA-01,84.15,3226.95,1.64,48.61,82.38,1834.1,26.47,94.09,2352.3,0,NORMAL
PALA-03,81.88,2966.64,2.64,55.51,79.32,1446.9,26.79,171.51,2158.3,0,NORMAL
PALA-02,75.57,3611.04,3.05,46.71,84.82,1610.0,26.38,227.86,421.2,0,NORMAL
CARG-02,75.61,3477.35,0.81,59.3,83.06,1657.2,26.45,140.9,3262.4,0,NORMAL
PALA-03,81.09,3283.86,1.37,51.14,79.25,1701.0,26.51,107.23,70.4,0,NORMAL
PALA-03,81.28,3341.35,1.96,53.18,84.89,1549.9,26.21,183.1,2907.1,0,NORMAL
PALA-02,85.83,3321.26,3.89,58.32,82.48,1611.0,26.87,148.93,1814.4,0,NORMAL
PALA-01,85.41,2457.65,1.5,26.63,74.36,1803.9,25.83,193.02,2898.8,1,FALLA_PRESION_HIDRAULICA
PALA-01,84.72,3156.62,0.25,56.37,77.03,1775.8,25.21,198.47,1967.1,0,NORMAL
PALA-02,80.74,3381.81,3.61,59.15,75.68,1384.9,26.56,196.11,578.7,0,NORMAL
PALA-01,75.79,2360.66,2.51,35.33,85.12,1693.0,27.29,159.1,1684.2,1,FALLA_PRESION_HIDRAULICA
PALA-03,83.85,3468.76,2.6,61.24,78.19,1702.9,25.88,223.84,3081.9,0,NORMAL
CARG-02,84.36,2843.31,3.49,45.45,83.51,1610.4,27.03,187.81,842.0,0,NORMAL
CARG-02,71.25,3142.13,2.28,53.7,89.69,1703.0,26.94,134.68,463.2,0,NORMAL
PALA-03,78.25,4115.95,4.06,53.49,84.18,1767.1,27.65,287.38,1480.0,1,FALLA_SOBRECARGA
PALA-01,78.89,3276.93,2.88,52.91,79.32,1805.8,27.89,205.65,2848.0,0,NORMAL
CARG-02,82.53,2887.11,2.7,56.49,78.03,1732.1,26.86,183.41,2484.1,0,NORMAL
CARG-02,78.38,2881.79,1.19,55.07,79.77,1797.6,26.3,134.76,3488.8,0,NORMAL
PALA-01,81.83,3640.62,1.01,58.12,76.89,1721.3,25.11,147.49,3087.0,0,NORMAL
CARG-01,81.05,3361.18,3.74,48.08,76.42,1445.8,27.18,157.77,641.3,0,NORMAL
PALA-02,81.28,3271.78,0.97,65.46,77.78,1703.9,27.31,188.71,2768.4,0,NORMAL
CARG-01,78.78,3315.46,4.55,52.05,83.13,1572.5,26.19,152.19,2527.5,0,NORMAL
CARG-02,79.12,3276.34,3.31,55.43,78.92,1733.6,26.68,206.02,724.3,0,NORMAL
PALA-01,77.14,3429.52,1.71,52.97,80.1,1693.6,25.58,172.67,2742.2,0,NORMAL
CARG-02,83.71,3136.16,1.55,54.41,82.88,1692.5,25.92,207.71,887.0,0,NORMAL
PALA-03,84.57,3283.59,1.64,51.33,83.91,1619.5,25.34,119.87,1621.5,0,NORMAL
CARG-02,78.53,3290.94,1.09,55.03,73.28,1672.1,26.62,212.51,1007.0,0,NORMAL
PALA-02,88.84,3061.57,2.96,56.9,74.11,1756.8,26.08,200.94,1606.8,0,NORMAL
CARG-01,80.58,3479.86,2.81,41.99,79.46,1610.4,27.4,162.63,1091.8,0,NORMAL
PALA-01,88.89,3169.78,1.97,52.36,76.54,1645.5,26.59,141.62,2324.0,0,NORMAL
PALA-02,79.11,3433.14,1.02,52.17,84.42,1509.7,26.68,205.58,2817.3,0,NORMAL
PALA-01,72.88,3270.68,4.42,65.61,79.14,1753.5,26.41,143.95,114.2,0,NORMAL
CARG-02,83.81,3544.05,1.07,58.3,88.19,1566.9,27.66,159.81,1438.9,0,NORMAL
CARG-01,83.12,3062.55,1.76,61.5,79.05,1723.3,27.56,177.68,551.8,0,NORMAL
CARG-02,82.15,3054.74,1.51,56.79,82.23,1804.8,26.26,120.25,116.8,0,NORMAL
CARG-02,79.11,1923.83,1.19,30.1,78.33,1872.6,26.64,153.6,3441.9,1,FALLA_PRESION_HIDRAULICA
PALA-01,81.84,3273.99,0.71,55.82,82.95,1681.4,27.53,127.74,2374.4,0,NORMAL
PALA-02,79.7,3527.46,0.85,59.61,83.04,1795.0,25.46,105.53,1610.4,0,NORMAL
PALA-01,80.64,3536.76,1.4,62.75,84.55,1719.1,26.64,232.94,1537.0,0,NORMAL
PALA-01,85.79,2834.21,2.09,55.51,80.46,1495.3,26.12,137.07,2951.0,0,NORMAL
PALA-01,82.83,3294.95,3.79,50.89,86.08,1541.6,27.58,181.84,2019.1,0,NORMAL
PALA-02,108.6,2671.67,1.56,58.62,101.55,1821.7,26.82,233.3,2634.1,1,FALLA_TERMICA
PALA-02,80.96,3393.11,1.42,49.73,78.43,1858.9,25.01,137.83,3225.5,0,NORMAL
PALA-01,80.46,3451.27,0.93,55.95,78.46,1465.7,26.07,115.89,3098.3,0,NORMAL
PALA-01,76.81,3242.76,1.45,57.41,83.92,1760.0,27.52,221.67,377.7,0,NORMAL
PALA-01,80.33,3265.12,1.98,53.46,86.06,1752.3,27.11,127.4,1726.6,0,NORMAL
CARG-02,67.05,3263.26,1.66,49.48,76.51,1623.7,25.57,145.62,2235.5,0,NORMAL
CARG-01,79.34,3108.8,1.54,51.73,84.0,1624.9,25.62,140.04,1648.1,0,NORMAL
CARG-02,81.63,3327.71,2.41,52.42,75.05,1593.2,26.46,165.42,1051.1,0,NORMAL
PALA-02,84.54,3208.35,2.91,48.73,78.53,1489.5,26.36,96.26,3211.7,0,NORMAL
PALA-02,80.79,3417.45,2.74,52.07,82.96,1593.5,26.19,181.78,3150.3,0,NORMAL
CARG-01,83.56,3229.55,1.82,46.74,77.61,1803.6,26.08,176.28,2954.4,0,NORMAL
PALA-02,103.74,3095.02,3.14,56.96,105.06,1677.9,25.93,190.28,3270.2,1,FALLA_TERMICA
PALA-02,81.74,2973.54,1.82,55.67,83.43,1808.1,28.2,189.57,2613.5,0,NORMAL
PALA-01,74.44,2914.47,3.32,55.33,76.27,1479.8,26.11,175.89,1394.8,0,NORMAL
PALA-01,76.56,3486.25,4.47,52.07,83.62,1772.8,25.87,149.3,1767.0,0,NORMAL
PALA-02,81.16,3167.6,0.39,52.74,75.72,1813.3,26.8,162.05,2892.8,0,NORMAL
PALA-02,87.74,3310.94,2.3,49.86,81.01,1406.4,26.32,137.19,3191.5,0,NORMAL
PALA-03,83.67,3570.98,3.9,56.53,84.51,1656.8,25.66,166.78,2363.1,0,NORMAL
PALA-01,82.08,3148.7,2.34,47.21,83.84,1761.3,26.2,132.34,2054.9,0,NORMAL
PALA-01,81.91,3137.05,3.94,54.42,80.65,1876.4,26.35,164.79,3130.1,0,NORMAL
CARG-01,78.79,3226.21,2.96,50.83,79.62,1554.5,26.74,144.59,2637.5,0,NORMAL
PALA-01,79.55,3255.3,1.59,62.79,76.37,1886.5,26.65,131.39,3200.7,0,NORMAL
PALA-02,83.92,3589.76,3.08,56.63,81.73,1772.6,25.59,196.76,3096.3,0,NORMAL
CARG-02,75.77,3531.85,0.77,54.0,84.22,1599.7,26.89,187.76,1184.4,0,NORMAL
PALA-01,84.67,3361.76,1.77,48.47,89.26,1839.1,27.11,161.99,501.8,0,NORMAL
PALA-01,80.25,3510.89,2.1,47.18,79.18,1996.3,25.54,99.0,2472.5,0,NORMAL
PALA-02,85.72,3217.92,1.82,56.48,84.39,1679.7,25.78,129.24,3271.5,0,NORMAL
PALA-02,86.32,3303.85,1.01,62.99,84.06,1669.8,26.26,157.31,3187.7,0,NORMAL
PALA-03,74.47,3195.73,2.14,56.04,79.09,1605.8,26.58,176.55,3224.0,0,NORMAL
CARG-01,79.38,3017.73,1.82,54.88,83.88,1940.6,26.61,177.14,3055.2,0,NORMAL
PALA-01,78.15,3466.7,1.2,54.95,77.73,1632.5,26.37,168.11,1562.3,0,NORMAL
PALA-03,73.84,3345.71,4.54,54.52,82.03,1603.7,25.25,161.07,3281.1,0,NORMAL
PALA-03,77.35,1884.81,1.42,29.32,80.15,1645.1,27.21,152.46,2248.1,1,FALLA_PRESION_HIDRAULICA
PALA-01,114.58,3249.56,1.61,50.57,109.41,1646.5,25.61,138.01,2914.6,1,FALLA_TERMICA
PALA-03,84.74,2978.88,2.38,49.13,83.09,1650.6,27.48,217.95,1081.9,0,NORMAL
PALA-02,90.63,3074.05,1.69,54.55,78.89,1625.3,27.33,196.14,1775.1,0,NORMAL
PALA-02,85.73,3310.51,2.02,61.47,80.96,1634.1,25.51,180.4,455.3,0,NORMAL
PALA-01,78.66,3154.76,2.99,57.89,80.49,1737.2,26.68,120.3,582.0,0,NORMAL
PALA-02,80.28,3210.81,0.8,47.83,76.64,1882.0,27.49,118.61,2835.0,0,NORMAL
PALA-02,84.65,3231.16,3.94,52.72,79.52,1601.0,26.87,158.87,3306.6,0,NORMAL
CARG-01,83.97,3127.16,1.59,57.64,78.68,1563.7,25.04,142.03,1870.5,0,NORMAL
PALA-01,79.4,3075.77,0.91,61.58,76.49,1759.2,26.37,120.12,1726.0,0,NORMAL
PALA-02,75.21,2959.78,1.73,62.96,77.78,1784.0,18.27,163.65,3300.6,1,FALLA_ELECTRICA
PALA-02,96.79,3223.63,1.92,52.95,79.97,1904.9,27.74,94.07,2917.7,0,NORMAL
CARG-01,81.36,3361.35,0.69,58.12,81.22,1889.1,26.29,156.81,680.3,0,NORMAL
PALA-03,80.53,2954.15,2.79,55.25,76.03,1529.8,25.07,177.83,194.4,0,NORMAL
PALA-03,82.51,3245.67,0.99,53.4,85.8,1480.3,28.15,176.7,3328.2,0,NORMAL
CARG-01,80.91,3300.61,2.36,54.31,83.45,1787.9,26.3,96.81,1914.2,0,NORMAL
CARG-02,82.55,3071.88,2.39,54.37,80.66,1784.6,27.56,95.16,2280.0,0,NORMAL
PALA-02,87.79,3505.99,1.78,59.88,76.12,1897.8,26.19,152.56,1881.6,0,NORMAL
PALA-03,81.44,3180.57,1.44,46.98,80.15,1767.1,26.84,137.91,2598.3,0,NORMAL
CARG-01,76.77,3231.77,3.23,56.34,79.91,1652.5,25.85,117.4,3146.5,0,NORMAL
CARG-02,81.27,3220.97,1.6,61.7,76.68,1844.7,25.87,84.67,3478.6,0,NORMAL
CARG-02,79.91,2931.26,1.93,61.16,76.35,1594.7,27.85,129.12,1304.6,0,NORMAL
PALA-02,88.41,3431.58,1.44,56.84,84.07,1960.8,27.15,156.43,1842.2,0,NORMAL
PALA-01,87.27,3078.01,1.55,50.21,79.7,1752.7,26.38,151.73,3098.1,0,NORMAL
PALA-02,82.48,2298.61,1.26,29.03,84.54,1631.5,27.15,117.89,1553.1,1,FALLA_PRESION_HIDRAULICA
CARG-01,76.25,3357.58,1.89,60.62,80.95,1613.6,25.86,124.9,1288.5,0,NORMAL
PALA-02,76.48,3512.96,1.98,51.42,84.01,1743.4,26.4,148.06,3392.8,0,NORMAL
PALA-02,82.07,3055.61,1.56,55.79,83.87,1710.4,26.48,130.98,2575.1,0,NORMAL
CARG-01,83.51,3169.63,1.42,52.97,82.87,1703.6,25.79,171.28,1799.1,0,NORMAL
PALA-02,80.31,3498.84,3.73,50.93,85.73,1562.8,25.69,179.57,2795.9,0,NORMAL
CARG-02,79.84,3333.47,2.16,52.42,81.4,1700.6,24.89,175.87,1150.5,0,NORMAL
PALA-02,79.33,3370.81,3.38,54.64,75.02,1819.2,25.63,121.72,2082.8,0,NORMAL
PALA-02,81.89,3060.8,2.22,49.41,75.66,1629.4,27.86,171.68,2502.0,0,NORMAL
PALA-02,71.28,3181.74,1.26,48.59,78.39,1750.7,24.98,172.57,2520.0,0,NORMAL
CARG-01,77.04,3219.79,2.04,49.55,83.97,1854.3,26.37,212.02,725.5,0,NORMAL
PALA-01,79.18,3095.58,2.46,55.64,79.4,1795.6,26.52,229.1,3481.8,0,NORMAL
PALA-01,87.43,2948.58,1.12,46.67,81.82,1574.8,26.2,203.41,2651.2,0,NORMAL
CARG-02,78.34,3158.11,0.96,42.92,83.14,1758.6,27.1,143.98,2613.4,0,NORMAL
PALA-01,82.81,3493.77,9.4,60.86,81.66,1895.8,26.18,132.99,2833.9,1,FALLA_DESGASTE_RODAMIENTOS
PALA-03,83.02,3260.65,0.95,48.93,71.84,1779.7,27.16,152.97,1232.7,0,NORMAL
PALA-03,87.84,3497.37,0.17,53.03,76.25,1861.6,26.84,139.99,1735.8,0,NORMAL
PALA-02,87.68,3282.22,2.23,58.61,88.06,1837.6,25.32,233.29,1519.2,0,NORMAL
PALA-03,81.74,3112.35,0.9,46.81,82.3,1583.4,27.33,193.44,445.2,0,NORMAL
PALA-01,79.86,3479.97,1.91,46.8,70.2,1933.6,26.15,181.8,3240.4,0,NORMAL
PALA-03,79.01,3288.22,1.55,50.84,81.28,1870.5,24.97,188.11,1801.4,0,NORMAL
PALA-02,80.92,3423.13,1.15,58.81,88.21,1686.0,26.78,207.99,198.8,0,NORMAL
PALA-03,80.05,3057.7,3.13,53.89,82.1,1875.5,26.17,181.64,1497.2,0,NORMAL
PALA-01,84.49,3436.98,2.54,53.96,81.18,1704.7,27.7,153.31,1501.0,0,NORMAL
PALA-03,83.89,3442.4,2.94,52.52,73.69,1709.3,27.28,185.97,348.9,0,NORMAL
PALA-01,84.66,3302.16,3.87,56.81,79.92,1612.7,25.68,185.68,725.6,0,NORMAL
PALA-02,87.67,3104.75,2.68,61.16,74.43,1595.8,27.16,120.9,318.3,0,NORMAL
PALA-01,90.38,3241.72,1.51,68.92,76.11,1737.9,25.84,244.03,603.1,0,NORMAL
PALA-01,82.56,3360.03,1.25,53.26,75.2,1689.6,25.07,138.53,445.0,0,NORMAL
CARG-01,86.95,3292.22,1.32,61.63,87.96,1541.5,25.91,213.98,3163.1,0,NORMAL
PALA-02,80.42,3358.19,3.64,59.0,83.91,1762.0,25.34,154.38,2727.2,0,NORMAL
CARG-02,87.33,3432.2,1.14,55.33,86.6,1781.3,26.39,200.56,3061.4,0,NORMAL
CARG-02,86.78,3133.28,1.02,42.95,75.71,1755.9,27.94,161.88,528.0,0,NORMAL
PALA-03,86.54,3042.09,2.4,52.11,81.76,1754.8,26.46,109.49,2359.1,0,NORMAL
PALA-01,82.42,3243.24,1.52,52.31,76.97,1768.9,26.77,197.42,3160.9,0,NORMAL
PALA-02,78.99,3190.65,1.27,55.79,77.4,1740.0,25.6,211.57,3339.0,0,NORMAL
CARG-01,75.72,3391.45,1.71,53.01,82.88,1761.9,25.97,159.75,251.2,0,NORMAL
PALA-02,81.82,3056.59,1.22,51.18,81.72,1780.7,26.84,190.03,1357.9,0,NORMAL
PALA-01,88.9,3433.67,4.98,64.15,82.14,1649.8,26.35,135.75,1303.9,0,NORMAL
PALA-03,80.61,3493.65,3.1,60.54,75.98,1568.1,25.82,162.21,695.5,0,NORMAL
CARG-01,85.53,3250.05,3.55,43.89,81.51,1758.3,27.2,198.81,582.5,0,NORMAL
CARG-01,85.8,3260.93,3.0,52.59,82.39,1738.2,26.51,173.38,1329.9,0,NORMAL
PALA-01,80.72,3111.84,2.0,57.15,78.3,1774.4,28.04,177.92,2505.7,0,NORMAL
PALA-03,87.92,3152.32,4.44,60.65,79.91,1856.6,26.93,195.94,2570.7,0,NORMAL
PALA-01,68.91,3176.5,1.79,51.9,74.42,1715.9,25.49,219.05,2041.5,0,NORMAL
PALA-01,76.5,3509.73,1.85,52.92,72.38,1704.0,26.49,199.61,2761.4,0,NORMAL
CARG-02,77.88,3237.06,3.95,54.47,89.03,1776.2,25.44,171.61,2478.2,0,NORMAL
PALA-01,78.31,3012.01,3.77,57.31,81.82,1597.5,28.0,159.48,2794.6,0,NORMAL
PALA-02,83.51,3295.96,1.32,46.32,79.56,1725.0,25.61,166.72,3413.2,0,NORMAL
PALA-01,83.31,3398.73,3.68,43.92,84.19,1707.7,27.29,115.06,2049.3,0,NORMAL
CARG-02,83.77,3245.43,2.51,60.27,77.52,1825.2,27.16,169.38,2694.3,0,NORMAL
CARG-01,84.68,3514.46,1.19,49.05,81.44,1665.0,25.85,119.93,2925.0,0,NORMAL
PALA-03,77.72,1804.79,0.99,36.65,85.43,1730.9,26.66,146.91,3199.6,1,FALLA_PRESION_HIDRAULICA
CARG-01,76.52,3061.16,1.11,49.68,76.59,1701.3,26.6,186.26,1931.1,0,NORMAL
PALA-01,83.78,3150.74,3.01,53.08,79.03,1421.5,27.07,146.23,3220.2,0,NORMAL
PALA-02,79.16,3290.72,1.32,55.84,75.48,1656.6,18.26,209.31,1909.5,1,FALLA_ELECTRICA
PALA-02,74.93,2950.09,2.29,43.34,84.34,1719.0,25.87,158.59,2441.1,0,NORMAL
PALA-01,86.37,3310.54,2.38,68.32,81.82,1613.0,26.85,202.15,1251.0,0,NORMAL
PALA-02,88.28,2932.92,1.38,52.03,85.69,1705.3,26.85,150.33,3448.3,0,NORMAL
CARG-02,89.01,3434.22,2.0,49.81,84.37,1880.7,25.66,156.24,800.0,0,NORMAL
PALA-01,82.84,3413.31,1.16,48.17,79.95,1835.6,24.56,200.37,940.2,0,NORMAL
PALA-02,84.82,3340.86,1.79,55.81,82.64,1496.1,26.87,153.8,918.4,0,NORMAL
PALA-01,88.16,3128.34,1.55,55.45,82.69,1811.2,26.7,173.11,1502.4,0,NORMAL
PALA-01,79.11,3280.64,2.61,48.34,83.93,1787.4,26.75,145.13,2699.7,0,NORMAL
CARG-02,87.0,3157.59,3.33,47.14,86.87,1708.8,27.46,79.71,3445.5,0,NORMAL
PALA-02,83.24,3064.45,0.79,59.28,76.64,1438.6,27.1,139.11,2180.9,0,NORMAL
PALA-02,86.11,3189.03,1.05,50.72,73.49,1813.9,27.43,211.18,2180.6,0,NORMAL
CARG-01,82.84,3375.69,3.21,45.39,76.8,1668.5,27.03,171.74,1870.4,0,NORMAL
PALA-01,87.83,3257.89,1.47,53.26,82.89,1745.3,26.52,191.28,3161.9,0,NORMAL
PALA-02,83.01,3511.13,4.21,51.99,82.66,1603.9,25.42,192.54,1194.5,0,NORMAL
PALA-02,75.32,3387.84,3.56,63.75,78.72,1630.9,27.63,187.27,705.1,0,NORMAL
PALA-03,88.53,3368.56,1.12,51.39,79.91,1832.3,26.23,215.83,839.6,0,NORMAL
CARG-02,77.74,2960.39,2.39,52.46,77.66,1914.7,25.92,148.85,3017.0,0,NORMAL
CARG-01,87.64,3198.67,1.86,55.1,80.57,1668.8,26.91,211.98,635.4,0,NORMAL
PALA-02,81.59,3058.41,0.64,51.15,78.23,1901.5,24.93,183.48,1773.4,0,NORMAL
CARG-01,87.29,3217.06,1.16,56.2,87.55,1668.5,25.81,175.59,1159.9,0,NORMAL
PALA-01,87.11,3125.21,1.58,48.92,86.29,1667.1,25.9,88.04,682.5,0,NORMAL
PALA-01,83.94,3182.03,0.58,52.8,83.9,1549.9,25.87,174.06,2024.0,0,NORMAL
PALA-01,84.29,3441.01,1.07,56.03,81.12,1779.7,27.95,192.12,3000.3,0,NORMAL
PALA-02,83.9,3335.54,2.29,59.69,85.56,1696.6,26.33,168.15,1152.7,0,NORMAL
PALA-03,72.94,3431.28,1.2,51.07,81.39,1703.3,25.89,203.77,463.1,0,NORMAL
PALA-03,82.53,2961.88,2.07,51.01,81.64,1674.4,26.36,205.34,2199.3,0,NORMAL
CARG-02,76.98,3260.44,1.81,61.71,74.09,1601.0,27.08,150.25,2602.2,0,NORMAL
PALA-03,82.77,3424.01,0.97,51.24,82.04,1795.1,24.88,163.83,1978.8,0,NORMAL
PALA-03,76.86,3521.13,3.22,53.72,75.84,1712.6,26.49,150.71,455.3,0,NORMAL
PALA-01,76.67,2971.34,0.52,62.56,79.39,1817.0,26.04,145.24,66.1,0,NORMAL
PALA-01,89.22,3186.73,3.21,54.34,81.68,1606.7,26.62,163.48,347.5,0,NORMAL
PALA-03,86.81,3436.16,1.34,52.76,77.41,1748.7,25.48,168.21,3233.3,0,NORMAL
PALA-02,81.98,3215.39,1.43,53.13,82.91,1976.4,26.26,86.84,2042.5,0,NORMAL
CARG-01,82.83,3086.12,1.99,50.3,85.21,1634.7,26.29,158.62,1336.3,0,NORMAL
PALA-01,80.88,2971.0,2.01,56.25,77.46,1661.9,25.38,174.17,681.6,0,NORMAL
PALA-01,84.56,3079.23,2.27,49.38,81.47,1660.4,27.89,164.54,2461.5,0,NORMAL
PALA-02,78.96,2946.0,2.51,57.89,76.01,1594.9,26.73,157.53,2686.8,0,NORMAL
PALA-01,86.47,3260.52,10.96,54.08,76.33,1918.9,27.14,124.62,3537.8,1,FALLA_DESGASTE_RODAMIENTOS
PALA-01,80.86,3411.34,2.34,55.18,82.24,1443.6,26.12,114.28,113.5,0,NORMAL
CARG-01,80.11,3023.02,4.01,62.65,83.85,1573.3,26.57,141.38,2706.4,0,NORMAL
PALA-01,82.1,3296.39,0.67,46.75,74.96,1776.2,25.44,96.57,601.4,0,NORMAL
PALA-03,79.34,3402.15,1.62,54.12,89.19,1632.4,25.89,158.49,2798.4,0,NORMAL
PALA-02,83.48,3249.51,1.97,57.19,79.01,1716.3,25.68,130.54,571.2,0,NORMAL
PALA-01,79.58,2960.08,0.62,50.92,81.83,1716.5,26.64,167.06,894.9,0,NORMAL
PALA-02,84.11,3319.52,0.77,58.76,78.86,1779.6,27.77,140.37,2733.7,0,NORMAL
CARG-01,87.47,3240.16,0.74,51.28,79.86,1729.8,27.12,91.93,2220.5,0,NORMAL
PALA-02,78.76,3221.83,1.09,55.46,87.07,1673.4,27.85,125.65,170.1,0,NORMAL
CARG-01,81.41,3151.57,2.51,53.38,87.02,1735.5,27.04,166.52,621.8,0,NORMAL
PALA-01,84.08,3265.62,0.97,54.81,74.4,1698.6,26.74,187.29,846.9,0,NORMAL
CARG-01,80.04,3341.77,1.29,54.37,78.75,1923.3,25.66,150.43,2959.2,0,NORMAL
PALA-01,84.09,3680.32,1.96,53.84,92.8,1650.9,26.66,168.81,2168.4,0,NORMAL
PALA-03,84.5,4410.87,1.62,51.63,79.27,1786.6,26.02,343.0,686.0,1,FALLA_SOBRECARGA
PALA-03,86.87,3522.01,1.76,50.68,82.69,1829.6,27.07,152.44,930.6,0,NORMAL
CARG-02,79.27,3314.4,3.05,55.58,85.55,1561.4,25.31,131.61,1619.4,0,NORMAL
PALA-02,77.76,3232.08,2.51,54.26,84.41,1586.5,26.31,158.89,338.9,0,NORMAL
PALA-01,80.62,3276.74,3.76,50.54,69.73,1951.7,26.41,138.54,1474.9,0,NORMAL
PALA-01,77.65,3030.09,0.91,55.72,82.34,1638.8,27.83,208.21,2786.8,0,NORMAL
CARG-01,84.54,3305.05,2.75,51.69,88.0,1721.5,25.58,136.37,1414.4,0,NORMAL
PALA-03,76.77,2891.43,0.76,61.78,81.12,1699.1,27.33,166.17,2761.0,0,NORMAL
CARG-01,92.5,3094.72,0.6,66.45,76.84,1715.4,27.06,122.68,2204.8,0,NORMAL
PALA-01,87.83,3269.77,2.53,60.95,76.91,1675.3,26.2,153.02,1445.0,0,NORMAL
PALA-02,82.06,3464.92,2.43,60.67,80.2,1734.5,26.73,124.65,3132.1,0,NORMAL
PALA-01,85.9,3507.51,1.16,58.07,83.7,1622.5,26.2,140.06,1573.1,0,NORMAL
CARG-02,74.63,3207.42,1.06,52.95,92.56,1693.1,26.41,194.13,2585.2,0,NORMAL
PALA-03,93.36,1870.04,2.38,19.51,79.84,1483.5,27.0,158.42,2808.2,1,FALLA_PRESION_HIDRAULICA
CARG-02,79.34,3427.19,0.86,48.87,83.25,1706.0,28.44,189.0,3209.9,0,NORMAL
PALA-02,81.46,3010.69,0.96,50.62,74.82,1760.2,27.17,152.62,1007.7,0,NORMAL
PALA-03,101.62,3322.85,1.88,60.04,95.05,1835.1,26.6,185.72,743.9,1,FALLA_TERMICA
PALA-03,84.19,3100.98,3.83,55.28,79.01,1857.7,27.54,188.64,1596.0,0,NORMAL
PALA-02,77.02,3219.07,1.96,50.7,82.78,1674.7,25.26,184.94,3069.5,0,NORMAL
CARG-01,82.46,3167.38,1.3,44.77,80.65,1820.9,26.08,193.28,1186.7,0,NORMAL
CARG-02,79.55,3328.36,2.53,65.59,81.21,1581.9,26.45,177.08,993.1,0,NORMAL
CARG-02,77.15,3349.05,4.25,56.67,79.9,1657.9,25.57,145.02,173.0,0,NORMAL
CARG-01,78.38,3410.39,2.54,58.54,80.89,1914.5,25.97,110.44,2466.8,0,NORMAL
PALA-02,83.02,3312.68,1.31,51.32,79.82,1741.9,25.08,133.36,2464.3,0,NORMAL
PALA-02,76.23,3280.9,1.1,53.31,75.6,1747.9,25.38,173.71,2928.7,0,NORMAL
CARG-02,78.63,3583.72,5.59,52.28,75.03,1698.6,26.2,198.94,1760.7,0,NORMAL
PALA-01,84.98,2975.62,1.49,54.32,86.44,1944.3,25.65,177.12,3121.9,0,NORMAL
CARG-01,93.71,3555.21,2.2,63.23,77.71,1783.7,26.74,149.09,346.7,0,NORMAL
CARG-01,84.15,3197.83,3.16,47.98,80.04,1898.2,26.61,145.08,1992.6,0,NORMAL
PALA-03,77.87,3352.76,9.99,53.79,85.76,1649.0,26.69,161.22,4148.2,1,FALLA_DESGASTE_RODAMIENTOS
CARG-02,80.35,3191.38,1.61,55.8,79.92,1603.3,26.0,181.24,3146.5,0,NORMAL
PALA-02,82.14,3123.54,4.42,53.42,84.51,1628.2,27.27,161.25,3183.6,0,NORMAL
PALA-02,80.43,3337.22,1.97,58.98,77.45,1795.5,26.8,142.5,3418.6,0,NORMAL
PALA-01,86.06,3437.58,2.93,45.32,87.22,1917.7,26.58,130.28,1265.2,0,NORMAL
PALA-02,82.98,3335.14,3.39,63.42,81.91,1810.0,26.59,134.94,1360.0,0,NORMAL
PALA-02,86.09,3152.42,2.59,47.15,80.89,1825.3,26.23,135.67,714.9,0,NORMAL
PALA-02,80.59,3900.04,1.38,48.35,80.34,1740.7,27.45,157.75,2612.4,0,NORMAL
CARG-01,87.96,3465.74,1.21,51.75,84.06,1567.2,27.31,131.68,2924.6,0,NORMAL
CARG-02,81.25,3418.0,4.07,50.76,81.94,1962.8,26.11,140.41,2990.0,0,NORMAL
PALA-01,77.63,3186.47,1.7,56.12,68.21,1799.7,26.53,184.0,3466.9,0,NORMAL
PALA-02,91.8,3137.47,0.75,55.54,79.21,1782.8,26.08,180.54,1989.1,0,NORMAL
CARG-02,73.79,3199.63,6.35,54.57,82.29,1824.9,28.37,219.37,789.6,0,NORMAL
PALA-01,78.68,3444.65,2.75,46.91,77.13,1514.3,26.2,171.92,2124.1,0,NORMAL
PALA-01,79.18,3071.69,1.37,53.3,78.98,1659.9,27.36,110.75,1301.0,0,NORMAL
PALA-01,93.29,3057.72,1.88,54.1,79.45,1794.6,28.54,106.08,1201.6,0,NORMAL
PALA-03,90.13,3347.12,1.03,60.16,87.38,1702.6,26.65,164.44,2466.4,0,NORMAL
PALA-01,117.09,3307.46,1.34,55.0,106.72,1710.8,25.01,158.31,750.6,1,FALLA_TERMICA
CARG-02,80.51,3111.34,0.84,55.91,82.32,1873.8,27.61,151.25,1930.1,0,NORMAL
PALA-02,92.92,3053.58,0.3,63.81,76.34,1734.1,25.99,118.67,536.7,0,NORMAL
PALA-03,83.66,3508.82,2.01,48.2,78.26,2005.4,25.85,126.35,3123.5,0,NORMAL
PALA-01,86.4,3314.26,3.03,52.06,84.4,1715.1,27.82,197.64,356.0,0,NORMAL
PALA-02,82.81,3004.56,4.24,48.32,83.64,1816.6,25.36,195.7,3265.4,0,NORMAL
PALA-03,81.78,3017.15,4.13,62.03,75.32,1778.1,27.55,169.27,3498.7,0,NORMAL
CARG-01,80.87,3184.93,2.61,62.37,86.6,1651.1,26.22,181.82,862.3,0,NORMAL
CARG-01,81.06,3381.91,2.43,61.64,77.56,1596.3,24.92,119.85,370.0,0,NORMAL
PALA-03,84.74,3357.1,3.44,56.74,82.43,1724.5,27.11,171.08,159.2,0,NORMAL
CARG-02,83.65,3453.7,0.94,55.9,91.93,1950.5,24.6,137.26,552.7,0,NORMAL
CARG-01,81.86,2981.74,0.93,51.71,79.33,1672.8,26.36,203.56,3207.5,0,NORMAL
CARG-01,88.79,3290.29,1.49,57.85,81.67,1782.3,25.09,176.93,2568.6,0,NORMAL
PALA-01,68.65,3506.66,1.45,47.59,78.76,1689.1,26.14,105.83,367.8,0,NORMAL
PALA-01,84.29,3489.9,1.42,47.58,81.7,1746.6,26.96,117.24,3366.8,0,NORMAL
PALA-01,85.23,3314.6,1.71,51.9,86.7,1857.0,26.74,157.13,2309.6,0,NORMAL
PALA-03,87.16,3672.64,1.95,63.44,80.22,1733.8,26.57,128.2,3257.4,0,NORMAL
PALA-02,81.71,3359.67,2.38,51.43,79.82,1646.2,27.21,199.06,2511.2,0,NORMAL
PALA-02,82.94,3437.69,2.02,52.11,85.41,1912.7,26.4,95.1,1345.8,0,NORMAL
CARG-02,86.44,3258.0,1.41,55.44,75.95,1647.4,26.23,157.55,282.6,0,NORMAL
CARG-02,88.71,3109.42,1.2,58.49,81.33,1801.2,26.63,104.52,106.5,0,NORMAL
CARG-02,80.65,3092.46,2.25,60.26,78.09,1541.1,25.87,146.76,2153.7,0,NORMAL
PALA-02,83.2,3282.69,3.68,48.4,80.05,1874.2,27.09,116.58,1784.4,0,NORMAL
PALA-03,89.55,3211.93,1.76,53.52,77.45,2032.6,26.46,157.55,2050.6,0,NORMAL
PALA-02,72.44,2931.65,1.48,55.12,75.28,1716.8,26.97,127.98,3375.2,0,NORMAL
PALA-01,78.89,3065.36,1.77,55.62,72.17,1596.9,26.26,135.75,3166.8,0,NORMAL
PALA-01,88.6,3192.69,2.28,58.33,79.19,1812.1,26.8,197.23,1281.3,0,NORMAL
PALA-02,86.92,3380.91,1.17,58.1,81.91,1730.9,26.93,144.31,1148.7,0,NORMAL
PALA-02,84.35,3247.11,0.88,54.13,84.25,1977.0,24.78,64.15,1030.0,0,NORMAL
CARG-01,79.98,3237.03,1.17,59.76,75.66,1648.1,25.23,154.18,3295.1,0,NORMAL
PALA-01,78.03,3072.36,1.82,58.84,81.61,1559.6,16.49,209.49,3183.4,1,FALLA_ELECTRICA
CARG-01,79.34,3254.17,1.36,58.44,83.24,1756.5,26.3,172.59,3282.6,0,NORMAL
PALA-03,88.97,3487.44,1.19,51.36,82.44,1790.0,27.42,192.33,849.6,0,NORMAL
PALA-02,79.17,3278.0,1.56,57.56,82.03,1627.7,26.76,138.62,1670.9,0,NORMAL
PALA-02,82.46,2978.68,3.72,60.02,72.35,1835.3,26.82,182.29,1275.0,0,NORMAL
PALA-02,78.61,3024.73,1.67,51.43,80.52,1726.7,27.63,143.96,1163.9,0,NORMAL
PALA-03,85.79,3355.98,1.04,54.66,80.67,1687.5,27.5,171.18,382.7,0,NORMAL
PALA-02,79.58,3209.62,3.65,61.82,83.18,1785.4,25.59,201.03,2949.2,0,NORMAL
PALA-01,81.56,3236.58,2.98,55.98,86.55,1685.5,27.39,122.38,1075.1,0,NORMAL
PALA-01,74.42,3139.71,2.08,53.56,79.96,1631.8,26.48,97.1,1261.7,0,NORMAL
PALA-03,74.74,3340.61,3.66,61.31,79.62,1526.3,25.99,145.27,2140.5,0,NORMAL
CARG-02,82.03,4126.6,2.36,51.65,81.52,1645.9,26.17,346.36,3245.2,1,FALLA_SOBRECARGA
PALA-02,76.04,2034.35,2.38,14.32,81.09,2019.4,25.9,217.65,2548.4,1,FALLA_PRESION_HIDRAULICA
CARG-01,91.47,3096.78,1.85,50.1,82.73,1724.3,26.51,163.07,2268.1,0,NORMAL
PALA-03,72.72,3415.9,3.43,59.68,83.12,1597.9,26.33,181.93,380.2,0,NORMAL
CARG-02,78.4,3210.2,0.93,56.6,80.3,1872.0,27.39,135.98,2201.6,0,NORMAL
CARG-01,82.08,3359.42,3.0,54.34,83.0,1714.4,27.95,136.96,968.6,0,NORMAL
PALA-03,80.36,3035.15,6.21,59.31,80.12,1755.0,26.08,172.13,2256.1,0,NORMAL
PALA-03,77.03,3562.1,3.42,54.83,75.2,1752.9,25.36,215.58,1179.5,0,NORMAL
CARG-02,77.69,3479.93,2.83,52.89,76.38,1898.2,26.93,160.84,314.4,0,NORMAL
PALA-02,77.54,2906.24,1.29,58.18,71.66,1560.6,27.15,169.3,2963.9,0,NORMAL
PALA-02,80.71,3105.65,4.82,52.09,87.65,1895.1,26.7,136.14,1963.8,0,NORMAL
PALA-01,90.78,3335.97,1.23,56.45,86.14,1809.4,25.17,140.25,1020.0,0,NORMAL
CARG-01,82.35,3012.45,1.99,50.03,85.14,1729.3,25.77,199.23,1282.7,0,NORMAL
CARG-01,87.32,3226.31,2.06,48.73,80.13,1617.5,26.52,109.06,2181.9,0,NORMAL
PALA-01,84.28,3326.79,0.43,49.67,84.91,1690.4,25.91,133.32,2394.2,0,NORMAL
PALA-03,87.01,3216.75,2.33,53.87,84.59,1725.1,25.6,151.63,1729.5,0,NORMAL
PALA-02,69.4,3346.99,1.32,50.76,75.18,1937.1,28.12,163.81,1864.0,0,NORMAL
PALA-01,80.63,3125.2,0.32,50.9,77.86,1892.2,25.6,156.85,417.8,0,NORMAL
CARG-02,87.88,2846.05,3.03,53.23,83.15,1673.5,27.37,187.67,556.9,0,NORMAL
PALA-01,79.43,3426.78,1.82,53.64,79.04,1961.1,26.73,263.47,774.8,0,NORMAL
PALA-01,89.93,3425.65,0.87,46.24,78.17,1834.1,26.89,123.0,1879.6,0,NORMAL
PALA-03,88.68,3700.65,3.01,41.39,84.29,1776.6,27.31,169.54,1498.4,0,NORMAL
CARG-01,79.89,2852.71,1.16,56.0,77.69,1686.3,25.85,136.49,2019.7,0,NORMAL
PALA-01,79.74,3385.15,1.24,54.7,90.93,1650.7,26.16,192.51,646.3,0,NORMAL
PALA-03,77.44,2895.64,2.56,47.15,87.38,1785.1,26.78,224.45,3389.6,0,NORMAL
PALA-03,79.17,3566.17,0.66,56.18,80.15,1766.1,24.92,158.05,2172.4,0,NORMAL
PALA-01,76.45,3337.82,1.99,56.17,86.0,1673.1,27.72,195.13,491.8,0,NORMAL
PALA-01,83.93,3078.65,2.62,52.49,81.75,1853.7,26.49,126.14,1327.4,0,NORMAL
PALA-03,75.45,3390.44,0.98,63.8,79.34,1739.6,25.65,204.35,3431.7,0,NORMAL
PALA-02,84.72,3150.45,1.27,60.35,88.91,1770.2,27.28,220.37,3384.0,0,NORMAL
CARG-02,84.83,3304.07,2.26,52.0,82.56,1848.7,26.47,155.42,291.9,0,NORMAL
CARG-01,74.52,3287.07,3.19,52.1,77.42,1819.2,25.82,183.47,2916.6,0,NORMAL
CARG-02,88.97,3563.95,4.61,46.71,82.84,1525.6,27.16,116.36,2264.6,0,NORMAL
PALA-02,84.31,3576.69,3.69,60.12,87.71,1811.4,24.54,138.3,688.5,0,NORMAL
CARG-02,85.37,3142.49,3.31,55.23,81.01,1723.4,26.74,179.05,2924.7,0,NORMAL
PALA-02,78.59,3440.46,2.5,58.12,81.84,1666.3,27.45,243.07,2256.8,0,NORMAL
PALA-02,84.8,2063.47,1.24,17.8,79.8,1726.3,25.73,96.32,440.7,1,FALLA_PRESION_HIDRAULICA
PALA-01,87.07,2995.72,2.93,57.89,82.41,1683.3,25.37,166.79,2975.4,0,NORMAL
PALA-01,81.56,3124.68,1.74,51.45,77.09,1735.2,26.74,204.22,2669.1,0,NORMAL
PALA-03,91.01,3670.51,1.06,56.92,77.82,1717.5,25.86,224.05,75.2,0,NORMAL
PALA-02,82.2,3314.41,2.01,56.61,79.63,1802.5,28.2,152.99,928.0,0,NORMAL
PALA-01,87.13,3429.96,3.75,53.9,81.67,1536.2,25.98,205.35,979.4,0,NORMAL
PALA-03,83.32,3211.83,0.98,50.51,85.45,1742.1,26.24,185.92,1635.0,0,NORMAL
PALA-02,84.63,3152.81,6.54,55.99,80.41,1716.6,26.82,222.19,844.7,0,NORMAL
PALA-03,74.48,3254.91,1.71,49.82,84.31,1990.2,24.95,153.08,2905.6,0,NORMAL
PALA-02,83.67,3202.1,1.13,59.25,79.24,1485.1,26.45,163.42,2471.4,0,NORMAL
CARG-01,78.69,2981.21,1.57,50.39,83.35,1830.6,27.3,138.34,154.0,0,NORMAL
CARG-01,78.19,3069.4,4.79,54.11,85.8,1772.0,26.34,149.69,2489.0,0,NORMAL
PALA-02,89.85,3377.42,1.43,50.27,80.54,1812.0,25.48,149.49,3332.0,0,NORMAL
PALA-02,81.04,3181.48,1.1,54.79,82.41,1666.3,26.05,131.49,1754.1,0,NORMAL
PALA-02,77.49,3254.63,2.99,48.84,78.65,1758.3,24.87,222.88,678.2,0,NORMAL
CARG-01,80.38,3292.29,3.17,49.95,83.35,1737.5,26.17,162.22,3087.4,0,NORMAL
PALA-02,76.15,3306.35,0.6,65.47,69.79,2144.3,27.29,143.19,2325.0,0,NORMAL
PALA-01,88.45,3456.38,3.59,58.22,74.5,1682.9,25.9,145.97,1526.6,0,NORMAL
PALA-01,78.87,3052.23,2.08,55.85,83.29,1625.8,26.96,105.85,1471.9,0,NORMAL
PALA-02,84.38,3352.65,1.79,56.57,74.46,1960.1,25.21,181.4,1023.3,0,NORMAL
PALA-02,88.1,3385.91,1.43,55.53,79.04,1761.3,27.9,129.76,416.6,0,NORMAL
CARG-01,79.75,3427.45,1.35,53.56,86.61,1781.7,27.31,138.55,3058.8,0,NORMAL
PALA-01,84.39,2995.67,2.23,57.78,84.46,1855.2,26.01,199.81,3442.0,0,NORMAL
PALA-02,77.36,3295.87,1.22,49.87,90.58,1729.2,25.34,141.22,3313.7,0,NORMAL
CARG-01,93.01,3558.89,3.54,61.98,81.3,1669.7,25.99,176.09,634.0,0,NORMAL
CARG-01,86.21,3232.16,7.46,54.6,80.67,1735.9,26.63,140.71,1495.5,0,NORMAL
PALA-02,81.13,3337.03,1.88,58.01,81.04,1619.1,27.27,142.18,1057.0,0,NORMAL
PALA-02,78.52,3390.47,5.0,61.87,77.3,1545.7,24.71,137.97,1233.5,0,NORMAL
PALA-02,81.49,3065.42,2.27,56.46,80.15,1618.8,27.36,153.61,1164.8,0,NORMAL
CARG-02,80.47,3580.09,1.91,49.95,75.96,1436.6,26.61,111.39,3256.5,0,NORMAL
PALA-01,90.79,3339.91,2.57,60.1,85.69,1676.3,25.47,186.69,3317.0,0,NORMAL
CARG-02,76.49,3343.51,2.25,62.48,83.95,1660.0,24.36,258.32,189.7,0,NORMAL
PALA-03,82.61,2950.84,2.66,44.27,76.36,1792.4,26.51,180.84,1899.2,0,NORMAL
PALA-03,81.92,3393.02,2.65,53.49,78.34,1735.5,26.58,127.71,2333.5,0,NORMAL
PALA-01,81.47,3341.15,1.52,55.46,82.56,1703.3,25.91,183.65,898.0,0,NORMAL
PALA-02,81.51,3542.35,2.16,52.68,82.08,1861.3,27.13,105.97,261.6,0,NORMAL
PALA-02,81.48,3193.97,2.67,47.77,76.8,1669.9,28.03,133.1,309.0,0,NORMAL
PALA-01,85.93,3072.22,2.95,49.58,81.26,1586.8,26.08,144.67,2595.5,0,NORMAL
PALA-03,84.74,3127.2,1.08,44.75,83.29,1416.7,25.8,196.58,1309.7,0,NORMAL
CARG-02,83.89,3159.1,1.65,58.78,83.4,1723.0,27.77,184.44,1996.4,0,NORMAL
PALA-03,68.35,3048.61,1.56,60.87,87.74,1713.6,26.22,110.03,1142.4,0,NORMAL
CARG-01,83.35,3482.23,0.81,60.8,82.0,1872.3,26.93,188.5,2861.7,0,NORMAL
PALA-01,74.55,3488.99,2.19,53.85,76.04,1615.9,25.91,140.56,372.2,0,NORMAL
PALA-02,84.91,2293.65,2.31,36.43,76.74,1810.0,27.31,181.29,102.9,1,FALLA_PRESION_HIDRAULICA
PALA-01,88.64,3179.3,4.1,59.35,86.02,1422.0,25.4,133.43,1572.4,0,NORMAL
PALA-03,77.83,2923.21,1.28,52.84,87.44,1564.1,26.52,156.29,1442.3,0,NORMAL
CARG-02,80.82,3375.27,1.88,49.25,80.86,1766.0,26.64,131.13,107.6,0,NORMAL
PALA-03,79.3,3547.62,3.45,51.15,82.53,1802.7,26.25,156.41,2910.4,0,NORMAL
PALA-01,87.56,3135.3,2.67,54.88,81.37,1520.9,25.89,118.48,1906.7,0,NORMAL
PALA-02,82.43,3228.98,4.79,50.43,79.81,1624.6,27.83,130.13,2950.1,0,NORMAL
PALA-03,89.78,3328.17,2.4,56.37,75.04,1725.4,27.05,137.75,1628.9,0,NORMAL
PALA-02,83.86,3560.4,1.94,47.22,82.91,1708.6,25.71,126.04,2187.7,0,NORMAL
CARG-01,83.09,3285.96,1.5,52.79,88.13,1785.7,24.89,146.74,146.1,0,NORMAL
CARG-01,82.31,3285.18,1.13,56.03,81.68,1829.6,27.58,162.93,2753.6,0,NORMAL
PALA-03,85.68,3282.28,2.1,54.66,79.79,1566.6,25.66,206.44,266.1,0,NORMAL
PALA-02,74.18,2993.49,1.62,50.32,79.27,1773.3,26.45,120.82,990.8,0,NORMAL
PALA-02,82.38,2989.58,2.02,57.68,82.99,1633.6,26.47,123.68,1669.8,0,NORMAL
PALA-01,81.68,3104.56,4.17,55.31,85.6,1760.3,26.63,161.17,918.5,0,NORMAL
PALA-02,85.26,3432.32,2.4,43.56,83.13,1664.0,25.05,102.75,253.3,0,NORMAL
PALA-02,81.16,3189.64,0.72,56.28,73.52,1849.2,26.12,168.55,2481.5,0,NORMAL
PALA-03,77.33,3154.67,1.08,51.89,87.97,1790.4,26.39,160.54,1412.5,0,NORMAL
PALA-03,82.03,3151.51,1.89,51.38,84.33,1601.3,26.36,179.07,2602.4,0,NORMAL
PALA-01,77.13,3225.22,1.59,49.85,80.28,1518.6,26.97,238.31,874.9,0,NORMAL
PALA-02,73.34,3556.38,3.88,48.98,78.88,1862.7,26.53,162.05,1681.5,0,NORMAL
PALA-01,85.27,3222.78,1.93,55.03,79.21,1635.3,26.76,141.09,1273.5,0,NORMAL
PALA-01,84.61,3108.47,1.46,56.73,84.45,1647.8,25.92,193.68,1551.3,0,NORMAL
CARG-01,84.1,3254.54,3.47,54.77,73.1,1809.0,27.77,159.57,3406.4,0,NORMAL
PALA-01,87.86,3565.92,2.0,58.75,83.05,1597.2,26.17,154.26,1427.4,0,NORMAL
PALA-02,79.01,3159.49,0.39,56.91,82.12,1743.9,26.66,222.55,1826.5,0,NORMAL
PALA-01,75.56,3037.42,1.72,43.97,82.07,1722.2,26.49,186.27,3360.6,0,NORMAL
CARG-02,81.68,3159.82,2.6,49.42,76.35,1710.2,26.76,126.69,220.4,0,NORMAL
PALA-03,80.44,3273.18,1.49,59.94,74.18,1863.4,27.36,127.74,1149.3,0,NORMAL
PALA-01,78.21,3373.88,2.7,47.65,89.98,1775.9,25.73,113.26,753.7,0,NORMAL
PALA-03,81.64,3431.24,9.04,40.32,81.53,1837.5,27.06,121.49,2824.5,1,FALLA_DESGASTE_RODAMIENTOS
CARG-01,79.25,3061.77,2.8,63.16,88.74,1690.0,26.99,199.49,460.1,0,NORMAL
CARG-02,73.74,3078.85,2.13,55.48,84.61,1633.1,26.54,142.21,1638.6,0,NORMAL
PALA-01,80.01,3191.81,2.12,50.58,81.45,1844.7,26.58,97.5,1054.6,0,NORMAL
CARG-02,76.89,3373.21,1.44,49.76,81.93,1651.5,25.48,176.02,3389.8,0,NORMAL
CARG-02,83.04,3023.2,1.3,57.15,85.32,1734.8,26.13,165.93,601.6,0,NORMAL
CARG-02,79.05,3140.68,2.61,56.39,85.77,1770.8,24.87,144.31,1652.6,0,NORMAL
PALA-03,87.0,3143.31,1.57,55.64,82.9,1627.6,26.16,137.72,2415.8,0,NORMAL
PALA-03,89.22,3419.51,1.34,53.06,85.37,1628.0,26.35,160.62,2130.5,0,NORMAL
PALA-02,85.06,3345.09,1.8,47.6,85.56,1687.4,25.28,162.56,1192.7,0,NORMAL
CARG-01,75.02,3412.67,1.86,53.82,82.32,1809.3,26.64,174.06,970.1,0,NORMAL
PALA-03,88.77,3490.96,2.24,59.33,78.58,1761.5,27.37,98.79,1465.4,0,NORMAL
PALA-03,89.09,3194.98,1.0,51.29,82.99,1557.6,26.57,121.56,291.4,0,NORMAL
PALA-02,82.08,3036.27,1.79,57.01,78.01,1954.3,26.4,144.33,1228.1,0,NORMAL
CARG-01,87.95,3037.43,1.62,51.98,79.48,1765.6,25.98,113.31,2111.4,0,NORMAL
CARG-01,79.52,2919.14,2.68,58.01,82.59,1669.2,26.7,176.71,3460.9,0,NORMAL
PALA-01,73.6,3167.42,2.88,49.1,80.68,1701.7,25.59,183.63,2231.0,0,NORMAL
CARG-01,78.58,3180.84,2.01,54.07,86.26,1690.9,24.47,138.77,3316.0,0,NORMAL
PALA-03,89.78,3391.76,2.36,56.28,78.36,1675.3,27.66,183.21,68.6,0,NORMAL
CARG-01,75.29,3253.04,1.88,50.62,72.49,1859.9,27.17,167.94,2717.4,0,NORMAL
PALA-02,82.0,3161.74,3.42,55.81,86.24,2005.2,25.52,168.15,1650.7,0,NORMAL
PALA-02,82.15,3229.12,3.38,53.85,81.19,1658.5,25.24,59.28,2182.9,0,NORMAL
CARG-02,79.69,3062.98,1.28,53.78,81.38,1665.1,26.49,153.18,1286.2,0,NORMAL
PALA-02,80.0,3434.57,0.86,50.61,77.85,1709.2,26.45,139.05,1064.4,0,NORMAL
CARG-01,82.33,3108.54,2.8,58.99,73.47,1554.8,27.05,155.05,1262.5,0,NORMAL
PALA-02,79.47,3044.81,0.98,49.27,77.72,1783.4,26.13,145.11,2114.8,0,NORMAL
PALA-03,75.6,3397.22,3.54,55.4,83.28,1742.4,27.32,118.04,2180.7,0,NORMAL
PALA-02,82.97,3353.35,0.99,49.75,80.2,1737.9,26.23,148.29,1954.7,0,NORMAL
PALA-03,86.83,3947.75,2.88,53.67,79.67,1497.6,27.37,332.49,1454.1,1,FALLA_SOBRECARGA
PALA-02,85.91,3403.9,1.94,57.21,74.2,1448.6,26.25,191.57,2751.4,0,NORMAL
PALA-01,78.36,3116.51,4.85,52.56,88.25,1675.9,25.71,155.08,2799.0,0,NORMAL
PALA-02,76.37,3182.66,3.58,38.62,80.76,1799.4,26.1,140.01,2539.6,0,NORMAL
PALA-01,80.72,3283.66,0.86,47.28,90.37,1506.6,26.92,116.36,645.2,0,NORMAL
CARG-02,89.06,3355.59,1.12,43.21,82.47,1827.4,26.68,255.44,1322.1,0,NORMAL
CARG-02,108.66,3330.19,2.62,54.34,114.46,1683.6,26.44,194.82,3190.4,1,FALLA_TERMICA
PALA-02,85.17,3241.03,3.22,53.97,78.13,1620.5,25.56,165.77,1660.3,0,NORMAL
CARG-01,86.0,3173.56,0.96,52.25,74.94,1730.0,26.35,110.34,1851.5,0,NORMAL
PALA-02,83.89,1940.03,2.94,28.97,80.25,1564.3,25.88,106.87,2881.5,1,FALLA_PRESION_HIDRAULICA
PALA-03,82.54,3228.69,2.16,55.11,83.24,1415.4,25.86,218.49,3287.6,0,NORMAL
CARG-01,84.98,3574.96,2.38,46.76,83.67,1864.8,27.2,216.39,3280.2,0,NORMAL
CARG-02,79.54,3355.55,1.23,58.78,82.58,1714.2,25.79,169.62,930.1,0,NORMAL
PALA-02,75.63,3083.79,4.29,54.38,90.17,1633.4,25.74,131.65,301.3,0,NORMAL
CARG-01,85.25,3164.03,2.33,49.28,82.57,1650.7,26.65,140.79,1841.3,0,NORMAL
PALA-02,87.57,1802.55,1.62,24.56,79.76,1627.0,25.67,129.59,2455.4,1,FALLA_PRESION_HIDRAULICA
CARG-02,76.97,3483.9,1.72,53.34,80.07,1677.7,25.96,232.73,2700.2,0,NORMAL
PALA-01,85.7,3504.0,1.65,47.1,77.78,1706.5,27.94,152.86,2347.2,0,NORMAL
PALA-03,89.56,3178.7,2.29,57.35,82.17,1802.5,26.27,188.42,356.1,0,NORMAL
PALA-03,81.99,3081.95,2.04,58.83,85.33,1636.5,26.94,193.36,1203.6,0,NORMAL
PALA-03,78.32,3058.93,0.87,54.59,86.64,1593.1,28.41,115.03,70.6,0,NORMAL
PALA-01,82.55,3295.44,0.78,58.7,79.81,1655.7,26.56,162.76,2786.8,0,NORMAL
CARG-02,79.52,3664.68,2.9,67.25,80.79,2015.7,26.82,150.16,344.8,0,NORMAL
PALA-01,79.22,3347.04,2.46,44.61,78.43,1738.8,26.65,205.08,2123.7,0,NORMAL
PALA-03,83.95,2963.1,10.77,54.26,84.87,1768.0,26.14,181.11,3505.7,1,FALLA_DESGASTE_RODAMIENTOS
PALA-01,74.78,3119.32,0.94,47.28,76.06,1689.4,26.5,158.11,1642.2,0,NORMAL
PALA-02,75.5,3137.7,1.91,61.8,78.11,1928.0,26.26,165.16,1058.9,0,NORMAL
PALA-03,82.09,3102.04,1.95,55.23,64.37,1823.2,25.67,135.99,2599.4,0,NORMAL
PALA-02,81.9,3180.18,0.41,50.51,76.28,1595.1,27.07,126.78,1192.8,0,NORMAL
PALA-01,83.55,3316.49,1.83,52.7,78.64,1738.9,24.95,133.52,2518.8,0,NORMAL
PALA-01,90.44,3372.76,2.63,60.68,78.96,1673.6,26.41,177.33,1373.2,0,NORMAL
PALA-02,82.47,2533.06,0.36,28.75,75.82,1769.3,26.18,192.15,1459.0,1,FALLA_PRESION_HIDRAULICA
CARG-01,84.69,3344.36,3.38,56.89,76.48,1839.6,25.57,182.11,1931.4,0,NORMAL
CARG-02,77.61,2898.25,0.97,61.44,86.05,1573.2,26.9,105.17,1551.1,0,NORMAL
PALA-01,85.46,3059.69,2.42,58.77,77.88,1763.1,25.58,171.33,2089.1,0,NORMAL
PALA-02,79.63,3221.54,0.75,59.62,73.76,1623.1,26.07,181.47,3216.6,0,NORMAL
PALA-01,82.32,3276.51,1.57,53.37,76.83,1890.0,26.98,219.65,1298.2,0,NORMAL
PALA-01,81.51,3405.06,2.15,42.73,76.88,1836.0,24.86,113.24,2499.7,0,NORMAL
PALA-03,86.65,3257.77,1.92,54.52,80.72,1481.2,27.26,197.57,3063.4,0,NORMAL
PALA-03,76.11,3259.13,0.71,50.68,82.44,1584.8,26.37,215.78,333.0,0,NORMAL
PALA-01,71.73,3292.8,0.94,57.94,75.59,1558.8,26.15,121.66,1975.2,0,NORMAL
PALA-01,81.04,3204.1,1.16,45.15,82.2,1712.6,25.3,182.75,459.4,0,NORMAL
PALA-01,84.11,3265.64,2.3,58.14,86.6,1756.2,26.47,100.69,2767.6,0,NORMAL
CARG-01,82.69,3452.65,1.77,54.94,85.06,1815.0,26.42,159.1,1329.8,0,NORMAL
CARG-02,87.54,3234.9,1.41,55.77,83.32,1690.5,26.84,123.65,1815.0,0,NORMAL
PALA-01,83.97,3244.56,2.45,57.09,82.63,1686.1,26.02,183.88,1887.0,0,NORMAL
PALA-01,79.46,3243.95,2.38,53.86,79.73,1754.1,25.62,158.26,2062.9,0,NORMAL
CARG-02,100.67,3483.6,1.28,52.34,112.93,2098.0,26.65,147.77,3429.6,1,FALLA_TERMICA
CARG-02,80.93,3050.55,2.07,59.67,82.72,1538.2,25.94,181.36,1815.6,0,NORMAL
PALA-02,86.63,3569.65,2.37,56.97,77.78,1494.5,26.8,130.15,2637.7,0,NORMAL
PALA-01,80.24,3038.25,1.2,57.44,80.4,1655.7,25.58,160.7,3419.4,0,NORMAL
PALA-01,82.13,3132.24,1.51,53.59,78.3,1633.8,27.04,184.35,2684.4,0,NORMAL
PALA-03,83.9,3384.05,1.67,54.55,80.44,1631.5,27.59,148.38,2926.8,0,NORMAL
PALA-02,77.43,3435.46,2.62,53.93,85.86,1718.5,26.27,164.59,203.4,0,NORMAL
PALA-01,84.8,2997.37,2.86,45.28,80.29,1579.6,27.48,151.08,701.0,0,NORMAL
PALA-03,89.37,3053.31,2.45,47.09,77.82,1648.6,27.0,210.07,2392.0,0,NORMAL
PALA-01,81.22,3300.01,0.8,53.38,85.16,1684.7,26.67,209.42,3161.3,0,NORMAL
CARG-01,76.92,3672.0,1.16,44.61,86.11,1687.5,26.39,157.12,268.1,0,NORMAL
PALA-02,81.7,3474.33,2.59,53.45,77.86,1703.1,25.96,155.91,2842.8,0,NORMAL
PALA-01,71.99,3205.34,2.75,49.53,86.92,1702.0,27.36,124.63,692.9,0,NORMAL
PALA-03,83.52,2814.56,1.98,53.62,84.85,1623.1,27.2,238.99,1586.8,0,NORMAL
PALA-02,84.04,3264.7,1.75,54.85,78.79,1689.4,25.56,187.39,2961.6,0,NORMAL
CARG-02,89.54,3315.21,3.13,44.71,85.88,1719.4,26.49,191.54,641.8,0,NORMAL
PALA-03,81.13,3181.11,0.56,55.63,76.07,1835.2,25.75,209.92,2310.8,0,NORMAL
PALA-02,83.84,3096.87,1.51,51.75,79.07,1542.3,26.78,158.32,2911.6,0,NORMAL
CARG-01,78.12,3278.65,3.73,42.39,76.62,1722.9,27.0,150.62,2212.3,0,NORMAL
PALA-02,80.4,3080.39,3.7,51.7,77.09,1739.8,25.15,212.2,146.4,0,NORMAL
CARG-02,75.14,3587.04,0.92,55.9,84.4,1742.1,26.33,141.05,2310.3,0,NORMAL
PALA-02,81.12,3523.01,1.39,51.97,80.94,1747.8,26.74,153.65,680.8,0,NORMAL
PALA-03,80.63,3368.42,2.4,51.67,76.56,1562.4,26.47,170.89,670.6,0,NORMAL
PALA-01,110.66,3266.15,1.76,54.77,101.32,1739.3,27.83,122.11,1400.4,1,FALLA_TERMICA
PALA-02,79.19,3131.17,2.24,51.6,78.34,1732.7,25.14,188.05,2715.8,0,NORMAL
CARG-01,82.38,3246.26,0.83,52.66,82.0,1785.7,27.48,179.24,386.1,0,NORMAL
CARG-01,80.5,3545.07,3.07,47.37,90.09,1700.0,25.69,141.07,1728.8,0,NORMAL
PALA-01,80.51,3406.36,2.01,51.41,81.82,1655.2,24.69,200.77,3117.7,0,NORMAL
PALA-01,82.36,3286.66,1.68,63.42,82.09,1840.1,26.66,118.95,1714.3,0,NORMAL
CARG-01,82.18,3416.32,2.77,54.89,87.16,1573.8,26.3,147.05,1124.7,0,NORMAL
CARG-02,85.43,3348.21,2.14,55.35,78.83,1555.1,26.47,212.29,1010.6,0,NORMAL
PALA-01,81.46,2313.6,2.45,27.45,86.33,1571.1,26.82,155.38,3459.2,1,FALLA_PRESION_HIDRAULICA
PALA-02,80.43,3426.5,1.95,52.03,79.3,1761.6,26.84,108.09,422.0,0,NORMAL
PALA-02,81.19,3343.06,1.49,52.86,79.56,1633.3,25.98,168.49,1470.5,0,NORMAL
CARG-02,78.78,3404.54,2.6,58.37,79.68,1706.7,27.05,150.15,2636.0,0,NORMAL
PALA-01,80.38,3279.05,3.32,59.99,80.57,1886.3,24.79,178.34,1109.5,0,NORMAL
PALA-01,91.14,3204.26,3.62,51.73,80.3,1578.7,26.32,198.38,2962.9,0,NORMAL
CARG-01,77.89,3151.33,1.61,53.88,82.43,1515.8,27.3,157.65,2174.3,0,NORMAL
PALA-01,80.75,3129.88,1.0,52.82,79.3,1819.6,26.63,76.97,1640.1,0,NORMAL
PALA-02,80.26,2961.07,2.58,57.81,81.4,1619.9,26.44,179.57,3241.4,0,NORMAL
PALA-02,80.89,3085.85,1.3,56.34,74.55,1579.4,26.12,124.65,1342.8,0,NORMAL
PALA-02,80.51,3080.65,1.64,53.55,84.13,1707.1,26.68,177.85,3381.7,0,NORMAL
PALA-02,83.26,3158.68,2.83,59.05,85.53,1697.1,26.18,190.3,299.3,0,NORMAL
PALA-03,74.3,3531.2,1.72,56.59,81.89,1615.9,26.9,197.19,185.7,0,NORMAL
PALA-01,86.67,3221.64,0.89,50.14,83.99,1787.4,25.98,189.7,332.3,0,NORMAL
PALA-03,84.85,3293.52,1.77,54.04,77.65,1626.5,27.62,149.2,343.3,0,NORMAL
CARG-01,76.41,3299.2,2.76,53.12,87.07,1621.0,26.84,155.9,850.7,0,NORMAL
CARG-01,71.79,3535.76,2.78,49.06,81.76,1496.1,27.85,174.96,1455.5,0,NORMAL
PALA-01,77.6,3146.39,4.19,52.87,74.58,1425.4,26.09,188.52,2849.3,0,NORMAL
PALA-01,80.91,3209.95,1.76,59.7,85.86,1748.4,27.38,125.37,1397.5,0,NORMAL
PALA-02,93.61,3230.88,1.81,59.47,83.87,1561.5,25.39,192.24,486.7,0,NORMAL
PALA-02,84.44,3454.58,2.41,58.57,88.49,1701.7,26.98,96.45,156.9,0,NORMAL
PALA-02,73.87,3491.94,1.04,57.9,87.66,1951.3,26.31,86.97,1974.0,0,NORMAL
PALA-03,78.9,3335.43,3.43,55.04,86.37,1775.8,26.5,102.19,847.9,0,NORMAL
PALA-01,81.76,3471.92,2.76,50.99,82.9,1723.4,26.98,178.22,1295.4,0,NORMAL
PALA-01,83.14,3281.98,1.94,56.82,83.85,1770.9,26.99,181.77,884.7,0,NORMAL
PALA-02,76.08,3218.93,2.13,45.77,76.69,1978.9,27.07,167.07,1448.9,0,NORMAL
PALA-03,81.39,3462.17,2.92,50.64,79.89,1493.7,26.68,140.27,3407.1,0,NORMAL
PALA-01,78.77,3337.77,5.0,59.52,92.94,1703.7,26.83,176.57,3407.2,0,NORMAL
PALA-03,77.03,2204.68,2.0,25.8,74.09,1896.9,26.22,136.53,2509.9,1,FALLA_PRESION_HIDRAULICA
PALA-02,83.17,3429.54,1.39,57.2,82.24,1757.0,25.88,148.6,865.9,0,NORMAL
CARG-02,85.48,3212.47,1.71,52.18,80.84,1864.5,26.53,130.72,2996.1,0,NORMAL
CARG-02,85.78,3190.45,3.11,56.75,84.41,1644.9,24.68,182.64,86.8,0,NORMAL
PALA-02,84.58,4320.69,2.26,46.3,81.79,1569.9,26.74,289.22,1825.7,1,FALLA_SOBRECARGA
PALA-01,79.76,3234.01,3.81,60.36,85.86,1949.4,27.1,173.56,3075.5,0,NORMAL
PALA-02,85.22,3320.01,0.8,48.42,81.06,1729.0,26.9,163.09,1494.4,0,NORMAL
PALA-01,83.39,3369.15,1.85,47.19,84.1,1819.1,25.91,216.03,895.8,0,NORMAL
PALA-03,82.6,3109.07,3.05,60.09,82.46,1826.6,24.76,162.43,2210.1,0,NORMAL
CARG-01,79.25,3319.27,0.81,53.99,79.83,1873.5,26.92,203.53,2873.2,0,NORMAL
PALA-03,79.76,3492.91,0.7,52.47,79.26,1755.3,25.77,188.3,2359.1,0,NORMAL
CARG-01,82.33,3077.84,3.0,61.84,86.11,1760.6,25.37,120.69,921.8,0,NORMAL
PALA-02,92.98,3330.98,1.56,57.66,83.5,1779.7,27.16,140.52,482.8,0,NORMAL
PALA-01,83.36,3100.7,2.6,51.75,84.98,1643.0,25.32,150.46,994.7,0,NORMAL
CARG-01,79.25,3433.85,1.02,53.33,86.02,1846.1,26.26,179.07,544.9,0,NORMAL
PALA-02,78.25,3432.14,1.61,59.37,78.93,1651.4,27.82,187.16,3356.7,0,NORMAL
PALA-03,79.79,3186.22,2.26,49.18,79.92,1852.8,25.87,182.87,1319.7,0,NORMAL
PALA-02,91.8,3647.73,1.04,61.22,79.64,1815.4,25.55,132.17,3388.0,0,NORMAL
PALA-01,80.2,3449.19,0.96,51.78,85.12,1455.2,26.81,159.35,2038.5,0,NORMAL
CARG-02,86.08,3377.25,1.99,49.64,81.36,1816.8,26.66,145.36,2432.2,0,NORMAL
PALA-01,80.31,3367.11,0.75,59.43,81.73,1748.0,25.07,172.91,3188.8,0,NORMAL
CARG-02,83.18,3427.11,1.26,57.67,76.78,1880.1,26.44,103.06,3478.0,0,NORMAL
CARG-02,85.56,3070.78,2.9,45.12,84.3,1927.9,27.34,159.16,3324.2,0,NORMAL
CARG-01,79.43,3285.03,2.42,53.47,84.43,1733.3,27.52,98.3,1594.0,0,NORMAL
PALA-03,79.11,3318.97,2.83,48.47,83.24,1762.8,26.19,122.04,2440.0,0,NORMAL
PALA-03,89.46,3177.98,2.35,57.99,81.65,1566.0,26.8,217.13,1390.0,0,NORMAL
CARG-02,86.43,4139.63,0.28,62.6,85.17,1699.8,26.83,372.1,2224.4,1,FALLA_SOBRECARGA
PALA-02,85.56,3471.7,0.89,56.69,80.8,1918.7,27.21,137.23,1851.6,0,NORMAL
PALA-02,85.54,3174.08,1.26,50.2,86.68,1720.0,26.33,177.25,114.1,0,NORMAL
PALA-03,84.07,3240.2,3.86,58.45,83.86,1831.3,27.44,176.86,3037.4,0,NORMAL
PALA-02,91.08,3102.29,10.78,53.75,75.95,1717.4,25.82,207.8,3091.3,1,FALLA_DESGASTE_RODAMIENTOS
PALA-02,82.2,2928.34,3.59,53.63,80.47,1706.0,27.02,168.61,1599.5,0,NORMAL
PALA-02,84.6,3390.21,3.41,51.57,82.3,1789.0,25.6,123.32,1239.4,0,NORMAL
PALA-03,75.47,3245.37,2.94,54.52,78.21,1370.5,24.97,131.3,1717.2,0,NORMAL
CARG-02,78.29,3258.56,0.99,53.65,85.32,1764.6,26.89,173.87,1762.5,0,NORMAL
PALA-01,76.6,3072.38,1.82,41.98,73.1,1450.1,28.76,96.04,2231.9,0,NORMAL
CARG-02,87.73,3216.61,1.47,54.13,84.22,1710.1,26.66,99.96,1346.3,0,NORMAL
PALA-03,70.51,3447.39,1.32,53.31,83.76,1619.8,26.23,189.59,837.0,0,NORMAL
CARG-01,80.19,3250.15,3.3,55.73,73.05,1581.4,27.39,252.48,1419.2,0,NORMAL
PALA-03,68.53,3255.25,2.3,43.97,81.41,1897.4,26.04,138.17,1159.3,0,NORMAL
CARG-01,78.26,3287.36,1.52,56.56,79.26,1854.4,24.99,154.36,2010.3,0,NORMAL
PALA-01,79.79,3027.45,3.44,54.14,86.67,1677.3,27.15,157.17,2556.1,0,NORMAL
CARG-01,88.23,3362.49,0.99,56.48,77.65,2005.4,27.64,168.56,2523.4,0,NORMAL
PALA-01,83.78,3024.06,10.84,45.85,84.2,1839.3,26.5,130.06,3103.8,1,FALLA_DESGASTE_RODAMIENTOS
CARG-02,78.25,3080.87,0.63,47.83,84.99,1701.0,26.65,156.4,758.7,0,NORMAL
CARG-02,86.8,3061.14,2.06,44.63,79.43,1493.5,25.91,187.93,1786.4,0,NORMAL
PALA-02,82.08,3218.46,1.09,54.73,86.19,1708.2,26.27,139.76,2203.9,0,NORMAL
PALA-01,82.17,3186.56,1.26,52.27,79.34,1644.2,26.58,160.38,1828.4,0,NORMAL
CARG-01,76.59,3249.78,2.85,53.28,86.33,1664.5,26.44,196.23,2260.3,0,NORMAL
PALA-02,77.54,3087.05,1.36,47.04,91.42,1769.6,26.43,158.87,3007.6,0,NORMAL
CARG-02,78.29,3430.99,0.99,47.95,84.72,1644.6,23.89,106.22,367.3,0,NORMAL
PALA-01,82.21,3400.12,2.46,41.52,83.45,1878.5,26.53,80.41,1336.1,0,NORMAL
PALA-01,82.35,3218.71,2.77,47.27,79.11,1656.4,25.34,120.03,1793.5,0,NORMAL
CARG-02,88.95,3163.89,0.59,50.75,88.43,1597.3,26.78,201.41,1855.2,0,NORMAL
PALA-03,83.73,3145.72,3.97,51.01,84.55,1797.9,27.25,150.88,92.2,0,NORMAL
CARG-01,69.82,3194.17,1.46,53.66,79.16,1716.7,26.85,172.15,2040.5,0,NORMAL
PALA-02,83.18,2997.96,1.4,57.81,87.0,1822.6,25.48,205.38,2450.7,0,NORMAL
PALA-03,98.9,3077.27,0.49,50.56,99.33,1740.6,25.73,116.39,1394.3,1,FALLA_TERMICA
PALA-03,77.65,3404.82,2.52,56.44,83.71,1553.3,26.35,253.23,3200.9,0,NORMAL
PALA-03,78.35,3304.33,1.07,57.89,79.36,1756.5,27.08,156.34,2397.4,0,NORMAL
PALA-03,79.01,3544.17,1.55,59.75,77.25,1611.0,27.2,178.75,2224.4,0,NORMAL
PALA-03,75.81,3196.14,2.63,56.45,77.45,1737.6,26.69,135.31,758.0,0,NORMAL
PALA-02,82.92,3184.93,1.55,54.37,79.47,1648.2,25.63,126.2,3434.8,0,NORMAL
PALA-02,75.65,3176.58,1.45,48.6,83.05,1695.3,27.34,160.88,1654.5,0,NORMAL
CARG-01,83.61,3192.55,1.82,55.36,79.81,1725.2,26.38,138.65,171.1,0,NORMAL
PALA-01,92.07,3131.21,2.4,52.12,77.83,1808.1,26.08,163.2,305.6,0,NORMAL
PALA-03,76.02,3298.78,3.0,60.88,77.2,1653.8,26.01,85.47,1209.1,0,NORMAL
PALA-01,80.72,3255.24,0.63,54.46,86.07,1385.3,25.18,111.91,192.4,0,NORMAL
PALA-03,70.64,3158.22,2.93,53.2,80.51,1605.2,27.28,141.9,631.4,0,NORMAL
CARG-01,80.65,3475.21,2.75,61.08,73.17,1736.0,26.3,120.17,2388.6,0,NORMAL
PALA-01,84.89,3591.38,1.32,51.59,80.97,1861.8,25.85,266.39,1231.9,0,NORMAL
PALA-01,85.24,3459.98,2.28,53.98,79.34,1756.0,26.89,166.39,1470.9,0,NORMAL
PALA-01,82.35,3350.46,2.15,64.05,81.82,1839.5,27.03,169.35,3336.9,0,NORMAL
PALA-03,86.0,3387.12,2.49,55.33,78.73,1738.9,17.68,121.78,2277.3,1,FALLA_ELECTRICA
CARG-01,93.46,3584.15,2.05,59.63,86.15,1746.2,27.64,135.6,1056.7,0,NORMAL
PALA-01,89.71,3386.86,0.86,61.52,80.39,1691.0,28.18,142.38,1225.7,0,NORMAL
CARG-01,79.65,3144.67,2.41,51.24,80.16,1845.9,26.48,200.15,3312.0,0,NORMAL
PALA-02,75.47,3320.61,1.1,58.54,79.74,1917.5,26.59,110.36,1588.4,0,NORMAL
PALA-02,80.17,3362.72,3.32,52.34,82.89,1604.2,28.31,148.01,1558.8,0,NORMAL
CARG-02,77.74,3070.95,5.07,64.2,82.58,1747.0,25.53,175.45,998.2,0,NORMAL
PALA-02,84.03,3198.71,1.8,61.22,79.44,1577.0,25.98,79.11,1156.6,0,NORMAL
PALA-02,76.68,3448.07,0.91,57.72,81.1,1920.6,26.87,101.83,2666.2,0,NORMAL
PALA-01,81.67,2921.77,1.32,59.22,79.99,1740.5,27.32,110.87,2854.2,0,NORMAL
PALA-01,85.77,1901.29,3.38,23.6,84.4,1717.6,26.43,153.52,890.4,1,FALLA_PRESION_HIDRAULICA
PALA-02,81.55,3218.25,2.9,62.59,75.84,1583.4,25.75,144.05,3288.8,0,NORMAL
PALA-01,77.74,3313.66,2.65,49.48,79.64,1693.0,27.43,192.55,1146.8,0,NORMAL
PALA-03,87.29,3005.63,3.64,56.04,80.22,1710.9,26.39,82.31,2499.7,0,NORMAL
PALA-02,73.54,3227.18,1.28,50.43,86.58,1591.1,26.4,145.49,2184.5,0,NORMAL
PALA-03,80.52,2034.11,1.86,29.06,85.7,1738.1,27.14,201.14,152.4,1,FALLA_PRESION_HIDRAULICA
PALA-01,81.81,3262.36,1.43,62.73,82.57,1617.0,27.6,104.9,3021.6,0,NORMAL
PALA-02,82.07,3419.04,2.2,56.26,77.02,1772.2,26.59,155.95,2227.8,0,NORMAL
PALA-03,82.81,3143.42,2.7,55.58,81.23,1601.7,26.78,186.27,2048.8,0,NORMAL
CARG-02,84.75,3104.21,1.36,53.43,88.52,1738.9,27.24,209.26,1955.0,0,NORMAL
PALA-01,81.84,2485.02,3.33,22.61,80.41,1696.8,26.22,116.11,2344.6,1,FALLA_PRESION_HIDRAULICA
CARG-02,80.34,3316.47,1.45,52.32,81.51,1756.2,25.96,173.03,334.5,0,NORMAL
PALA-03,80.17,3036.59,1.95,62.17,81.75,1739.9,26.11,161.43,2663.4,0,NORMAL
PALA-03,79.25,3105.85,3.05,57.97,77.6,1731.4,25.66,123.66,1103.7,0,NORMAL
PALA-03,85.54,3531.62,2.56,52.26,77.76,1631.2,25.53,116.87,1504.6,0,NORMAL
PALA-01,79.09,3083.58,1.7,54.3,77.76,1786.5,28.18,115.73,192.5,0,NORMAL
PALA-01,85.81,3418.18,2.46,68.58,79.81,1754.5,25.68,289.95,524.9,0,NORMAL
PALA-03,82.09,3163.93,9.66,55.36,82.77,1796.5,26.62,201.28,3352.1,1,FALLA_DESGASTE_RODAMIENTOS
PALA-02,79.65,3249.43,2.16,61.26,81.68,1717.0,26.33,162.4,1314.8,0,NORMAL
CARG-02,84.78,2383.36,2.06,27.74,83.03,1698.5,27.24,130.45,2559.3,1,FALLA_PRESION_HIDRAULICA
PALA-02,78.73,2871.82,0.73,56.37,89.64,1598.2,26.49,179.66,1337.4,0,NORMAL
PALA-01,84.87,2986.71,1.76,50.88,91.38,1640.7,27.51,117.41,3045.6,0,NORMAL
CARG-01,82.96,3265.54,2.36,51.32,81.38,1663.2,26.3,171.39,1741.6,0,NORMAL
PALA-02,79.32,3119.62,4.66,57.97,84.69,1835.4,26.6,189.28,1161.0,0,NORMAL
PALA-03,84.38,3429.38,1.81,49.52,83.64,1570.7,27.0,154.37,2772.8,0,NORMAL
PALA-03,84.46,2960.9,3.64,48.04,85.31,1559.3,26.56,139.0,2012.5,0,NORMAL
CARG-02,87.21,3351.75,1.38,57.43,85.17,1711.5,26.82,141.97,1995.2,0,NORMAL
CARG-01,86.35,3002.28,3.44,51.56,78.89,1628.0,26.63,193.93,2542.9,0,NORMAL
PALA-03,84.21,3186.62,4.68,52.6,88.93,1674.1,25.27,158.33,3458.3,0,NORMAL
PALA-03,95.9,3058.41,0.63,44.99,107.94,1667.2,27.01,217.92,1331.4,1,FALLA_TERMICA
CARG-02,93.02,3592.44,1.17,47.65,84.87,1644.3,27.34,96.05,1890.0,0,NORMAL
PALA-02,75.68,3008.89,1.91,55.1,83.74,1628.4,26.3,115.61,1071.8,0,NORMAL
PALA-01,86.27,3228.03,0.56,52.83,82.59,1608.2,26.24,162.93,1388.4,0,NORMAL
PALA-02,83.94,2939.17,1.31,58.55,81.82,1675.7,26.63,175.81,265.1,0,NORMAL
PALA-01,76.72,3537.92,2.0,49.5,84.15,1544.5,27.96,157.64,1425.4,0,NORMAL
PALA-03,81.44,3322.23,0.77,53.17,82.02,1792.7,26.17,209.08,723.1,0,NORMAL
PALA-03,81.65,3274.66,0.73,54.23,82.51,1613.9,26.9,126.94,2150.3,0,NORMAL
PALA-03,87.88,3515.38,0.96,52.98,81.09,1774.4,26.26,160.58,198.2,0,NORMAL
PALA-01,78.79,3276.54,1.25,56.99,80.47,1640.9,26.88,197.94,494.5,0,NORMAL
CARG-01,80.82,3289.52,3.29,48.57,88.66,1844.5,25.38,222.36,1903.7,0,NORMAL
PALA-02,71.49,3273.71,1.55,56.56,81.84,1724.8,27.84,152.84,1462.7,0,NORMAL
PALA-03,89.81,3351.45,2.52,59.7,79.86,1590.8,26.69,253.96,1460.3,0,NORMAL
PALA-03,77.18,3161.36,1.69,49.88,82.16,2019.8,26.18,163.23,1918.0,0,NORMAL
PALA-02,83.47,3211.43,1.53,56.0,76.67,1669.9,26.2,219.41,848.1,0,NORMAL
PALA-01,81.54,3395.86,2.43,55.79,85.27,1653.2,26.62,147.94,547.2,0,NORMAL
PALA-01,81.56,3299.93,7.3,56.94,81.55,1661.4,28.0,154.61,3013.7,1,FALLA_DESGASTE_RODAMIENTOS
CARG-01,85.64,3229.44,2.4,54.01,80.19,1767.8,27.64,200.99,3084.6,0,NORMAL
CARG-02,89.52,2997.91,2.5,61.09,79.78,1545.7,26.18,188.65,2722.1,0,NORMAL
PALA-03,83.13,3519.65,1.17,64.55,75.19,1736.3,26.48,159.39,1331.7,0,NORMAL
PALA-01,84.95,3130.94,3.37,57.13,88.81,1517.8,26.52,123.48,1000.1,0,NORMAL
PALA-02,83.48,3427.7,3.61,55.57,82.3,1711.2,24.84,251.9,1840.9,0,NORMAL
CARG-01,86.58,3281.64,0.61,54.07,88.75,1855.2,26.22,150.43,342.7,0,NORMAL
CARG-01,79.92,3017.18,2.8,47.43,80.5,1653.4,26.57,162.48,3215.6,0,NORMAL
PALA-01,86.84,3475.41,2.47,46.86,83.36,1826.5,25.67,92.6,2038.4,0,NORMAL
PALA-01,106.04,3295.82,0.69,48.23,106.03,1519.7,27.78,140.41,3262.4,1,FALLA_TERMICA
CARG-01,86.87,3490.36,1.95,55.33,83.5,1645.4,25.5,191.1,3312.4,0,NORMAL
PALA-02,79.03,3217.17,10.91,53.04,79.73,1573.1,25.59,154.95,3309.0,1,FALLA_DESGASTE_RODAMIENTOS
PALA-02,81.24,3376.73,1.07,61.64,74.45,1949.0,26.95,252.82,1766.9,0,NORMAL
PALA-01,83.08,2932.75,1.26,41.47,90.56,1671.1,26.62,170.19,1094.7,0,NORMAL
PALA-03,75.83,3159.96,1.49,54.2,78.61,1641.9,26.04,139.28,2874.5,0,NORMAL
CARG-02,89.18,3020.86,1.72,56.17,91.68,1689.1,27.21,219.9,3316.3,0,NORMAL
CARG-02,81.94,3182.54,1.31,58.49,79.12,1720.8,26.6,245.89,659.0,0,NORMAL
PALA-03,83.28,3334.93,1.32,54.72,87.05,1675.5,27.88,207.17,2754.0,0,NORMAL
PALA-03,79.4,3141.18,0.58,55.82,83.87,1577.1,24.98,164.73,680.8,0,NORMAL
PALA-01,76.03,3405.49,2.91,54.88,84.06,1881.9,25.98,153.58,666.6,0,NORMAL
PALA-03,79.28,3095.81,1.48,56.2,79.02,1850.6,27.72,102.58,956.2,0,NORMAL
PALA-02,82.99,2026.48,1.89,28.17,79.91,1760.0,26.78,172.44,2436.7,1,FALLA_PRESION_HIDRAULICA
PALA-03,85.03,2398.75,3.66,42.19,79.96,1753.6,26.32,173.86,292.0,1,FALLA_PRESION_HIDRAULICA
PALA-02,82.73,2309.67,0.9,28.13,82.1,1745.8,26.08,120.1,1153.3,1,FALLA_PRESION_HIDRAULICA
PALA-01,83.56,3188.05,1.54,54.99,80.66,1665.2,26.68,162.71,1860.9,0,NORMAL
PALA-01,80.48,2867.42,2.42,50.31,79.37,1652.2,25.48,199.21,2798.6,0,NORMAL
PALA-02,84.23,3354.79,10.75,52.29,77.74,1911.3,25.25,150.13,3452.1,1,FALLA_DESGASTE_RODAMIENTOS
PALA-01,88.67,3227.46,1.12,61.55,78.13,1795.0,26.85,171.38,1768.3,0,NORMAL
PALA-01,85.17,3073.89,2.1,41.58,83.13,1560.4,27.08,89.68,2220.9,0,NORMAL
CARG-02,85.64,3149.87,0.97,54.28,78.19,1665.8,27.15,223.77,934.4,0,NORMAL
PALA-02,83.32,3508.2,1.06,53.88,76.6,1778.5,26.06,136.57,3258.2,0,NORMAL
PALA-03,75.24,3045.28,0.9,56.5,81.56,1764.2,26.02,149.63,1298.1,0,NORMAL
CARG-02,77.3,3334.3,3.28,55.33,72.27,1783.4,26.4,169.09,2628.6,0,NORMAL
CARG-02,84.05,3289.23,1.5,61.58,80.97,1541.7,25.61,153.13,2351.7,0,NORMAL
PALA-03,81.95,3185.67,3.72,54.49,81.32,1758.4,26.93,193.63,2264.0,0,NORMAL
CARG-01,83.98,3366.02,1.17,53.68,83.25,1853.9,26.16,147.05,1459.0,0,NORMAL
PALA-02,89.54,3543.8,2.47,58.76,82.36,1539.4,26.35,139.71,3036.2,0,NORMAL
PALA-02,85.27,3196.73,1.13,61.66,75.89,1928.8,26.26,192.67,2754.2,0,NORMAL
PALA-02,87.66,3206.23,1.69,57.43,80.26,1759.6,26.81,64.4,1995.5,0,NORMAL
PALA-03,82.43,3361.97,0.5,59.06,83.61,1733.2,26.63,115.36,1130.1,0,NORMAL
PALA-03,78.37,3415.28,2.53,52.91,82.67,1605.8,27.93,168.49,1978.9,0,NORMAL
PALA-02,81.74,3227.01,1.57,54.63,77.87,1643.6,26.09,189.33,349.3,0,NORMAL
PALA-01,78.38,3195.03,1.58,61.43,82.66,1674.7,27.83,189.64,1919.1,0,NORMAL
PALA-03,89.01,2850.82,1.48,56.63,84.66,1548.9,24.95,64.69,2462.9,0,NORMAL
PALA-01,85.56,3109.96,2.23,52.79,77.09,1682.2,26.79,143.06,3228.1,0,NORMAL
PALA-03,84.34,3044.92,1.43,54.16,73.16,1612.9,25.13,190.11,2527.5,0,NORMAL
PALA-03,87.56,3373.23,1.99,59.19,88.1,1802.0,25.58,124.06,858.5,0,NORMAL
CARG-01,72.91,3206.1,1.15,59.63,82.26,1354.5,25.62,151.83,228.4,0,NORMAL
CARG-01,84.65,3199.06,2.91,49.79,79.17,1690.4,25.56,175.79,1034.8,0,NORMAL
CARG-02,76.1,3248.37,1.34,55.81,79.03,1603.9,25.91,162.29,1419.5,0,NORMAL
PALA-02,81.97,3093.37,2.02,53.96,81.59,1720.3,28.16,177.12,98.8,0,NORMAL
CARG-01,80.6,3529.58,3.74,53.67,85.16,2002.5,25.7,153.95,3313.8,0,NORMAL
PALA-03,84.98,3483.67,2.14,60.65,74.96,1920.9,25.11,179.94,2069.5,0,NORMAL
PALA-01,83.03,3541.26,2.59,52.81,79.4,1660.6,26.79,180.76,3310.6,0,NORMAL
PALA-01,88.05,3373.02,2.2,51.12,87.62,1697.7,26.59,189.89,1248.8,0,NORMAL
PALA-02,79.29,3244.69,2.02,49.93,84.3,1619.5,28.17,187.9,2525.9,0,NORMAL
PALA-02,85.19,3540.65,1.78,53.13,83.96,1701.9,26.37,194.48,2264.2,0,NORMAL
PALA-03,82.73,3127.43,0.84,50.32,82.63,1808.3,24.57,143.09,893.4,0,NORMAL
CARG-01,74.64,3093.18,1.4,49.68,82.24,1562.4,26.06,145.05,993.9,0,NORMAL
PALA-01,77.87,3141.73,1.1,49.55,79.13,1908.0,26.04,167.07,1443.6,0,NORMAL
PALA-01,81.33,4136.51,1.61,49.85,78.77,1829.7,25.41,407.11,720.7,1,FALLA_SOBRECARGA
CARG-02,87.01,3112.82,0.87,50.2,84.22,1824.5,25.95,167.99,1187.2,0,NORMAL
PALA-01,84.09,3222.03,1.72,56.0,78.84,1765.9,26.28,218.72,2020.4,0,NORMAL
PALA-02,76.75,2961.67,3.48,44.2,82.14,1611.6,26.35,211.81,891.0,0,NORMAL
PALA-03,81.37,3336.6,3.5,50.49,81.61,1841.5,25.3,212.05,1040.5,0,NORMAL
PALA-03,114.4,2976.92,2.44,53.5,106.62,1681.6,26.89,209.43,3141.4,1,FALLA_TERMICA
PALA-01,82.5,3082.21,1.39,59.74,80.36,1517.4,27.71,126.8,1677.6,0,NORMAL
PALA-01,80.53,3469.09,1.72,52.77,85.67,1729.5,26.62,122.24,2493.9,0,NORMAL
PALA-01,84.21,3462.46,2.95,53.23,83.83,1580.9,27.29,129.87,979.6,0,NORMAL
PALA-03,85.44,3317.38,1.98,53.56,80.53,1647.4,26.55,199.15,2105.9,0,NORMAL
PALA-03,79.95,3299.62,4.44,44.88,76.02,1804.8,25.56,150.33,2407.8,0,NORMAL
PALA-01,84.26,3154.43,2.48,57.3,80.79,1705.6,26.62,138.96,1096.6,0,NORMAL
PALA-03,80.52,3110.88,2.42,57.09,84.6,1715.5,26.0,145.4,1559.7,0,NORMAL
CARG-01,85.24,3184.8,2.29,58.07,76.1,1860.2,25.51,176.74,2957.5,0,NORMAL
PALA-01,82.76,2977.54,1.96,66.53,84.34,1449.3,26.34,135.62,2478.2,0,NORMAL
PALA-02,84.17,3295.44,1.97,47.51,86.37,1855.0,27.06,142.47,3134.3,0,NORMAL
PALA-03,78.58,3258.79,2.09,46.56,81.38,1737.7,26.13,149.35,688.5,0,NORMAL
PALA-02,78.3,3081.98,2.11,57.53,84.65,1711.7,27.95,192.12,2372.3,0,NORMAL
PALA-02,86.25,3532.36,0.87,52.31,81.56,1715.5,27.16,101.94,103.2,0,NORMAL
PALA-03,81.64,3359.24,0.45,49.07,83.29,1796.8,25.96,160.31,881.4,0,NORMAL
CARG-02,83.28,3374.53,1.18,52.59,86.97,1843.1,25.94,147.5,252.1,0,NORMAL
CARG-01,80.62,3162.28,1.51,50.91,74.78,1691.6,28.12,181.28,2661.2,0,NORMAL
PALA-03,86.04,3249.76,3.4,62.62,77.94,1703.9,26.13,156.0,1793.1,0,NORMAL
CARG-01,79.26,3362.93,2.88,65.31,86.0,1793.1,26.69,127.87,1789.3,0,NORMAL
PALA-02,81.39,3277.5,1.19,45.82,86.74,1468.2,26.74,235.23,1451.9,0,NORMAL
PALA-03,85.54,3538.34,1.57,46.62,75.37,1708.2,25.02,214.06,247.5,0,NORMAL
PALA-02,87.28,3213.32,1.61,50.2,87.25,1779.8,25.03,168.6,2679.4,0,NORMAL
PALA-01,79.64,3159.18,4.68,50.55,70.71,1660.8,27.09,180.72,2523.5,0,NORMAL
CARG-01,90.82,3364.17,2.12,50.12,83.5,1624.2,25.56,133.93,2520.0,0,NORMAL
PALA-03,83.41,3022.36,4.5,53.03,81.88,1701.7,26.41,167.31,3480.1,0,NORMAL
PALA-02,77.31,3416.37,2.48,51.77,78.07,1649.8,25.19,252.94,2942.3,0,NORMAL
CARG-02,83.66,3015.87,2.12,47.23,78.31,1690.5,26.14,203.4,970.7,0,NORMAL
PALA-01,80.28,3364.95,0.53,48.87,78.46,1663.3,26.57,123.04,552.4,0,NORMAL
PALA-02,83.95,3133.31,1.78,61.73,80.18,1907.4,24.75,174.16,1601.4,0,NORMAL
PALA-01,81.81,3335.79,2.72,52.21,88.94,1583.3,26.44,162.86,2923.4,0,NORMAL
CARG-01,82.33,3413.32,1.41,51.96,84.29,1820.2,26.49,178.22,596.1,0,NORMAL
CARG-01,77.9,3277.62,3.44,46.4,86.74,1649.5,26.03,222.37,2726.8,0,NORMAL
PALA-02,86.46,3034.07,3.39,51.68,79.71,1759.1,25.52,128.16,3290.9,0,NORMAL
PALA-03,76.8,3088.58,0.71,58.8,81.92,1797.6,26.1,152.93,528.3,0,NORMAL
PALA-02,77.01,3118.84,0.7,56.98,76.71,1903.6,26.1,120.67,2406.7,0,NORMAL
CARG-01,83.65,2908.9,3.77,58.06,79.89,1767.2,27.94,167.52,791.4,0,NORMAL
PALA-02,89.21,3452.95,1.22,47.98,78.79,1672.4,26.3,163.77,3485.0,0,NORMAL
PALA-02,80.41,3269.82,1.27,47.9,82.95,1727.9,26.03,232.91,3125.2,0,NORMAL
CARG-02,85.15,3045.61,0.77,59.67,78.17,1950.2,26.3,130.21,1331.3,0,NORMAL
PALA-02,86.83,3512.02,1.54,58.13,77.65,1739.6,26.74,191.71,201.3,0,NORMAL
PALA-01,85.67,3123.76,1.52,52.71,82.59,1563.1,26.71,68.26,205.8,0,NORMAL
PALA-03,80.6,3295.1,1.34,58.27,80.79,1674.0,26.76,227.65,1748.9,0,NORMAL
CARG-02,77.09,3101.45,3.88,47.99,78.2,1670.9,26.88,161.01,3353.5,0,NORMAL
PALA-02,72.07,2886.71,3.76,47.78,77.61,1807.6,25.23,164.88,2969.6,0,NORMAL
PALA-01,80.82,3004.4,1.75,45.91,78.2,1573.4,26.81,152.2,1702.0,0,NORMAL
PALA-02,87.3,3169.27,3.16,55.81,84.26,1659.1,26.55,176.57,796.9,0,NORMAL
PALA-03,76.94,3411.69,2.11,55.08,82.67,1745.6,25.9,139.19,278.8,0,NORMAL
PALA-01,85.15,3312.38,3.21,51.39,77.98,1686.3,26.49,165.04,1378.0,0,NORMAL
PALA-03,77.72,3275.24,4.09,50.1,78.14,1730.9,26.31,207.2,2866.5,0,NORMAL
CARG-02,82.48,2888.2,1.94,66.07,76.41,1737.7,26.38,146.35,1723.6,0,NORMAL
PALA-02,85.19,3478.62,0.23,52.7,79.43,1745.7,26.54,149.38,1685.4,0,NORMAL
PALA-02,79.03,3290.26,3.22,60.94,81.49,1608.8,25.06,150.17,1692.0,0,NORMAL
PALA-02,82.77,3228.5,1.34,53.27,77.48,1815.7,26.61,193.53,779.0,0,NORMAL
PALA-01,80.13,3453.84,2.83,51.5,89.75,1655.8,26.92,154.69,2849.5,0,NORMAL
CARG-02,85.17,3474.55,5.35,61.08,83.5,1718.6,26.6,144.41,2648.6,0,NORMAL
PALA-02,110.28,3457.83,1.94,57.95,107.4,1574.6,25.82,166.28,1081.8,1,FALLA_TERMICA
PALA-02,82.25,3205.52,3.88,53.88,81.34,1724.8,25.71,197.21,684.0,0,NORMAL
PALA-03,89.01,3069.37,2.86,59.67,75.43,1742.8,26.55,114.37,2771.6,0,NORMAL
PALA-02,84.98,2086.18,3.71,44.91,76.2,1724.3,27.04,186.17,3421.7,1,FALLA_PRESION_HIDRAULICA
PALA-03,78.89,3004.29,2.64,50.34,86.29,1626.4,27.45,172.35,528.9,0,NORMAL
PALA-01,81.61,3600.51,2.49,56.36,87.54,1855.4,27.01,173.88,599.7,0,NORMAL
CARG-01,81.66,3255.04,2.41,51.95,72.14,1790.0,26.81,160.66,2086.4,0,NORMAL
CARG-02,82.36,3059.04,1.92,49.33,82.88,1703.3,24.37,161.1,1715.3,0,NORMAL
PALA-03,93.36,3028.26,5.92,49.19,86.53,1702.2,25.91,184.64,574.4,0,NORMAL
CARG-02,83.67,3020.03,2.19,61.96,79.63,1631.4,26.65,105.76,2120.1,0,NORMAL
PALA-01,72.84,3275.27,3.04,44.88,87.08,1645.3,25.86,131.71,129.0,0,NORMAL
PALA-02,79.56,3248.85,0.93,56.54,84.07,1894.8,25.66,100.91,1751.4,0,NORMAL
PALA-03,73.3,3027.53,5.05,49.87,82.8,1677.0,25.55,223.41,450.0,0,NORMAL
PALA-03,80.52,3185.84,3.58,62.86,80.02,2051.7,27.81,204.08,1361.3,0,NORMAL
PALA-02,73.06,3003.77,1.28,52.63,81.37,1580.8,25.36,83.98,3441.6,0,NORMAL
PALA-02,78.08,3356.07,2.61,52.18,79.21,1764.3,26.23,172.67,1320.3,0,NORMAL
PALA-01,75.16,3240.17,2.6,61.85,82.19,1747.1,25.82,152.32,1254.7,0,NORMAL
PALA-02,83.73,3181.89,3.16,58.38,82.01,1724.4,25.71,180.8,1548.0,0,NORMAL
PALA-01,82.0,3018.14,1.94,56.77,79.26,1529.0,26.73,171.71,1955.3,0,NORMAL
CARG-01,83.36,3195.97,1.11,58.03,73.21,1555.5,27.06,155.02,84.6,0,NORMAL
PALA-01,81.53,3175.35,1.06,48.58,80.22,1743.5,25.46,157.85,2866.2,0,NORMAL
PALA-01,75.73,3307.19,2.32,57.71,76.93,1597.1,26.44,195.62,1075.3,0,NORMAL
PALA-03,84.31,3280.06,1.2,53.0,76.52,1865.1,26.31,139.18,2971.9,0,NORMAL
PALA-03,90.65,3392.57,5.45,55.8,78.24,1693.1,26.04,146.55,535.0,0,NORMAL
CARG-02,83.84,3162.78,2.35,56.42,84.31,1750.6,25.65,182.65,1536.2,0,NORMAL
PALA-03,80.08,2915.13,0.81,48.45,76.56,1715.1,27.29,189.95,3458.3,0,NORMAL
PALA-02,75.57,3428.4,1.67,56.97,77.45,1711.8,25.57,170.26,715.1,0,NORMAL
CARG-01,77.91,3081.51,2.32,53.07,83.83,1902.5,25.36,143.17,1816.2,0,NORMAL
PALA-03,84.04,3050.75,5.96,47.8,77.94,1850.1,27.28,101.51,1159.6,0,NORMAL
PALA-01,86.83,3242.24,1.09,53.27,76.49,1738.5,26.56,102.94,2283.7,0,NORMAL
PALA-03,83.17,3304.41,0.94,54.1,84.24,1801.0,25.46,152.86,298.6,0,NORMAL
CARG-02,85.6,3154.45,2.13,56.97,80.48,1860.8,26.34,165.81,2828.4,0,NORMAL
PALA-02,85.18,3153.04,2.14,42.06,81.26,1648.3,25.9,147.65,2249.6,0,NORMAL
PALA-02,84.28,3179.62,2.43,55.94,80.1,1533.4,27.59,123.21,3046.1,0,NORMAL
PALA-01,79.04,3504.98,2.56,51.44,82.69,1786.4,26.21,117.79,2673.7,0,NORMAL
PALA-01,82.78,3249.52,2.23,58.05,83.74,1869.5,26.83,165.69,521.8,0,NORMAL
PALA-02,78.18,3075.77,4.67,53.99,80.51,1514.2,26.38,207.49,3046.7,0,NORMAL
PALA-03,82.08,3077.6,2.28,52.33,75.01,1647.2,27.55,133.92,1400.1,0,NORMAL
PALA-01,83.49,3204.84,1.33,53.11,82.19,1691.0,26.56,159.14,1742.0,0,NORMAL
CARG-02,89.55,3292.81,3.11,55.67,79.64,1602.1,27.33,135.12,258.7,0,NORMAL
CARG-01,76.11,3337.12,2.98,58.54,84.43,1702.6,26.83,181.06,832.6,0,NORMAL
PALA-03,84.17,3272.35,1.61,49.54,77.42,1586.4,25.96,155.61,1053.4,0,NORMAL
CARG-01,88.67,3098.46,0.63,52.28,79.74,1681.7,26.4,194.58,2828.0,0,NORMAL
PALA-01,85.41,3173.69,1.59,61.35,75.07,1803.9,26.23,164.12,1688.9,0,NORMAL
PALA-02,85.75,3382.1,2.16,52.19,84.13,1471.7,25.94,164.19,1305.7,0,NORMAL
PALA-03,84.64,3043.7,0.54,55.84,85.9,1593.9,25.54,130.14,3322.8,0,NORMAL
CARG-01,87.84,3166.16,1.32,47.83,79.05,1888.1,27.49,130.74,868.3,0,NORMAL
CARG-01,77.11,3357.54,0.93,45.43,80.22,1621.1,24.75,176.09,1712.1,0,NORMAL
PALA-02,75.76,3407.55,1.07,48.8,77.76,1408.2,27.47,168.05,942.7,0,NORMAL
CARG-02,81.97,3215.28,2.17,50.55,78.15,1740.5,25.33,230.49,857.8,0,NORMAL
PALA-01,72.27,3175.98,9.72,59.2,83.77,1711.0,26.83,121.61,3586.2,1,FALLA_DESGASTE_RODAMIENTOS
CARG-02,87.54,3012.02,1.28,59.75,78.98,1737.8,25.93,194.69,1991.8,0,NORMAL
CARG-02,87.49,3344.62,2.9,44.37,82.9,1726.9,25.07,164.56,50.3,0,NORMAL
PALA-01,80.05,3487.38,3.12,51.29,80.94,1872.7,27.32,125.91,559.0,0,NORMAL
CARG-01,80.33,3711.73,0.84,57.49,84.0,1635.6,24.48,66.38,3087.5,0,NORMAL
PALA-01,81.67,3319.56,3.82,53.47,79.43,1708.7,27.04,137.76,264.6,0,NORMAL
PALA-02,82.23,3240.84,2.17,61.52,85.34,1668.1,26.5,142.17,3132.3,0,NORMAL
PALA-03,82.57,3084.43,2.91,57.37,88.5,1801.2,27.24,142.1,759.0,0,NORMAL
PALA-03,84.51,2911.81,2.92,52.66,74.2,1813.3,26.9,191.56,3436.6,0,NORMAL
CARG-02,81.22,3281.85,1.95,53.11,80.63,1764.7,26.89,143.97,2200.8,0,NORMAL
PALA-03,86.24,3673.06,3.33,53.72,80.63,1978.5,27.12,169.55,3434.3,0,NORMAL
PALA-02,84.01,4320.29,2.22,49.77,78.14,1786.4,27.07,293.58,1830.8,1,FALLA_SOBRECARGA
CARG-01,79.27,3450.98,3.55,58.7,82.63,1870.6,26.76,173.61,2752.2,0,NORMAL
CARG-02,109.55,3294.21,0.79,57.71,110.47,1613.8,26.13,114.52,995.2,1,FALLA_TERMICA
PALA-01,75.89,3314.71,3.99,56.27,73.1,1636.2,26.22,183.66,587.8,0,NORMAL
CARG-02,81.59,2813.73,4.87,55.21,72.8,1957.6,26.49,193.84,411.7,0,NORMAL
PALA-01,86.35,3387.25,2.18,48.91,87.63,1557.5,26.19,107.52,1195.3,0,NORMAL
CARG-01,78.75,3145.72,2.87,56.52,80.04,1812.1,28.15,227.31,1381.3,0,NORMAL
PALA-02,83.39,3123.69,2.09,54.65,81.36,1874.4,26.33,144.09,1154.0,0,NORMAL
PALA-01,84.45,3191.81,0.55,64.01,76.73,1861.1,25.48,172.68,3365.2,0,NORMAL
PALA-02,78.13,4305.05,0.99,47.53,81.18,1528.6,26.3,330.68,530.5,1,FALLA_SOBRECARGA
PALA-03,81.67,3120.83,2.39,50.38,86.48,1677.9,25.73,136.41,745.1,0,NORMAL
PALA-02,81.3,3252.5,1.22,46.07,82.99,1794.7,27.97,135.47,753.6,0,NORMAL
PALA-01,79.52,3149.51,5.38,52.91,81.77,1809.0,26.48,145.16,2575.6,0,NORMAL
PALA-03,92.36,3268.06,3.06,45.3,73.92,1718.9,26.91,176.02,2351.8,0,NORMAL
CARG-02,78.57,2982.31,3.7,59.93,83.97,1636.5,26.81,180.44,661.2,0,NORMAL
PALA-02,86.52,3211.47,0.99,59.46,81.04,1687.2,27.16,208.85,139.3,0,NORMAL
PALA-01,80.23,3052.67,1.8,53.2,78.57,1645.8,26.59,203.51,186.6,0,NORMAL
PALA-02,77.11,3134.54,0.97,48.93,83.57,1570.9,26.08,203.08,889.2,0,NORMAL
PALA-01,82.46,3275.81,3.46,46.38,77.61,1684.1,26.44,190.59,2657.4,0,NORMAL
CARG-01,84.92,2961.28,0.79,50.48,83.24,1941.9,25.42,187.91,3143.8,0,NORMAL
CARG-01,86.14,3101.97,2.51,57.13,85.87,1686.5,26.28,145.88,3164.8,0,NORMAL
PALA-03,89.03,3352.41,0.77,50.06,81.62,1538.5,27.84,140.61,1541.4,0,NORMAL
PALA-02,95.25,2995.63,1.61,63.54,79.3,1677.0,26.99,106.0,2884.8,0,NORMAL
CARG-01,83.13,3570.02,1.81,61.45,78.71,1927.4,26.31,208.96,2528.5,0,NORMAL
PALA-03,79.02,3466.79,3.95,54.0,82.53,1528.8,28.01,161.67,298.7,0,NORMAL
CARG-01,84.04,3160.99,2.96,51.69,79.27,1719.9,25.91,171.69,3228.8,0,NORMAL
PALA-03,80.8,3108.3,2.27,51.15,90.47,1808.5,26.67,61.55,1921.9,0,NORMAL
CARG-01,86.17,3286.35,1.13,61.99,75.34,1583.1,26.16,136.95,1646.5,0,NORMAL
PALA-03,76.16,2989.46,1.16,50.72,80.48,1742.9,26.24,194.08,2073.5,0,NORMAL
PALA-02,92.66,2889.61,1.44,58.67,82.09,1610.4,26.72,171.57,661.5,0,NORMAL
CARG-02,85.85,3167.32,1.83,54.11,81.61,1572.9,26.86,136.85,601.1,0,NORMAL
PALA-03,74.42,3225.87,1.85,57.57,78.76,1794.7,26.24,155.9,1553.4,0,NORMAL
PALA-03,78.81,3267.0,3.12,49.9,85.93,1938.8,25.73,229.26,2030.5,0,NORMAL
PALA-01,85.67,3139.35,1.53,52.34,83.67,1673.6,27.87,151.76,247.2,0,NORMAL
PALA-03,87.29,3479.31,2.98,53.88,83.96,1789.7,26.48,164.24,343.8,0,NORMAL
PALA-03,76.27,2980.87,2.34,50.84,78.33,1778.0,25.57,159.77,3293.7,0,NORMAL
PALA-01,85.21,3045.11,1.21,60.25,79.39,1740.9,25.58,167.28,1281.2,0,NORMAL
PALA-01,73.24,3337.59,11.26,50.18,82.95,1637.4,27.99,202.14,4189.0,1,FALLA_DESGASTE_RODAMIENTOS
PALA-03,81.6,3040.9,2.01,51.11,76.6,1598.4,28.37,246.88,562.7,0,NORMAL
CARG-01,87.0,3033.94,0.67,60.79,83.66,1624.3,26.67,211.68,1415.5,0,NORMAL
PALA-03,79.52,3272.2,0.91,59.82,80.6,1698.6,25.91,168.17,2973.8,0,NORMAL
PALA-01,75.22,3060.37,2.69,61.94,85.26,1669.7,26.67,201.75,1242.9,0,NORMAL
PALA-03,82.66,3226.04,1.48,44.46,79.29,1582.1,26.16,107.7,2584.9,0,NORMAL
PALA-01,79.28,3124.03,2.2,55.0,88.26,1695.4,26.86,159.37,1054.9,0,NORMAL
PALA-02,84.83,3094.9,3.3,54.45,82.64,1643.7,26.68,135.5,1587.6,0,NORMAL
PALA-01,78.02,2871.59,1.81,51.19,83.08,1786.8,26.37,140.07,899.3,0,NORMAL
PALA-01,78.52,3275.12,3.43,55.62,78.23,1673.1,26.33,193.62,2579.9,0,NORMAL
PALA-01,72.91,3025.51,10.05,52.39,82.01,1821.3,26.22,207.83,3619.5,1,FALLA_DESGASTE_RODAMIENTOS
PALA-02,82.76,3219.72,3.39,54.81,78.8,1747.6,27.16,113.42,1636.7,0,NORMAL
PALA-01,81.28,3157.82,1.22,71.01,74.84,1660.4,26.25,153.83,2521.3,0,NORMAL
PALA-02,76.65,3212.83,2.3,55.59,80.22,1700.4,28.04,137.19,1155.9,0,NORMAL
PALA-03,82.87,3223.06,2.91,55.8,85.65,1703.8,28.12,183.37,1635.4,0,NORMAL
PALA-02,86.62,3284.85,4.4,58.11,80.74,1739.9,26.1,198.91,3071.6,0,NORMAL
PALA-02,81.03,3119.0,5.75,54.9,79.82,1763.3,26.11,239.32,210.8,0,NORMAL
CARG-01,83.21,3473.69,0.99,48.51,79.77,1666.0,26.36,201.9,1626.3,0,NORMAL
PALA-01,83.23,2917.47,4.77,45.77,89.97,1691.4,25.89,200.1,240.6,0,NORMAL
PALA-03,76.58,3209.21,2.45,53.85,83.43,1733.7,27.08,124.95,1541.5,0,NORMAL
PALA-01,91.25,3400.52,7.35,52.65,74.64,1365.1,27.35,136.36,3513.7,1,FALLA_DESGASTE_RODAMIENTOS
PALA-01,79.88,3335.82,3.79,44.18,78.83,1786.4,27.43,161.95,2657.1,0,NORMAL
PALA-03,84.95,3074.53,2.66,62.15,79.4,1605.6,26.23,249.88,1105.5,0,NORMAL
PALA-03,85.46,3104.52,2.2,54.54,78.12,1685.3,26.22,162.67,2748.3,0,NORMAL
CARG-02,81.37,3068.78,2.17,61.2,81.26,1638.7,24.81,210.1,250.4,0,NORMAL
PALA-03,84.73,3357.86,4.14,42.84,78.7,1809.8,25.87,145.34,838.8,0,NORMAL
CARG-02,83.11,3116.81,2.56,61.29,78.95,1843.0,25.65,159.17,2136.7,0,NORMAL
PALA-01,75.62,3295.92,2.79,51.57,81.61,1706.5,25.51,159.26,76.2,0,NORMAL
PALA-01,80.5,3297.57,3.19,60.3,74.84,1708.1,26.01,142.74,2261.3,0,NORMAL
PALA-01,79.24,3676.31,1.28,55.07,72.4,1715.3,26.15,184.05,2530.3,0,NORMAL
PALA-01,79.92,3306.39,2.94,56.27,85.97,1718.1,26.38,114.71,2955.5,0,NORMAL
PALA-03,76.13,3103.99,2.46,56.27,84.35,1840.1,27.49,96.03,2682.6,0,NORMAL
PALA-03,87.07,2987.17,3.83,51.87,82.48,2081.2,27.33,150.82,3272.9,0,NORMAL
PALA-01,89.21,3200.35,2.89,50.77,82.22,1699.4,25.5,179.27,1880.1,0,NORMAL
CARG-02,86.4,3228.56,0.92,52.19,80.24,1788.2,26.74,133.4,2612.9,0,NORMAL
CARG-01,87.72,2852.07,1.45,46.64,93.06,1618.4,25.76,241.41,2850.0,0,NORMAL
PALA-02,80.45,3121.51,3.03,51.6,81.77,1629.4,26.52,159.92,2239.1,0,NORMAL
PALA-01,79.14,3303.52,1.92,50.52,91.43,1597.6,27.45,162.7,3259.8,0,NORMAL
PALA-01,78.5,3154.18,1.51,46.52,89.25,1880.7,26.01,124.93,1682.4,0,NORMAL
PALA-01,84.9,3424.35,1.22,56.29,82.85,1804.4,25.61,182.01,826.8,0,NORMAL
PALA-01,83.02,2969.5,1.76,54.04,80.16,1673.8,26.44,195.89,964.0,0,NORMAL
PALA-03,81.65,3371.84,2.09,55.23,81.06,1745.6,27.46,166.95,1287.9,0,NORMAL
PALA-01,87.83,3414.5,1.85,57.49,79.4,1811.7,28.0,170.98,2591.2,0,NORMAL
PALA-02,83.82,3422.17,2.63,52.81,82.84,1863.5,25.91,168.51,1970.3,0,NORMAL
CARG-02,78.23,2968.15,1.04,49.31,83.7,1769.0,26.51,128.41,3274.6,0,NORMAL
PALA-03,78.94,3306.62,1.85,55.52,76.1,1731.0,26.62,210.45,3149.8,0,NORMAL
CARG-02,85.07,3129.62,2.18,39.39,91.46,1878.3,25.26,149.09,1628.3,0,NORMAL
PALA-01,86.69,2996.89,2.65,53.46,77.88,1587.6,25.22,220.45,1415.9,0,NORMAL
PALA-02,84.48,3175.5,2.09,57.83,70.25,1489.4,26.66,117.77,3398.1,0,NORMAL
PALA-03,90.54,3087.1,1.75,59.23,80.67,1870.7,26.1,191.74,1710.6,0,NORMAL
PALA-01,89.36,3415.74,1.31,51.35,76.41,1666.1,25.28,166.52,3469.7,0,NORMAL
PALA-01,83.98,3342.35,2.49,42.79,80.79,1880.4,26.95,163.22,866.6,0,NORMAL
PALA-03,78.23,3042.56,2.07,40.83,81.28,1950.3,26.45,139.31,3122.3,0,NORMAL
PALA-03,76.11,3119.64,1.83,57.19,82.78,1942.5,26.41,183.45,979.4,0,NORMAL
PALA-02,80.26,3181.47,1.89,52.23,85.02,1358.5,25.52,178.76,2268.4,0,NORMAL
PALA-02,85.39,3236.97,1.14,64.09,76.97,1816.1,25.03,222.53,3497.0,0,NORMAL
PALA-02,90.22,3431.15,2.06,46.94,79.55,1658.9,25.92,183.43,2028.0,0,NORMAL
PALA-01,83.88,3374.34,1.39,55.71,83.71,1641.7,26.44,145.71,2907.0,0,NORMAL
PALA-02,87.26,3259.25,1.89,62.31,78.37,1764.6,25.83,144.93,908.3,0,NORMAL
PALA-01,80.9,3203.08,2.18,55.03,73.49,1644.8,25.52,171.34,1997.2,0,NORMAL
PALA-01,84.8,2930.8,1.54,46.04,83.48,1809.9,26.1,212.0,1660.0,0,NORMAL
CARG-02,85.71,3482.56,0.66,67.86,78.74,1878.6,26.43,173.56,1340.8,0,NORMAL
PALA-03,73.09,3169.52,3.92,61.9,78.47,1695.8,27.53,195.8,262.1,0,NORMAL
CARG-01,80.14,3529.87,1.21,52.86,81.48,1763.1,26.52,170.36,2612.7,0,NORMAL
PALA-02,86.27,3285.3,2.11,58.09,81.02,1665.0,25.23,94.27,3419.8,0,NORMAL
PALA-02,83.24,3614.55,2.42,58.15,84.99,1776.2,24.78,175.91,2198.9,0,NORMAL
PALA-01,76.62,3359.14,2.94,57.21,76.0,1890.1,24.44,153.26,314.4,0,NORMAL
PALA-01,71.06,2992.24,0.68,47.09,90.05,1769.2,26.67,203.01,2346.3,0,NORMAL
PALA-01,80.35,3139.41,1.71,55.62,75.34,1705.7,25.56,217.82,3494.5,0,NORMAL
CARG-01,81.68,3219.56,3.59,61.3,79.45,1877.3,26.8,223.12,2640.7,0,NORMAL
PALA-03,78.02,3092.72,4.59,56.52,77.53,1671.2,27.34,153.98,1510.4,0,NORMAL
PALA-03,82.64,3182.13,1.58,55.99,81.22,1674.1,26.87,143.47,3426.2,0,NORMAL
PALA-02,84.28,3003.95,2.33,51.32,81.08,1640.3,26.22,148.81,3192.5,0,NORMAL
CARG-02,85.02,3251.03,1.36,49.48,81.67,1531.8,27.88,155.92,2730.5,0,NORMAL
PALA-01,71.4,3292.73,2.08,46.14,82.05,1616.8,26.03,165.79,3262.2,0,NORMAL
PALA-02,76.09,3069.26,3.09,57.79,86.23,1726.6,25.68,127.75,2716.0,0,NORMAL
PALA-02,80.63,3599.25,1.36,52.9,81.63,1747.5,26.67,160.74,3420.6,0,NORMAL
CARG-01,84.57,3261.43,2.22,47.29,86.55,1603.9,27.02,88.85,2666.3,0,NORMAL
CARG-02,84.2,3102.99,2.83,58.88,74.0,1658.8,24.33,235.3,561.6,0,NORMAL
PALA-01,84.12,2956.68,2.48,51.07,72.26,1492.9,27.29,151.94,392.6,0,NORMAL
CARG-02,80.27,3260.79,0.86,49.71,81.51,1982.5,25.1,145.1,899.4,0,NORMAL
CARG-01,80.53,3203.11,2.42,51.52,82.31,1896.0,24.76,179.08,524.3,0,NORMAL
PALA-01,78.72,3390.95,10.27,53.03,78.86,1634.1,26.12,189.35,3630.8,1,FALLA_DESGASTE_RODAMIENTOS
PALA-02,85.46,3224.19,0.59,56.29,80.96,1736.5,25.55,88.97,2329.6,0,NORMAL
PALA-02,77.86,3035.13,1.07,49.62,85.3,1614.4,26.73,135.98,481.2,0,NORMAL
CARG-02,85.83,3550.73,1.25,59.05,83.68,1842.9,26.69,209.76,74.3,0,NORMAL
PALA-01,82.94,3328.41,1.11,56.42,79.68,1797.2,26.65,190.6,2455.2,0,NORMAL
CARG-01,81.8,3204.26,2.06,51.43,81.79,1562.3,27.38,119.01,223.0,0,NORMAL
PALA-02,79.04,3279.63,4.72,53.2,84.04,1603.1,26.15,201.53,2538.5,0,NORMAL
CARG-01,75.9,3335.33,1.82,51.89,76.08,1711.6,26.69,186.5,293.3,0,NORMAL
PALA-02,79.09,2992.81,2.33,54.33,77.78,1886.1,25.06,131.69,3373.7,0,NORMAL
PALA-03,80.51,3278.38,3.11,61.6,84.69,1674.5,27.17,159.83,911.0,0,NORMAL
CARG-01,71.34,3168.98,4.28,51.84,74.08,1876.9,26.0,100.47,282.9,0,NORMAL
CARG-01,81.11,3341.31,2.05,54.95,76.64,1757.3,26.17,188.39,2196.0,0,NORMAL
CARG-02,86.16,3116.77,1.1,50.51,76.15,1620.1,26.13,213.93,2543.1,0,NORMAL
PALA-01,84.55,3141.15,3.85,56.66,84.67,1669.8,26.32,148.09,3238.3,0,NORMAL
PALA-03,79.77,3549.32,1.6,55.38,76.66,1795.9,26.1,159.8,2898.8,0,NORMAL
PALA-01,82.21,3471.56,3.63,60.65,84.17,1820.9,24.67,174.79,1021.5,0,NORMAL
PALA-02,79.5,2656.8,2.82,49.85,79.59,1831.8,27.39,152.06,740.3,0,NORMAL
PALA-03,82.67,3458.22,3.03,57.45,88.11,1745.7,25.88,87.66,1104.0,0,NORMAL
PALA-02,88.93,3236.74,3.36,60.32,81.51,1773.5,26.1,197.73,883.2,0,NORMAL
PALA-03,86.36,3122.53,2.55,51.81,85.27,1990.8,26.25,202.21,2534.1,0,NORMAL
CARG-02,84.34,3068.71,1.59,53.37,82.84,2008.8,26.82,184.0,2460.5,0,NORMAL
PALA-01,79.78,3079.16,3.02,54.95,79.2,1725.7,26.01,208.89,1981.8,0,NORMAL
PALA-03,85.37,3127.61,1.09,52.82,80.95,1507.8,27.25,155.39,291.6,0,NORMAL
PALA-02,74.41,3047.12,3.44,54.89,81.03,1735.5,27.9,175.51,3339.1,0,NORMAL
PALA-01,80.86,3006.17,4.9,57.37,79.15,1733.9,27.71,135.48,1256.9,0,NORMAL
PALA-01,84.63,3062.73,1.09,53.43,84.55,1568.5,26.6,129.37,2860.0,0,NORMAL
CARG-02,85.33,3308.21,0.69,53.39,91.04,1735.0,25.94,114.42,2800.4,0,NORMAL
CARG-02,85.01,3259.02,2.92,55.33,81.46,1594.6,25.92,172.06,1073.9,0,NORMAL
CARG-02,83.33,3350.05,2.18,52.0,83.87,1765.2,26.1,163.08,906.5,0,NORMAL
CARG-02,81.12,3238.05,0.82,52.25,83.12,1791.4,25.72,198.45,1896.4,0,NORMAL
PALA-01,84.42,3014.8,0.86,49.51,70.56,1783.2,26.73,99.07,1284.3,0,NORMAL
PALA-02,77.71,3339.0,2.65,53.79,82.97,1838.7,26.22,169.23,3223.6,0,NORMAL
PALA-03,78.2,3069.16,2.38,56.24,82.77,1776.3,26.39,220.42,3198.5,0,NORMAL
PALA-02,82.28,3366.39,0.89,52.65,76.01,1814.6,26.15,164.13,2712.5,0,NORMAL
PALA-02,82.78,3040.13,3.82,50.13,73.85,1875.0,26.76,191.53,122.6,0,NORMAL
PALA-02,73.78,3126.25,2.89,53.52,82.71,1667.0,26.6,242.03,2967.9,0,NORMAL
PALA-03,84.05,3184.95,1.85,55.99,87.58,1702.7,26.12,207.77,2312.7,0,NORMAL
PALA-03,85.48,3371.39,1.57,54.64,79.52,1677.4,26.28,110.11,1858.2,0,NORMAL
PALA-01,81.65,3281.68,1.64,65.15,79.67,1630.6,26.28,149.08,1396.8,0,NORMAL
PALA-02,92.69,3253.6,1.25,50.72,90.23,1684.2,26.94,172.6,2176.8,0,NORMAL
PALA-03,78.93,3589.42,5.27,53.25,84.58,1820.2,25.78,157.74,933.6,0,NORMAL
PALA-03,80.38,2919.34,1.75,57.9,76.14,1807.3,26.03,205.96,2036.8,0,NORMAL
PALA-01,80.22,3063.09,2.54,50.53,78.15,1516.7,24.88,159.31,2295.8,0,NORMAL
CARG-01,81.66,3055.39,1.04,63.64,89.72,1925.9,25.54,157.54,2384.0,0,NORMAL
PALA-01,80.52,2931.28,1.69,54.02,78.35,1821.6,26.21,197.96,1501.9,0,NORMAL
PALA-02,75.67,3120.49,2.2,56.81,78.87,1747.3,26.05,110.7,291.2,0,NORMAL
CARG-01,79.54,3373.8,2.13,54.1,83.68,1554.3,24.83,177.1,1492.8,0,NORMAL
PALA-03,81.56,3143.5,0.37,59.09,79.95,1577.8,26.82,137.89,3159.9,0,NORMAL
PALA-02,87.53,3190.06,1.76,48.69,82.77,1900.4,25.7,187.15,1902.8,0,NORMAL
PALA-03,91.91,2939.94,3.29,61.86,82.15,1840.5,25.1,147.2,184.9,0,NORMAL
PALA-03,88.01,3106.63,0.87,55.16,80.42,1855.4,26.69,177.95,1340.1,0,NORMAL
CARG-01,78.51,3166.89,5.65,57.29,85.84,1704.1,27.07,140.88,2174.4,0,NORMAL
CARG-01,78.87,3365.63,2.24,50.31,75.9,1876.8,24.45,90.71,1016.7,0,NORMAL
PALA-03,81.28,2948.52,2.45,55.69,81.47,1555.6,26.95,172.63,697.6,0,NORMAL
PALA-02,90.03,3168.1,0.85,49.16,78.68,1572.0,26.23,114.54,2044.0,0,NORMAL
PALA-01,81.26,3445.63,2.25,59.88,87.57,1841.0,26.2,212.38,2146.0,0,NORMAL
PALA-02,76.03,3169.89,2.17,47.55,80.3,1609.9,25.5,179.73,1633.8,0,NORMAL
PALA-02,79.74,2869.2,0.88,54.77,88.69,1715.2,26.28,185.39,369.1,0,NORMAL
PALA-03,85.41,3480.25,3.52,52.06,79.31,1507.0,26.33,150.1,2598.4,0,NORMAL
PALA-03,85.1,3382.28,1.27,46.19,81.44,1378.7,28.2,159.33,2657.5,0,NORMAL
PALA-02,81.1,3406.49,1.86,49.32,85.35,1597.4,26.82,77.19,1398.7,0,NORMAL
PALA-01,85.08,2936.12,3.61,56.25,77.18,1674.5,26.4,173.75,80.6,0,NORMAL
PALA-02,71.77,3522.24,0.98,49.52,87.04,1609.0,27.35,120.04,2249.3,0,NORMAL
PALA-02,82.47,3110.81,1.24,50.65,81.1,1794.5,27.11,171.06,3424.2,0,NORMAL
CARG-01,85.87,3158.3,1.98,55.87,82.65,1841.3,25.24,121.64,1729.7,0,NORMAL
PALA-01,78.25,3123.5,2.1,58.57,83.18,1793.2,26.93,181.53,2422.4,0,NORMAL
PALA-03,78.24,3420.45,2.63,57.3,80.7,1581.2,26.48,166.37,1869.4,0,NORMAL
CARG-02,73.6,3217.64,4.88,53.77,77.76,1783.0,25.84,113.98,869.7,0,NORMAL
PALA-01,89.15,3336.71,3.82,55.09,81.38,1572.6,25.57,207.29,1224.1,0,NORMAL
PALA-02,78.76,3263.66,2.9,54.59,72.95,1943.6,26.28,153.13,3363.9,0,NORMAL
PALA-01,83.08,3232.89,2.55,48.82,75.76,1725.9,26.39,129.14,2103.5,0,NORMAL
PALA-03,84.72,3079.58,1.55,55.4,80.44,1617.3,27.32,196.26,698.3,0,NORMAL
PALA-03,88.8,3576.19,0.62,48.77,87.19,1726.3,24.6,140.75,221.8,0,NORMAL
PALA-02,81.31,2986.59,7.16,57.07,87.07,1740.2,25.39,154.06,233.8,0,NORMAL
PALA-03,79.57,3324.21,1.52,54.68,84.92,1804.9,26.56,213.57,1777.1,0,NORMAL
CARG-02,82.78,3317.8,1.54,43.18,74.84,1493.4,26.29,173.92,412.3,0,NORMAL
PALA-01,87.78,3457.78,0.97,58.9,82.2,1636.5,26.49,181.63,2922.6,0,NORMAL
PALA-01,81.23,3499.86,2.65,51.39,77.56,1777.8,26.03,156.07,1231.2,0,NORMAL
CARG-02,77.7,3225.27,1.6,50.98,80.73,1813.5,26.6,136.81,1374.9,0,NORMAL
PALA-03,75.07,3345.47,4.01,58.78,84.82,2112.5,25.13,148.44,1237.6,0,NORMAL
CARG-02,76.5,3567.68,4.17,53.18,83.63,1885.4,28.08,77.27,1895.8,0,NORMAL
PALA-03,85.89,3238.27,1.68,56.99,86.13,1637.4,26.73,183.51,3493.8,0,NORMAL
CARG-01,80.56,3058.04,3.68,50.73,75.36,1932.9,26.77,180.72,3143.4,0,NORMAL
PALA-02,79.27,3180.8,1.97,58.02,76.91,1789.6,25.55,107.96,849.7,0,NORMAL
CARG-01,78.78,3015.16,1.22,54.99,87.03,1884.0,25.93,173.26,3146.4,0,NORMAL
CARG-02,82.38,4335.09,1.19,56.02,87.09,1776.0,26.81,249.98,2058.9,1,FALLA_SOBRECARGA
PALA-03,80.92,3441.6,2.54,53.11,80.94,1892.4,26.12,234.74,2572.8,0,NORMAL
PALA-01,80.77,3228.21,1.57,62.15,80.91,1849.9,26.61,139.99,1846.1,0,NORMAL
PALA-02,88.07,2958.23,2.42,63.35,85.69,1786.3,25.78,141.98,2330.2,0,NORMAL
PALA-01,88.92,3433.9,2.67,42.98,83.13,1667.4,25.33,186.08,1401.6,0,NORMAL
PALA-01,74.75,2930.27,1.85,58.63,83.43,1667.0,27.29,176.33,1023.2,0,NORMAL
PALA-02,83.47,2971.73,1.53,48.6,77.3,1606.0,25.68,106.43,1786.5,0,NORMAL
PALA-03,78.5,3217.9,10.15,56.55,85.6,1711.1,27.13,161.63,3300.2,1,FALLA_DESGASTE_RODAMIENTOS
PALA-03,80.88,3295.32,3.57,45.11,80.2,1852.9,25.73,174.95,1414.1,0,NORMAL
PALA-02,83.39,3326.0,1.05,56.02,75.43,1789.7,26.27,130.75,2771.9,0,NORMAL
PALA-03,81.04,3238.09,1.05,49.82,77.87,1627.0,26.09,187.63,2524.8,0,NORMAL
PALA-01,83.04,3566.81,1.5,51.71,78.61,1836.2,26.23,115.42,1040.5,0,NORMAL
PALA-01,85.03,3261.73,3.63,51.84,86.91,1578.9,27.01,181.03,730.8,0,NORMAL
PALA-01,83.33,3436.24,3.71,50.33,78.21,1759.9,27.71,107.71,66.5,0,NORMAL
PALA-03,79.09,3391.65,2.61,50.46,82.54,1887.4,26.25,145.15,3430.0,0,NORMAL
PALA-01,79.17,3017.28,3.36,52.01,72.56,1578.9,26.5,102.98,1263.6,0,NORMAL
PALA-02,75.52,3219.45,1.44,53.23,84.75,1740.5,26.18,188.04,2162.4,0,NORMAL
PALA-02,78.16,3632.2,1.06,55.62,77.83,1636.2,26.47,203.76,2629.3,0,NORMAL
CARG-01,90.83,3159.22,2.23,63.3,82.56,1915.4,25.83,219.71,760.3,0,NORMAL
PALA-01,78.44,3128.57,2.75,49.27,82.56,1990.0,25.57,145.53,2352.6,0,NORMAL
PALA-03,76.63,3280.7,4.01,54.63,83.53,1786.6,26.66,132.95,444.2,0,NORMAL
PALA-03,83.44,3165.67,0.89,57.86,82.33,1825.4,26.58,195.49,383.9,0,NORMAL
CARG-01,81.5,3107.13,1.94,50.46,88.66,1884.0,27.31,162.13,1095.4,0,NORMAL
CARG-02,81.12,3163.01,10.47,42.71,81.83,1811.8,26.44,137.62,4191.8,1,FALLA_DESGASTE_RODAMIENTOS
PALA-01,88.34,3507.76,0.48,44.45,89.99,1621.2,26.36,137.21,670.5,0,NORMAL
PALA-01,84.47,3225.41,2.04,42.9,83.55,1666.6,26.81,161.02,1662.6,0,NORMAL
CARG-02,79.62,3010.95,2.58,61.7,82.1,1665.8,27.19,202.75,2180.5,0,NORMAL
PALA-02,80.09,2977.89,1.71,57.07,84.57,1512.1,26.27,123.07,3246.6,0,NORMAL
PALA-03,79.74,3647.22,1.82,57.78,81.79,1837.3,24.34,206.12,2472.1,0,NORMAL
PALA-03,85.94,3209.8,1.81,58.91,82.8,1569.8,25.56,153.69,1853.5,0,NORMAL
PALA-03,80.61,3328.22,0.87,51.12,82.39,1819.4,27.26,202.58,1910.9,0,NORMAL
CARG-02,73.93,3111.15,1.77,65.52,81.99,1632.8,27.76,152.76,2031.8,0,NORMAL
CARG-02,81.78,3307.78,0.66,55.68,89.47,1693.3,27.47,189.33,1043.1,0,NORMAL
CARG-01,75.08,3512.68,2.71,53.64,90.09,1787.0,26.05,130.94,2620.2,0,NORMAL
PALA-02,91.83,3132.59,1.28,59.55,82.31,1903.3,26.14,174.82,2304.7,0,NORMAL
CARG-02,77.65,3332.55,3.64,57.34,86.04,1824.3,26.99,182.82,1735.6,0,NORMAL
PALA-01,81.27,2996.97,0.39,60.68,85.8,1705.9,26.88,94.92,787.5,0,NORMAL
PALA-01,83.16,3614.12,3.6,60.97,85.37,1715.9,24.41,217.28,2982.9,0,NORMAL
CARG-02,80.7,3298.34,1.22,52.23,83.18,1578.8,26.43,109.15,732.8,0,NORMAL
PALA-02,80.69,3175.7,4.21,54.94,83.65,1796.4,26.36,197.92,731.2,0,NORMAL
PALA-01,83.9,3196.38,2.68,49.45,83.28,1710.2,25.48,142.71,555.3,0,NORMAL
PALA-01,88.87,3158.19,3.96,45.86,78.13,1608.4,25.92,186.9,3487.5,0,NORMAL
CARG-02,85.45,3167.4,1.91,58.18,80.74,1813.4,26.61,174.88,894.5,0,NORMAL
PALA-03,88.65,2809.45,3.13,58.79,76.21,1890.3,26.23,147.89,2986.7,0,NORMAL
PALA-03,77.29,3232.37,2.14,44.09,83.31,1698.6,27.15,129.0,169.8,0,NORMAL
PALA-01,83.43,3224.82,0.85,50.41,82.72,1652.5,27.81,151.41,2490.5,0,NORMAL
CARG-01,82.7,3337.96,1.19,54.28,83.8,1650.6,27.16,143.18,154.6,0,NORMAL
CARG-01,83.58,3155.83,4.1,54.76,77.9,1768.2,26.76,172.89,2203.5,0,NORMAL
PALA-02,88.19,3111.21,1.83,64.23,84.86,1576.9,26.28,163.0,968.5,0,NORMAL
PALA-02,81.01,3248.6,2.01,50.87,82.89,1729.1,27.04,132.15,287.3,0,NORMAL
PALA-01,80.18,2959.77,1.64,53.14,89.93,1671.3,25.9,117.04,996.5,0,NORMAL
CARG-02,84.4,3275.82,1.33,57.25,84.22,1780.7,25.96,145.53,479.6,0,NORMAL
PALA-03,74.0,2914.87,1.51,52.25,78.61,1789.8,25.41,157.16,809.1,0,NORMAL
CARG-02,80.93,3451.75,9.62,51.48,75.6,1585.3,25.16,133.64,2928.9,1,FALLA_DESGASTE_RODAMIENTOS
PALA-02,81.4,3373.17,1.63,51.06,81.87,1800.1,27.42,173.29,2924.1,0,NORMAL
CARG-01,77.86,4190.56,3.6,55.16,76.88,1774.9,26.62,289.34,1562.1,1,FALLA_SOBRECARGA
CARG-01,86.76,3369.0,1.56,53.12,78.06,1697.1,26.83,194.41,1489.1,0,NORMAL
PALA-03,77.22,3270.07,3.84,57.41,77.14,1668.3,26.3,173.1,1643.7,0,NORMAL
CARG-02,81.39,3068.38,1.48,55.79,78.68,1669.0,27.91,180.88,1675.1,0,NORMAL
PALA-02,83.32,2885.88,1.89,39.42,86.82,1699.5,27.81,140.0,860.4,0,NORMAL
PALA-01,88.09,3306.96,1.35,45.24,77.13,1608.2,26.39,204.91,3462.3,0,NORMAL
PALA-03,81.95,3107.03,1.93,51.5,79.3,1637.9,26.38,168.97,2355.6,0,NORMAL
CARG-01,86.21,3447.09,1.79,58.9,75.28,1744.5,26.22,206.1,2719.3,0,NORMAL
PALA-03,85.15,3252.53,2.93,50.74,74.17,1651.4,25.51,190.64,1576.0,0,NORMAL
PALA-01,82.56,3124.08,1.84,55.87,79.88,1825.4,26.07,152.84,2674.9,0,NORMAL
PALA-03,77.1,3573.61,4.12,56.99,81.83,1704.2,26.15,138.81,2407.7,0,NORMAL
PALA-02,75.54,3353.76,1.33,56.7,76.4,1663.0,24.63,163.58,2903.5,0,NORMAL
PALA-02,82.48,2592.08,2.41,51.26,74.92,1759.8,24.58,149.98,202.5,0,NORMAL
PALA-03,79.56,3162.45,2.65,48.26,73.51,1671.3,26.35,135.34,205.8,0,NORMAL
CARG-01,86.14,3000.86,3.39,47.44,81.58,1626.4,27.07,122.95,2013.7,0,NORMAL
PALA-01,85.36,3106.04,1.3,68.85,84.74,1679.4,25.78,227.36,1357.0,0,NORMAL
PALA-02,81.17,3223.95,9.1,56.28,75.29,1474.9,27.8,112.6,3970.3,1,FALLA_DESGASTE_RODAMIENTOS
PALA-02,76.79,3313.73,5.1,63.2,78.41,1483.5,26.18,92.63,621.9,0,NORMAL
PALA-01,84.3,3297.05,3.03,49.83,85.33,1609.6,25.72,173.5,914.5,0,NORMAL
CARG-01,77.42,3444.02,1.18,60.24,80.15,1576.8,25.26,134.73,1500.9,0,NORMAL
CARG-02,78.59,3364.59,1.67,51.62,80.6,1798.0,26.48,149.57,3133.6,0,NORMAL
PALA-02,77.59,3353.45,2.09,53.86,82.52,1871.2,24.79,112.05,507.8,0,NORMAL
CARG-01,81.38,3286.27,1.45,52.57,79.23,1759.0,25.8,174.25,2727.1,0,NORMAL
CARG-02,87.27,3481.62,3.65,49.6,77.89,1492.4,26.44,169.91,3460.6,0,NORMAL
CARG-01,81.98,3193.07,0.9,49.68,82.23,1550.8,25.28,193.28,2637.9,0,NORMAL
PALA-01,80.01,3197.75,1.26,53.8,75.47,1762.0,25.98,179.31,1948.4,0,NORMAL
CARG-02,75.13,2907.0,1.52,51.06,74.55,1699.4,26.42,149.87,1976.2,0,NORMAL
PALA-02,84.48,3440.11,3.08,54.63,78.23,1497.2,25.43,103.59,616.6,0,NORMAL
PALA-02,78.49,3236.15,2.05,49.81,83.85,1617.1,26.92,132.09,1564.9,0,NORMAL
PALA-01,82.53,3778.05,2.85,57.54,85.65,1591.0,27.15,130.25,1879.3,0,NORMAL
PALA-02,80.41,3177.0,2.04,51.7,79.1,1894.8,25.59,121.41,1769.4,0,NORMAL
PALA-01,85.77,3265.94,2.28,62.18,84.32,1804.6,26.24,205.32,435.0,0,NORMAL
PALA-01,81.29,3348.37,1.57,53.75,86.53,1685.5,26.3,208.67,573.5,0,NORMAL
PALA-02,81.73,3051.66,2.54,53.49,81.15,1747.4,26.68,142.05,919.0,0,NORMAL
CARG-01,84.19,3314.54,3.03,62.02,83.55,1737.5,26.16,188.32,1849.3,0,NORMAL
CARG-02,91.48,3256.24,1.17,51.52,88.47,1729.5,25.82,169.07,604.2,0,NORMAL
PALA-02,86.0,3195.34,1.62,51.97,78.18,1939.2,25.55,139.58,1011.9,0,NORMAL
CARG-02,81.6,3461.07,2.3,50.5,80.03,1889.1,27.07,163.33,1230.0,0,NORMAL
CARG-02,82.01,3087.33,2.49,55.02,87.4,1903.0,25.94,91.29,2359.4,0,NORMAL
CARG-01,79.64,3299.48,1.12,50.32,77.24,1759.7,25.78,104.98,1200.0,0,NORMAL
PALA-01,77.73,3511.84,3.98,57.88,81.62,1679.5,27.24,174.8,2456.8,0,NORMAL
PALA-03,79.51,3122.81,1.89,53.77,78.49,1571.1,26.52,192.98,571.0,0,NORMAL
CARG-02,78.53,3196.56,1.68,58.19,86.45,1600.6,25.58,191.68,1028.6,0,NORMAL
PALA-03,84.94,3672.15,5.44,57.63,76.26,1841.7,26.24,123.14,1509.7,0,NORMAL
PALA-02,77.18,3335.39,2.48,51.44,80.73,1567.1,25.62,190.87,966.2,0,NORMAL
PALA-03,88.0,3158.88,2.71,50.32,76.81,1698.5,25.46,183.17,684.7,0,NORMAL
PALA-03,85.38,3394.47,8.58,52.36,75.13,1553.8,25.96,176.04,2922.4,1,FALLA_DESGASTE_RODAMIENTOS
PALA-03,82.09,3147.74,1.95,54.04,73.41,1708.3,26.24,155.07,2314.6,0,NORMAL
PALA-01,82.0,2968.32,2.58,55.67,80.34,1592.6,25.91,141.67,123.0,0,NORMAL
PALA-02,79.49,3497.03,1.0,56.23,82.93,1799.7,26.83,185.7,695.1,0,NORMAL
CARG-01,83.22,3051.45,2.05,53.84,81.07,1690.7,26.92,187.91,2327.4,0,NORMAL
CARG-02,86.9,3691.31,1.35,50.59,81.94,1622.9,25.83,152.71,1272.5,0,NORMAL
PALA-01,78.84,3161.92,1.4,51.07,79.26,1605.2,26.26,174.99,1807.3,0,NORMAL
CARG-02,75.1,3633.99,0.91,56.59,84.94,1736.1,26.02,176.23,2808.9,0,NORMAL
PALA-02,85.16,3003.64,1.38,50.75,83.91,1726.1,25.61,156.39,449.4,0,NORMAL
PALA-03,83.46,3434.59,1.43,56.8,81.5,1653.7,26.53,135.72,2262.0,0,NORMAL
CARG-01,76.96,3339.95,0.54,56.96,81.82,1681.8,24.9,162.46,1739.8,0,NORMAL
CARG-01,78.7,3400.79,3.86,61.67,79.14,1660.9,25.63,190.3,828.9,0,NORMAL
CARG-02,78.13,3424.24,2.81,51.6,88.78,1458.5,25.47,129.66,1161.7,0,NORMAL
PALA-02,78.74,3160.41,1.06,52.37,84.23,1715.3,25.68,200.54,147.7,0,NORMAL
CARG-02,80.54,3014.41,1.24,42.44,80.59,1533.3,25.53,134.25,3435.7,0,NORMAL
PALA-01,80.8,3240.83,1.06,49.28,80.31,1613.5,25.11,223.63,491.0,0,NORMAL
CARG-01,79.07,3290.15,1.58,49.22,79.44,1758.5,26.17,187.98,2625.0,0,NORMAL
CARG-01,78.59,3165.07,1.55,56.53,79.81,1691.2,26.1,144.55,1562.1,0,NORMAL
PALA-03,80.97,3299.96,5.26,63.04,81.99,1903.4,26.39,112.63,1664.9,0,NORMAL
PALA-02,82.75,3309.33,1.58,56.9,74.17,1624.3,26.59,140.77,2092.5,0,NORMAL
CARG-02,80.58,3086.2,2.39,58.95,80.0,1670.7,26.72,149.31,3195.6,0,NORMAL
PALA-01,87.21,3321.09,1.25,50.44,80.48,1739.5,25.76,148.45,1984.2,0,NORMAL
PALA-01,84.29,3201.9,2.94,48.01,80.97,1715.5,26.45,136.48,2819.8,0,NORMAL
CARG-01,74.84,3124.0,1.56,52.79,81.7,1845.7,26.19,161.18,2954.6,0,NORMAL
PALA-02,84.36,3391.73,0.9,50.88,81.13,1796.8,26.31,156.85,2290.4,0,NORMAL
CARG-01,84.72,3110.14,1.41,49.69,82.62,1886.6,26.03,132.41,2253.1,0,NORMAL
PALA-02,80.04,3167.8,1.36,55.09,80.46,1526.1,25.76,197.0,3026.5,0,NORMAL
PALA-01,75.27,3262.97,2.52,48.07,84.95,1814.4,26.2,199.3,226.6,0,NORMAL
CARG-01,82.04,3497.38,1.98,58.13,83.63,1602.2,26.02,160.51,2247.4,0,NORMAL
PALA-03,81.97,3284.7,2.25,52.0,89.98,1773.4,26.64,193.14,1848.3,0,NORMAL
PALA-01,76.95,3345.09,3.15,53.77,83.81,1690.7,27.16,182.45,967.2,0,NORMAL
CARG-01,75.47,3196.42,0.73,54.5,78.02,1637.4,25.65,138.94,2746.7,0,NORMAL
PALA-03,81.61,3235.87,1.74,51.67,80.37,1860.9,25.97,175.18,1074.9,0,NORMAL
PALA-03,80.95,3241.2,1.52,60.33,78.97,1518.7,28.25,129.17,2738.4,0,NORMAL
PALA-02,80.12,3302.8,2.51,45.97,81.03,1937.5,24.94,127.12,3198.1,0,NORMAL
CARG-01,81.62,3196.73,2.39,60.42,85.39,1795.7,25.11,181.32,2024.1,0,NORMAL
CARG-01,77.04,3491.2,0.68,52.26,79.7,1740.3,27.24,177.96,2822.7,0,NORMAL
CARG-01,80.04,3182.83,2.41,58.6,78.73,1702.2,27.93,175.77,949.3,0,NORMAL
PALA-01,84.4,2942.7,1.34,55.01,83.07,1675.5,27.56,164.96,589.7,0,NORMAL
CARG-01,80.43,3743.7,3.54,58.25,77.74,1776.2,26.65,100.04,2007.3,0,NORMAL
PALA-03,74.48,3191.07,1.83,53.41,77.5,1552.7,26.06,107.57,1520.0,0,NORMAL
PALA-03,79.87,3486.37,1.31,55.19,82.53,1351.2,26.18,173.11,1513.3,0,NORMAL
PALA-02,77.18,3502.86,3.56,59.49,73.83,1730.3,26.72,185.74,489.9,0,NORMAL
CARG-02,83.2,3420.14,1.23,54.48,79.07,1630.5,27.15,135.11,3283.3,0,NORMAL
CARG-01,83.43,3214.36,3.11,60.65,84.42,1610.1,26.83,219.36,423.0,0,NORMAL
PALA-01,74.54,3301.6,2.55,55.76,73.67,1530.9,24.79,137.62,1055.5,0,NORMAL
PALA-02,85.42,3020.59,3.63,50.34,73.96,1864.5,25.46,201.52,1679.5,0,NORMAL
CARG-02,77.0,3608.23,2.59,52.23,75.26,1938.5,26.62,101.9,2613.6,0,NORMAL
PALA-01,89.02,3096.67,3.27,58.44,70.08,1713.8,25.29,130.79,2216.5,0,NORMAL
CARG-02,81.78,3204.3,2.14,47.8,88.59,1701.3,24.88,172.15,298.3,0,NORMAL
PALA-03,76.39,3267.82,4.11,57.96,81.48,1770.8,27.1,148.92,206.5,0,NORMAL
PALA-03,76.86,3230.66,1.89,52.17,78.32,1763.6,26.61,188.92,2020.1,0,NORMAL
PALA-02,83.57,3131.76,0.91,47.55,75.84,1657.6,27.64,169.22,91.9,0,NORMAL
PALA-01,80.24,3500.98,0.93,55.04,89.8,1865.6,27.18,210.5,1993.6,0,NORMAL
CARG-02,81.57,3421.05,0.71,50.5,83.62,1855.9,25.9,142.52,678.3,0,NORMAL
PALA-02,89.26,3307.97,4.66,51.14,80.49,1809.1,26.6,121.73,705.6,0,NORMAL
CARG-01,78.85,3178.08,1.98,50.87,85.88,1933.4,25.77,152.12,668.1,0,NORMAL
PALA-02,82.27,3441.57,0.66,54.57,82.56,1812.9,25.11,145.7,2722.4,0,NORMAL
PALA-01,88.39,3166.4,2.6,52.05,78.99,1641.3,27.36,136.53,1685.1,0,NORMAL
PALA-01,83.22,3532.67,1.61,55.95,78.57,1729.5,26.24,129.61,786.6,0,NORMAL
PALA-03,74.77,3270.02,3.63,59.06,78.64,1832.8,27.48,109.85,267.4,0,NORMAL
CARG-02,84.27,3471.36,2.75,56.71,76.94,1593.8,26.49,205.25,1582.2,0,NORMAL
PALA-02,76.77,2151.12,2.55,31.1,85.45,1687.3,26.62,108.03,1874.5,1,FALLA_PRESION_HIDRAULICA
PALA-02,88.33,3262.88,1.44,64.26,78.93,1530.0,26.86,157.06,2096.9,0,NORMAL
PALA-02,78.3,3470.58,4.81,52.55,86.41,1961.4,26.25,164.53,350.5,0,NORMAL
PALA-03,95.36,3644.91,2.22,48.24,77.69,1768.9,26.21,172.55,1341.3,0,NORMAL
PALA-02,88.6,4561.66,2.74,52.55,78.6,1791.6,26.59,352.82,1239.4,1,FALLA_SOBRECARGA
CARG-02,78.42,3407.88,1.28,54.59,79.19,1539.0,27.4,109.72,1187.0,0,NORMAL
PALA-03,82.09,3356.07,1.73,65.13,77.4,1853.4,26.8,132.27,3115.5,0,NORMAL
PALA-03,85.39,3158.75,0.84,52.13,78.65,1757.3,26.41,158.11,1301.0,0,NORMAL
PALA-01,85.53,3303.14,1.72,55.39,83.2,1504.2,26.07,159.74,2248.9,0,NORMAL
CARG-02,83.99,3085.65,2.46,50.59,85.81,1774.8,26.31,118.05,3093.9,0,NORMAL
PALA-01,87.63,3317.64,0.68,52.27,82.2,1602.7,25.71,181.97,66.4,0,NORMAL
PALA-01,81.45,3329.21,0.93,47.93,76.24,1726.8,25.61,128.42,2608.1,0,NORMAL
PALA-03,80.35,2897.05,1.26,46.69,78.6,1810.3,26.21,218.55,2295.0,0,NORMAL
PALA-03,80.44,3256.97,1.17,60.8,78.69,1743.4,26.4,92.56,3189.8,0,NORMAL
PALA-02,85.86,4048.43,1.05,59.33,87.8,1498.7,26.98,323.69,1618.3,1,FALLA_SOBRECARGA
PALA-02,83.64,3234.93,1.45,52.15,84.94,1751.7,25.5,164.92,3351.7,0,NORMAL
CARG-01,83.31,3314.45,2.39,59.32,85.86,1822.3,26.41,153.81,1654.8,0,NORMAL
PALA-01,85.58,3008.49,0.85,47.47,78.16,1696.0,26.74,181.62,275.8,0,NORMAL
CARG-01,72.77,3110.34,0.98,53.13,75.91,1781.9,25.61,134.55,2696.3,0,NORMAL
PALA-03,83.4,3436.29,2.22,54.87,83.29,1783.9,26.03,148.73,131.3,0,NORMAL
PALA-02,82.98,3250.1,3.26,60.33,79.16,1477.5,27.01,121.78,3383.7,0,NORMAL
PALA-02,89.51,3311.18,4.6,54.99,82.17,1870.0,26.35,206.73,51.9,0,NORMAL
PALA-02,75.12,3151.63,1.01,56.72,82.65,1652.8,24.79,141.02,2481.1,0,NORMAL
CARG-01,89.01,3253.51,1.21,51.65,79.42,1633.1,27.02,139.81,409.2,0,NORMAL
PALA-03,82.34,2835.64,1.15,55.32,85.02,1636.6,26.47,205.76,1786.7,0,NORMAL
PALA-02,84.2,3402.28,5.92,60.32,75.16,1867.7,25.12,100.21,468.7,0,NORMAL
PALA-03,89.54,3575.43,1.57,45.92,81.44,1896.8,25.7,217.89,2029.6,0,NORMAL
CARG-02,84.52,3058.3,5.4,59.68,83.71,1776.7,26.3,156.33,1976.8,0,NORMAL
PALA-02,83.8,4114.52,2.4,52.95,87.81,1662.3,26.65,324.72,285.5,1,FALLA_SOBRECARGA
CARG-02,83.09,3329.36,3.23,46.97,81.54,2069.1,27.22,178.14,555.4,0,NORMAL
PALA-02,79.82,3515.3,2.39,52.66,86.03,1717.8,25.68,91.75,2513.2,0,NORMAL
PALA-01,81.87,3249.62,1.78,60.45,85.77,1641.7,26.04,183.41,2347.3,0,NORMAL
PALA-01,78.78,3028.72,1.7,51.59,90.35,1843.0,27.11,122.55,1050.6,0,NORMAL
PALA-02,81.8,3212.45,0.59,55.5,82.29,1705.5,27.24,151.43,679.4,0,NORMAL
PALA-01,71.49,3064.61,2.78,45.93,89.21,1970.9,26.14,219.39,2382.2,0,NORMAL
PALA-01,83.93,3129.61,3.71,44.87,84.24,1618.4,25.97,140.33,1902.5,0,NORMAL
CARG-02,81.45,3195.27,8.11,48.62,74.86,1698.3,26.8,199.16,2871.8,1,FALLA_DESGASTE_RODAMIENTOS
CARG-01,80.49,3082.72,1.42,59.06,81.11,1903.9,24.74,126.25,3426.6,0,NORMAL
CARG-01,82.99,3109.98,1.05,53.75,77.33,1778.6,26.39,211.54,1354.9,0,NORMAL
PALA-01,75.55,3263.42,3.34,59.5,87.12,1684.4,26.38,155.86,2418.7,0,NORMAL
PALA-01,90.68,3288.71,0.89,59.79,81.67,1609.3,26.03,175.42,3098.9,0,NORMAL
PALA-01,81.54,2993.68,2.02,50.21,75.72,1583.7,26.78,156.65,3339.2,0,NORMAL
CARG-01,81.34,3321.35,3.99,61.84,84.53,1564.6,27.27,160.82,3141.6,0,NORMAL
CARG-02,77.66,3181.25,1.67,51.28,86.29,1836.6,25.62,112.56,2092.8,0,NORMAL
PALA-02,82.11,3379.65,10.69,59.0,79.39,1814.3,25.82,142.12,2823.6,1,FALLA_DESGASTE_RODAMIENTOS
PALA-01,88.24,3390.49,0.98,58.8,79.21,1782.5,26.93,134.65,3248.7,0,NORMAL
PALA-03,86.66,3151.98,1.92,54.33,81.81,1587.4,25.24,114.2,3421.0,0,NORMAL
PALA-02,85.84,3360.55,1.33,54.33,73.76,1685.1,25.97,162.72,71.7,0,NORMAL
PALA-02,84.46,3099.35,1.85,55.6,83.84,1759.1,28.13,209.09,3192.9,0,NORMAL
PALA-03,80.39,3488.28,5.15,54.58,87.77,1871.3,26.55,128.79,3108.3,0,NORMAL
CARG-01,75.47,1647.9,4.51,22.94,78.4,1763.3,26.17,218.58,1605.7,1,FALLA_PRESION_HIDRAULICA
PALA-01,81.1,3313.49,3.91,51.62,88.37,1735.8,25.02,155.12,2790.8,0,NORMAL
PALA-01,80.94,3216.23,1.99,52.09,84.98,1608.6,24.47,144.13,3326.7,0,NORMAL
CARG-02,86.72,3066.96,1.8,60.09,80.69,1828.2,27.25,150.57,1115.8,0,NORMAL
PALA-01,83.39,3412.16,1.11,46.06,83.54,1686.6,25.47,238.64,1672.8,0,NORMAL
PALA-01,89.26,3139.46,2.35,51.52,87.39,1550.8,26.44,173.09,532.1,0,NORMAL
PALA-01,87.39,2943.99,0.78,52.37,81.57,1613.9,27.42,173.16,1058.5,0,NORMAL
PALA-01,79.95,2731.24,1.93,52.86,82.57,1802.0,26.0,181.43,3100.2,0,NORMAL
PALA-02,73.92,3092.49,2.22,55.48,78.86,1805.9,26.03,113.86,669.5,0,NORMAL
CARG-01,88.24,3497.66,1.01,47.26,80.52,1398.3,26.96,198.6,3300.1,0,NORMAL
PALA-02,88.12,3476.39,2.54,59.13,83.8,1709.0,27.48,130.97,1977.6,0,NORMAL
PALA-02,75.85,3120.65,2.03,58.43,80.28,1564.9,27.08,126.75,2478.0,0,NORMAL
PALA-03,88.79,3182.6,1.82,57.37,78.99,1767.5,27.58,143.67,1405.5,0,NORMAL
PALA-03,83.72,3166.32,2.47,52.96,85.6,1790.6,24.55,151.55,857.9,0,NORMAL
CARG-02,82.72,3009.98,1.61,50.31,82.93,1591.1,26.74,160.06,1714.0,0,NORMAL
CARG-02,89.27,3079.21,1.66,52.37,79.08,1721.2,27.43,149.28,1102.9,0,NORMAL
PALA-01,88.05,3426.61,1.7,54.3,88.01,1820.3,26.76,140.73,1844.3,0,NORMAL
CARG-01,84.93,3340.7,1.6,57.33,89.45,1842.8,26.28,137.03,396.7,0,NORMAL
PALA-02,84.13,3299.16,0.41,53.59,85.06,1618.6,25.42,161.25,3215.4,0,NORMAL
CARG-02,84.77,3009.67,1.91,55.8,76.22,1849.5,25.81,98.22,995.7,0,NORMAL
PALA-02,80.2,3268.13,2.82,51.83,82.63,1751.0,27.6,160.9,2238.4,0,NORMAL
CARG-02,81.75,2835.31,1.66,55.43,83.35,1660.8,26.37,204.52,2285.0,0,NORMAL
CARG-01,77.94,3401.7,1.65,52.75,74.66,1709.1,25.9,170.8,913.4,0,NORMAL
PALA-01,80.5,3296.54,0.94,55.34,85.77,1816.0,25.16,185.92,3488.8,0,NORMAL
PALA-03,80.35,3007.86,1.07,45.17,81.84,1814.0,26.77,208.28,1718.6,0,NORMAL
CARG-02,79.14,3540.96,2.28,56.44,85.49,1828.9,25.76,181.9,2654.1,0,NORMAL
CARG-02,82.62,2926.69,1.56,56.7,79.78,1639.3,26.37,139.69,158.6,0,NORMAL
PALA-01,80.54,3345.46,2.72,56.64,82.94,1746.9,27.78,142.6,844.0,0,NORMAL
CARG-01,84.26,3349.93,2.0,49.06,83.13,1691.2,27.04,163.96,414.2,0,NORMAL
PALA-02,74.7,3026.86,2.52,50.45,81.75,1745.4,27.45,116.86,1249.8,0,NORMAL
PALA-01,102.57,3243.19,1.34,49.66,100.29,1659.2,26.51,248.42,2616.7,1,FALLA_TERMICA
PALA-02,112.98,2955.37,2.36,55.65,107.55,1910.5,26.97,160.18,536.4,1,FALLA_TERMICA
PALA-01,80.6,2737.65,0.89,57.29,76.27,1717.8,27.46,212.46,1476.1,0,NORMAL
CARG-01,81.22,3057.78,2.88,50.52,72.83,1703.3,25.74,154.24,726.3,0,NORMAL
PALA-02,74.87,3139.01,2.14,60.58,78.53,1773.3,26.37,162.47,832.5,0,NORMAL
CARG-01,83.6,3365.97,6.71,60.51,84.16,1853.1,25.85,158.42,218.4,0,NORMAL
PALA-01,84.91,3262.13,2.09,54.69,76.84,1725.4,25.91,204.66,1802.5,0,NORMAL
PALA-02,84.22,3266.84,1.88,55.85,85.24,1682.5,26.28,247.0,623.0,0,NORMAL
PALA-01,86.67,3067.4,1.96,45.6,86.56,1826.8,25.64,108.85,1113.4,0,NORMAL
PALA-01,82.91,3154.6,2.54,51.35,82.89,1929.0,26.1,151.48,1284.4,0,NORMAL
PALA-01,84.15,3082.61,1.52,47.74,80.34,1890.5,26.95,174.85,835.2,0,NORMAL
PALA-01,82.7,3029.5,2.26,49.45,85.1,1601.9,26.32,98.9,1699.5,0,NORMAL
PALA-03,85.09,3143.13,2.1,56.57,85.63,1812.7,25.78,137.99,354.9,0,NORMAL
PALA-02,74.9,3263.41,3.22,57.78,80.1,1711.6,27.03,174.82,2489.4,0,NORMAL
PALA-02,77.98,3146.93,1.71,57.99,81.34,1872.9,25.67,142.72,1056.2,0,NORMAL
PALA-02,89.14,3191.77,2.46,55.21,77.75,1940.0,20.26,160.83,1814.2,1,FALLA_ELECTRICA
CARG-02,70.93,3375.08,2.64,56.62,82.14,1435.2,27.36,177.51,446.1,0,NORMAL
CARG-02,105.36,3159.86,3.46,46.05,94.72,1721.6,27.08,141.74,139.7,1,FALLA_TERMICA
PALA-02,87.28,3009.89,1.38,47.55,79.83,1665.2,26.13,126.49,1256.1,0,NORMAL
PALA-02,81.58,3351.42,2.51,52.95,77.59,1634.7,27.92,125.47,2370.7,0,NORMAL
PALA-01,80.18,3297.85,1.85,56.99,80.65,1609.2,25.95,81.56,1600.9,0,NORMAL
CARG-02,82.58,3309.16,0.89,51.76,77.82,1666.4,26.95,178.89,2493.6,0,NORMAL
PALA-01,80.41,3362.65,2.05,47.2,73.35,1685.3,25.14,154.29,2306.9,0,NORMAL
PALA-02,82.14,3332.2,0.81,50.54,78.38,1677.9,25.59,202.36,2500.6,0,NORMAL
PALA-02,78.92,3255.17,3.18,49.33,79.1,1477.4,27.22,182.57,2993.6,0,NORMAL
PALA-02,86.99,3680.46,1.24,45.38,85.26,1735.4,27.54,162.7,979.7,0,NORMAL
PALA-01,88.4,3018.71,1.58,65.12,78.44,1846.6,26.28,172.52,75.3,0,NORMAL
CARG-01,81.4,3144.44,3.16,60.16,77.61,1653.1,28.22,99.41,221.4,0,NORMAL
PALA-01,75.76,3424.12,2.03,44.12,76.23,1523.0,27.45,172.59,803.3,0,NORMAL
PALA-03,79.64,3275.67,3.61,44.39,85.57,1731.4,25.84,152.73,430.2,0,NORMAL
PALA-01,81.17,3386.43,2.61,49.97,80.11,1847.3,26.1,134.84,1034.1,0,NORMAL
PALA-01,84.27,3280.56,2.83,46.55,82.09,1738.8,25.29,145.12,2128.8,0,NORMAL
CARG-02,110.89,3497.33,1.61,65.91,91.14,1632.7,26.05,183.23,2693.8,1,FALLA_TERMICA
PALA-01,78.54,3068.65,2.53,49.99,73.98,1594.1,26.59,140.08,589.3,0,NORMAL
CARG-01,84.3,3491.64,1.76,55.81,77.39,1804.7,26.43,151.54,2034.1,0,NORMAL
PALA-03,86.23,3460.78,2.35,51.47,87.49,1692.2,26.42,180.03,3143.7,0,NORMAL
PALA-01,79.2,3032.15,3.85,48.16,76.63,1657.7,27.2,151.06,2613.1,0,NORMAL
CARG-02,76.0,3363.52,2.7,59.24,78.5,1647.1,26.53,166.23,585.4,0,NORMAL
PALA-01,96.78,3242.25,2.53,57.27,81.05,1746.4,26.95,156.31,2268.3,0,NORMAL
CARG-02,85.52,3140.82,3.51,53.7,78.5,1734.0,26.76,198.68,1700.8,0,NORMAL
PALA-01,80.8,2910.05,2.05,65.91,82.91,1726.5,26.63,165.99,914.7,0,NORMAL
CARG-02,85.91,3068.05,1.37,55.18,77.68,1604.2,27.14,102.63,1870.3,0,NORMAL
PALA-01,81.44,3377.46,3.58,51.72,76.6,1597.0,27.04,187.88,606.9,0,NORMAL
PALA-03,85.9,3396.49,3.71,63.58,91.87,1641.9,25.5,137.28,1141.5,0,NORMAL
CARG-01,82.72,3212.07,3.4,56.02,77.25,1754.8,27.86,141.99,1288.2,0,NORMAL
CARG-02,82.41,3397.06,0.73,62.14,84.18,1785.9,26.5,152.48,1207.8,0,NORMAL
CARG-02,81.49,3420.15,2.54,53.8,77.23,1896.0,25.64,237.1,365.8,0,NORMAL
CARG-01,75.49,3277.84,2.45,38.93,74.84,1619.6,26.35,178.34,1482.6,0,NORMAL
CARG-02,90.72,3119.98,1.77,46.21,80.64,1807.1,26.61,227.21,2957.0,0,NORMAL
PALA-01,77.76,3329.39,2.1,59.41,75.64,1513.6,26.87,162.08,2943.2,0,NORMAL
PALA-02,75.88,3337.66,2.71,51.05,79.43,1762.0,27.17,185.68,1501.7,0,NORMAL
PALA-02,81.04,3371.31,2.61,55.27,77.82,1538.5,27.01,222.74,93.5,0,NORMAL
PALA-02,77.67,3405.77,0.75,59.67,86.01,1572.9,27.87,188.72,2050.2,0,NORMAL
PALA-02,81.77,3004.81,2.65,54.9,74.83,1810.4,26.48,174.44,2105.6,0,NORMAL
PALA-03,85.09,3158.21,1.35,49.7,83.7,1738.3,26.27,112.07,3004.7,0,NORMAL
PALA-01,86.48,2908.25,4.09,53.94,82.14,1682.0,25.23,124.51,2941.7,0,NORMAL
PALA-03,85.67,3384.46,2.39,54.53,80.08,1552.7,27.18,170.43,2723.3,0,NORMAL
PALA-01,80.62,3211.78,3.02,51.96,77.97,1764.3,26.89,195.43,3005.8,0,NORMAL
PALA-02,82.22,3327.55,1.64,47.08,81.69,1730.4,25.95,155.26,908.4,0,NORMAL
PALA-03,83.84,2984.38,3.05,52.22,81.9,1806.8,26.59,183.61,2006.8,0,NORMAL
CARG-01,74.09,3502.18,1.39,53.54,82.57,1511.6,26.39,130.41,3272.0,0,NORMAL
CARG-01,84.57,3035.02,1.4,46.78,79.92,1794.4,26.54,137.75,1880.9,0,NORMAL
PALA-03,75.44,3389.42,1.65,49.41,76.42,1654.9,26.18,176.82,3117.3,0,NORMAL
PALA-01,91.18,3271.23,4.45,50.42,84.51,1754.9,26.49,162.04,3179.1,0,NORMAL
PALA-03,80.18,3215.9,1.68,44.7,80.99,1712.5,25.18,146.7,292.7,0,NORMAL
PALA-01,81.17,3201.37,1.97,54.64,78.55,1617.8,26.08,141.34,3208.3,0,NORMAL
PALA-02,78.54,3135.15,0.64,55.18,76.99,1670.6,26.65,107.48,399.1,0,NORMAL
PALA-02,102.96,3483.14,5.39,51.28,111.06,1614.8,25.84,159.18,1437.4,1,FALLA_TERMICA
PALA-01,92.23,3252.27,1.36,47.16,86.54,1657.0,26.71,108.98,2644.1,0,NORMAL
PALA-02,86.23,3021.54,2.84,56.03,83.3,1610.9,28.05,149.2,293.8,0,NORMAL
CARG-02,75.03,3180.89,2.87,56.73,83.57,1768.2,25.48,154.11,1414.0,0,NORMAL
CARG-02,88.77,3273.1,1.93,54.49,85.69,1616.8,24.93,210.03,859.4,0,NORMAL
PALA-02,87.37,3411.6,1.4,54.21,79.55,1786.9,27.36,123.18,2484.7,0,NORMAL
PALA-01,80.73,3141.17,3.21,56.97,89.54,2111.9,28.07,176.77,3048.1,0,NORMAL
PALA-01,83.38,3153.2,2.17,53.52,76.76,1689.2,26.7,166.06,2697.9,0,NORMAL
PALA-02,81.93,3254.22,1.64,49.41,80.03,1530.2,26.41,123.06,1945.9,0,NORMAL
CARG-02,90.88,3407.22,1.59,53.65,77.91,1972.5,25.88,162.19,2959.8,0,NORMAL
PALA-01,78.42,3003.62,3.24,52.04,81.25,1761.9,19.9,113.68,3002.8,1,FALLA_ELECTRICA
CARG-01,82.66,3340.96,2.81,53.65,87.92,1704.4,26.39,162.15,1760.3,0,NORMAL
PALA-01,80.07,3166.47,1.94,58.42,80.05,1675.1,27.08,152.39,2999.5,0,NORMAL
CARG-02,75.55,3191.6,3.25,47.99,82.69,1593.9,25.03,191.07,3127.7,0,NORMAL
PALA-02,91.86,3610.28,2.42,54.89,69.37,1679.4,26.66,135.01,79.3,0,NORMAL
CARG-01,76.68,3214.64,2.63,47.74,82.71,1626.4,25.73,82.22,3087.0,0,NORMAL
PALA-02,82.99,3385.84,2.27,49.41,84.99,1627.5,27.16,139.78,241.4,0,NORMAL
PALA-03,74.17,3379.4,1.56,61.87,81.49,1790.3,25.48,181.78,1082.7,0,NORMAL
PALA-01,80.2,3037.6,1.74,56.29,76.73,1836.6,26.9,165.16,1962.5,0,NORMAL
PALA-01,83.9,2917.83,0.84,54.8,76.2,1692.9,25.93,139.94,892.9,0,NORMAL
CARG-02,78.29,3397.78,2.46,45.71,78.78,1780.2,26.05,202.36,3071.4,0,NORMAL
CARG-02,84.64,3054.96,1.23,52.82,76.16,1971.5,27.08,150.21,2769.5,0,NORMAL
CARG-02,80.79,2950.45,2.69,43.64,87.3,1619.1,25.76,187.45,1720.6,0,NORMAL
PALA-03,87.22,4147.96,1.62,54.19,82.87,1523.9,25.2,354.4,2938.6,1,FALLA_SOBRECARGA
CARG-01,88.13,3066.5,5.12,47.77,86.78,1819.9,26.46,183.54,2870.5,0,NORMAL
PALA-01,79.36,3110.95,2.2,56.79,79.84,1631.9,25.87,186.92,1186.4,0,NORMAL
PALA-02,82.35,3605.39,0.87,54.81,77.94,1656.7,25.3,206.9,272.9,0,NORMAL
PALA-02,82.83,2951.25,0.93,47.92,78.19,1734.8,26.68,132.67,2093.2,0,NORMAL
PALA-03,84.79,3023.87,1.52,55.91,79.15,1868.7,26.63,179.98,2759.8,0,NORMAL
PALA-02,82.06,3167.25,1.38,64.47,79.02,1735.7,26.49,116.91,3248.5,0,NORMAL
PALA-01,82.86,3206.75,6.23,52.99,85.89,1465.7,26.81,179.58,178.0,0,NORMAL
PALA-03,80.9,3089.13,0.57,58.4,84.65,1763.0,24.8,100.96,1444.3,0,NORMAL
CARG-01,82.52,3041.44,1.89,43.49,82.08,1747.8,25.79,227.44,2408.4,0,NORMAL
PALA-02,87.84,3521.8,4.04,56.34,74.36,1616.8,26.62,171.66,1629.7,0,NORMAL
PALA-01,84.91,3297.34,2.51,51.15,82.18,1515.7,27.23,167.9,823.4,0,NORMAL
PALA-01,85.16,3355.33,1.45,52.65,79.76,1674.1,26.59,102.43,2101.6,0,NORMAL
PALA-01,85.25,3225.3,3.64,56.98,86.62,1443.6,27.33,195.42,3078.2,0,NORMAL
PALA-02,81.31,3302.1,2.73,52.78,84.58,1505.6,25.86,203.61,3308.8,0,NORMAL
PALA-03,83.43,3417.92,0.83,45.91,81.57,1557.9,25.91,152.0,3474.7,0,NORMAL
PALA-03,77.12,3070.67,3.3,61.64,72.61,1569.7,26.1,144.75,1376.8,0,NORMAL
PALA-03,87.71,3297.67,2.91,46.75,80.46,1825.5,26.33,146.84,749.8,0,NORMAL
PALA-02,69.48,3375.29,1.19,49.8,78.39,1701.9,24.98,220.45,2832.1,0,NORMAL
CARG-01,115.74,3528.06,5.43,54.64,102.08,1761.8,26.38,156.57,2424.0,1,FALLA_TERMICA
PALA-01,87.13,3600.62,2.06,54.69,76.43,1745.0,26.37,165.78,2649.5,0,NORMAL
PALA-02,75.86,3262.57,2.06,56.14,82.05,1535.4,25.91,193.26,1305.4,0,NORMAL
CARG-01,83.8,3454.96,3.12,54.67,72.13,1652.4,25.78,74.65,820.1,0,NORMAL
PALA-01,78.94,2769.37,2.0,59.74,75.46,1692.6,26.62,157.14,2736.0,0,NORMAL
PALA-01,80.34,3529.41,1.75,56.45,77.48,1704.0,26.87,150.13,1585.9,0,NORMAL
CARG-02,86.26,3119.34,1.99,48.07,78.82,1777.5,26.52,165.31,2425.5,0,NORMAL
PALA-02,82.89,3206.6,2.35,41.01,82.56,1831.0,26.51,188.24,3059.5,0,NORMAL
PALA-03,72.85,3329.4,2.94,54.76,74.38,1764.4,26.37,194.1,1238.3,0,NORMAL
PALA-01,77.61,3222.38,1.47,61.33,78.44,1931.4,26.41,151.76,2698.8,0,NORMAL
PALA-03,86.39,3285.36,3.13,47.74,78.54,1772.6,26.94,154.93,1612.8,0,NORMAL
PALA-02,84.02,3535.78,1.58,48.75,83.75,1655.9,27.7,160.86,2182.4,0,NORMAL
PALA-01,89.87,3180.84,2.0,55.77,80.23,1874.1,27.59,186.52,2907.5,0,NORMAL
PALA-03,89.57,3054.35,1.38,56.41,77.13,1573.7,25.53,200.18,1080.4,0,NORMAL
PALA-01,80.46,3576.42,1.04,59.61,76.68,1784.1,24.71,110.82,2942.8,0,NORMAL
PALA-02,93.26,3344.82,2.77,62.21,78.79,1702.0,26.82,173.14,758.7,0,NORMAL
PALA-01,82.11,3596.0,3.13,55.18,74.41,1617.0,26.42,153.01,1508.0,0,NORMAL
PALA-01,77.67,3405.45,1.4,49.37,87.5,1745.1,26.35,231.71,999.9,0,NORMAL
PALA-02,79.15,3011.75,3.84,49.52,80.98,1685.7,26.7,121.43,106.2,0,NORMAL
PALA-01,71.84,3366.17,1.73,51.28,77.35,1498.5,26.2,119.4,90.7,0,NORMAL
CARG-02,89.23,3072.89,0.98,59.16,76.78,1742.1,25.1,139.22,723.9,0,NORMAL
PALA-01,89.18,3251.34,1.02,51.5,76.17,1596.1,25.49,180.76,2279.2,0,NORMAL
PALA-02,77.43,3236.37,3.29,58.81,82.48,1734.7,25.54,181.14,1861.9,0,NORMAL
PALA-01,80.97,2958.82,1.56,46.38,74.39,1704.7,26.93,140.83,1149.3,0,NORMAL
PALA-02,82.43,3103.69,1.64,55.44,80.29,1771.7,27.91,195.58,1581.7,0,NORMAL
CARG-02,77.68,3646.93,10.19,50.24,83.29,1447.3,26.02,144.77,4004.3,1,FALLA_DESGASTE_RODAMIENTOS
PALA-01,74.1,3292.91,1.32,56.61,78.66,1601.1,28.48,189.81,3118.0,0,NORMAL
CARG-02,81.05,3218.39,2.28,52.72,76.95,1732.9,24.88,111.24,943.9,0,NORMAL
PALA-01,80.56,3576.32,1.53,57.99,84.35,2066.0,25.99,126.24,3086.6,0,NORMAL
CARG-01,80.25,3178.68,1.66,51.83,76.47,1736.7,26.55,145.48,1466.7,0,NORMAL
PALA-03,83.0,3233.54,2.25,53.87,79.89,1667.2,24.36,157.87,1204.8,0,NORMAL
CARG-02,88.43,3428.34,2.19,58.04,81.46,1824.8,27.62,130.65,2011.7,0,NORMAL
PALA-03,80.64,3177.87,2.41,53.49,78.58,1649.3,25.85,130.09,1278.2,0,NORMAL
PALA-03,82.77,1640.37,2.65,33.96,76.21,1771.9,26.43,175.79,1053.3,1,FALLA_PRESION_HIDRAULICA
PALA-01,85.27,2844.32,4.57,57.8,78.77,1726.2,26.76,188.63,3154.7,0,NORMAL
PALA-01,84.49,3081.43,1.43,53.62,82.36,1848.6,25.13,132.81,1447.9,0,NORMAL
CARG-02,79.24,3079.72,1.35,46.08,78.09,1799.4,28.35,113.03,572.6,0,NORMAL
PALA-02,82.43,3278.54,1.85,51.14,82.82,1662.5,26.51,163.4,1541.6,0,NORMAL
PALA-02,103.67,3140.12,1.96,44.38,100.29,1539.8,26.13,176.25,1047.7,1,FALLA_TERMICA
CARG-01,76.92,3638.44,1.92,52.75,78.58,1591.7,25.51,123.26,1817.9,0,NORMAL
PALA-02,87.69,3059.63,3.37,56.36,78.1,1755.6,26.56,218.6,2267.2,0,NORMAL
CARG-02,88.44,3502.12,2.25,54.62,81.93,1713.8,25.14,129.28,103.2,0,NORMAL
CARG-01,78.75,3289.56,2.01,60.97,85.51,1723.3,26.51,150.74,2767.8,0,NORMAL
PALA-03,82.87,3395.22,1.04,60.41,81.49,1750.5,27.52,151.29,1664.3,0,NORMAL
CARG-02,84.89,3384.28,0.76,55.28,77.14,1621.7,27.33,131.54,1919.7,0,NORMAL
PALA-01,79.54,2850.72,2.94,42.04,85.37,1707.5,25.96,223.52,524.2,0,NORMAL
PALA-02,84.17,1953.31,3.48,32.9,77.46,1718.8,26.18,127.32,1558.3,1,FALLA_PRESION_HIDRAULICA
PALA-02,82.73,3202.8,1.95,50.14,87.92,1547.5,26.83,220.78,1748.1,0,NORMAL
PALA-01,75.39,3046.06,4.0,58.41,80.36,1646.6,27.35,149.47,191.6,0,NORMAL
CARG-01,84.07,3332.73,1.36,55.56,77.49,1767.0,27.63,149.53,658.5,0,NORMAL
CARG-02,77.05,3558.98,1.01,57.28,83.24,1803.9,27.7,137.29,1317.2,0,NORMAL
PALA-02,86.23,2768.86,2.07,56.51,79.75,1623.1,25.65,183.86,668.8,0,NORMAL
PALA-02,78.98,3153.8,1.25,65.95,82.77,1779.9,27.0,229.41,1155.3,0,NORMAL
CARG-02,81.27,3025.76,3.61,56.61,81.37,1646.3,25.29,140.25,3080.9,0,NORMAL
PALA-02,88.18,3262.92,1.0,47.6,75.48,1614.5,26.03,149.43,2204.9,0,NORMAL
PALA-02,84.23,3191.39,1.87,59.36,80.72,1949.2,25.46,211.19,1945.9,0,NORMAL
PALA-02,77.14,3140.98,1.68,51.85,83.01,1670.2,25.48,120.88,2964.0,0,NORMAL
CARG-02,77.43,3374.11,2.31,60.73,81.45,1543.0,26.59,132.65,866.3,0,NORMAL
PALA-03,79.3,3544.51,1.88,61.71,86.02,1667.4,25.85,207.93,3417.5,0,NORMAL
CARG-01,83.78,3729.04,2.31,57.11,82.25,1688.0,26.63,174.76,807.0,0,NORMAL
CARG-01,83.61,3116.87,2.45,47.61,80.03,1829.5,25.43,129.73,1748.6,0,NORMAL
PALA-02,78.21,2922.24,1.67,51.7,81.84,1676.9,26.79,181.76,3374.9,0,NORMAL
PALA-02,76.75,3350.66,2.44,60.7,79.03,1765.4,26.06,106.07,1200.9,0,NORMAL
CARG-01,83.27,3539.89,2.44,64.0,82.44,1847.5,26.17,197.98,626.3,0,NORMAL
PALA-02,81.18,3396.46,2.47,54.31,82.44,1650.0,25.36,91.14,1455.0,0,NORMAL
CARG-01,91.71,3539.14,0.86,52.63,76.04,1754.9,27.22,124.23,853.5,0,NORMAL
CARG-02,82.16,3209.41,2.99,48.1,84.09,1712.4,26.51,173.11,2632.0,0,NORMAL
PALA-03,90.16,3140.28,1.21,48.16,89.93,1747.0,26.83,115.82,3225.2,0,NORMAL
CARG-01,76.73,3270.78,3.49,55.16,83.18,1732.1,25.38,160.37,3006.0,0,NORMAL
CARG-01,74.92,3190.5,2.25,57.5,72.88,1737.5,26.94,179.82,544.4,0,NORMAL
CARG-01,76.96,3369.36,2.4,46.56,79.29,1685.7,26.43,134.15,3331.0,0,NORMAL
PALA-02,87.35,3424.56,3.28,58.15,75.88,1723.0,26.0,155.83,2587.8,0,NORMAL
PALA-01,89.9,3438.66,1.0,60.86,79.83,1687.3,27.5,189.34,2665.7,0,NORMAL
PALA-02,78.48,3341.91,2.49,57.15,83.74,1999.7,26.73,175.7,1947.2,0,NORMAL
PALA-03,79.93,3294.25,2.6,62.26,78.13,1792.6,26.76,213.13,1338.5,0,NORMAL
PALA-02,76.74,3393.0,3.67,55.78,88.54,1720.3,24.83,130.62,919.7,0,NORMAL
CARG-01,73.85,2896.66,1.37,55.83,69.48,1679.5,27.26,125.14,1673.5,0,NORMAL
PALA-02,85.23,3287.9,3.41,55.73,80.01,1837.4,26.76,206.06,2827.0,0,NORMAL
PALA-03,83.0,3259.45,2.75,60.8,82.52,1622.2,27.39,173.3,1123.0,0,NORMAL
PALA-01,82.05,3288.35,0.52,56.69,76.12,1566.0,25.93,151.18,3120.0,0,NORMAL
CARG-01,75.7,3234.23,3.12,51.35,76.65,1557.0,25.83,139.56,554.7,0,NORMAL
PALA-03,89.38,3327.73,0.86,56.12,84.03,1875.7,27.69,188.49,221.4,0,NORMAL
PALA-01,79.73,3146.57,2.2,56.17,88.71,1869.5,27.17,146.48,1784.8,0,NORMAL
PALA-02,84.4,3453.31,2.0,52.94,89.18,1739.2,25.26,187.27,3255.6,0,NORMAL
CARG-01,75.45,3335.26,1.61,59.11,79.61,1652.8,26.41,204.33,2933.1,0,NORMAL
PALA-02,81.14,3277.12,3.1,54.46,86.41,1654.1,27.22,163.64,526.0,0,NORMAL
PALA-01,83.31,3124.45,6.75,57.53,80.72,1965.0,26.54,112.49,535.0,0,NORMAL
CARG-02,83.47,3396.76,2.0,56.55,84.67,1709.1,25.96,179.9,379.3,0,NORMAL
CARG-01,82.7,3287.2,2.71,50.37,80.16,1761.2,25.86,198.76,2766.5,0,NORMAL
CARG-02,84.23,3114.01,2.85,49.1,76.46,1667.2,26.45,202.0,1189.0,0,NORMAL
PALA-02,76.91,3239.8,3.62,50.42,87.41,1730.9,27.22,165.77,1200.1,0,NORMAL
PALA-02,82.89,4528.88,1.42,53.59,88.45,1765.3,25.6,284.62,3241.8,1,FALLA_SOBRECARGA
CARG-02,82.51,3349.28,0.94,61.96,79.32,1936.8,24.69,144.1,2260.2,0,NORMAL
PALA-03,83.04,3337.66,1.71,53.76,84.75,1709.6,26.08,142.62,3260.1,0,NORMAL
CARG-01,82.33,3266.66,3.44,55.87,80.42,1782.0,26.76,189.87,875.5,0,NORMAL
PALA-02,76.27,3434.65,1.8,58.37,89.72,1677.1,26.94,174.43,2609.4,0,NORMAL
PALA-02,76.07,3472.8,1.59,52.21,75.03,1742.3,25.59,191.47,373.5,0,NORMAL
PALA-01,72.04,4438.85,0.84,51.93,80.29,1761.0,26.62,292.01,2344.6,1,FALLA_SOBRECARGA
PALA-01,85.68,3144.26,1.9,59.26,75.21,1695.5,25.89,167.45,1537.4,0,NORMAL
PALA-01,85.72,3059.55,2.81,56.84,74.65,1748.4,26.99,79.71,159.1,0,NORMAL
PALA-01,85.8,3152.09,2.23,51.18,80.54,1634.9,26.29,145.68,341.2,0,NORMAL
CARG-02,83.38,3601.66,1.32,51.94,79.2,1780.3,27.07,108.07,3295.3,0,NORMAL
PALA-01,101.4,3300.71,3.1,54.43,99.54,1726.7,26.45,220.86,2757.5,1,FALLA_TERMICA
PALA-03,77.38,3632.76,1.29,55.65,84.35,1653.7,26.8,176.35,2812.8,0,NORMAL
CARG-01,82.77,3228.36,1.9,60.22,86.19,1705.9,26.05,174.91,160.9,0,NORMAL
PALA-03,82.61,3203.41,2.45,56.66,83.05,1876.9,25.83,117.13,2634.6,0,NORMAL
PALA-01,81.0,3236.67,2.24,49.08,73.49,1707.5,26.17,155.48,143.3,0,NORMAL
CARG-01,83.66,3233.41,2.64,50.07,82.36,1771.3,26.89,183.11,1031.7,0,NORMAL
PALA-03,82.05,3110.74,2.62,55.55,82.32,1771.0,28.42,129.5,1767.6,0,NORMAL
CARG-01,82.54,3043.21,1.16,54.71,77.63,1789.6,27.41,144.01,1403.2,0,NORMAL
CARG-01,79.12,3340.24,1.36,49.78,82.38,1587.4,27.62,198.72,536.6,0,NORMAL
CARG-02,86.42,3439.88,2.86,59.26,78.97,1595.8,26.32,122.47,3442.1,0,NORMAL
PALA-03,80.06,3690.1,2.73,42.76,77.72,1630.2,25.97,144.89,234.9,0,NORMAL
PALA-02,76.01,3171.93,1.78,55.68,76.27,1792.8,24.64,131.38,2407.9,0,NORMAL
PALA-03,107.93,3186.52,1.22,46.27,101.01,1751.4,25.92,171.86,2779.1,1,FALLA_TERMICA
PALA-01,80.43,3111.18,3.68,58.4,86.17,1745.4,25.3,187.13,1008.9,0,NORMAL
CARG-02,86.47,3452.63,1.53,52.68,80.43,1705.5,27.01,216.22,1454.1,0,NORMAL
PALA-01,81.81,3396.7,2.48,57.74,84.94,1561.0,26.24,173.85,339.7,0,NORMAL
PALA-02,81.16,3092.15,2.34,52.05,87.11,1648.0,25.34,203.66,1290.4,0,NORMAL
CARG-01,76.38,3087.6,1.59,60.63,81.53,1745.3,26.84,172.84,1249.2,0,NORMAL
PALA-03,85.53,3421.45,1.87,44.67,80.69,1699.5,20.65,112.16,153.1,1,FALLA_ELECTRICA
PALA-02,79.07,3318.98,2.24,58.4,82.88,1741.4,25.49,161.39,960.9,0,NORMAL
PALA-02,114.52,3386.51,2.86,50.96,103.13,1533.1,27.61,161.93,3250.3,1,FALLA_TERMICA
CARG-02,88.66,3091.1,1.73,55.88,83.19,1718.4,25.8,197.31,2385.3,0,NORMAL
PALA-02,84.29,2912.01,2.49,56.09,81.6,1469.5,26.88,156.7,100.8,0,NORMAL
CARG-02,74.67,3092.51,3.46,47.04,75.77,1563.5,26.3,147.0,1836.9,0,NORMAL
PALA-01,74.04,3373.8,1.91,58.99,75.82,1603.4,27.72,130.2,1251.6,0,NORMAL
CARG-01,81.71,3629.99,1.03,55.97,77.06,1498.9,27.14,150.86,3447.5,0,NORMAL
CARG-01,76.54,3172.7,1.13,54.58,83.05,1623.8,25.52,156.88,3322.8,0,NORMAL
PALA-01,84.92,3659.65,2.77,55.93,79.65,1753.2,27.86,180.87,2418.5,0,NORMAL
PALA-02,82.19,3399.37,1.41,54.63,80.9,1859.9,25.39,131.46,113.4,0,NORMAL
PALA-01,82.74,2999.25,2.29,58.17,86.47,1655.7,25.55,241.91,557.5,0,NORMAL
CARG-01,78.82,3288.53,1.94,51.64,82.77,1641.2,27.7,128.35,2671.3,0,NORMAL
PALA-03,89.84,3405.52,0.44,58.18,78.43,1705.6,26.38,115.24,2125.9,0,NORMAL
PALA-03,94.79,2813.41,1.62,56.86,77.05,1687.8,26.65,177.85,853.6,0,NORMAL
PALA-01,80.75,3366.0,1.84,53.14,82.22,1598.4,26.74,115.26,423.3,0,NORMAL
PALA-01,83.59,3461.09,1.68,63.23,77.12,1785.0,25.54,160.9,1313.6,0,NORMAL
PALA-01,82.44,3321.8,10.13,56.26,86.01,1684.7,27.9,135.76,3730.7,1,FALLA_DESGASTE_RODAMIENTOS
PALA-02,80.83,3238.89,2.29,54.98,81.98,1640.9,28.16,182.83,1909.4,0,NORMAL
PALA-03,78.26,3218.87,1.17,56.87,81.52,1651.7,24.91,165.42,1056.3,0,NORMAL
CARG-02,77.12,3208.36,0.94,53.48,77.18,2002.2,26.04,199.98,357.0,0,NORMAL
PALA-03,76.89,3038.32,1.27,60.01,83.48,1813.0,26.94,174.83,674.5,0,NORMAL
PALA-02,83.82,3126.25,3.95,53.89,85.51,1679.3,26.31,161.67,1488.6,0,NORMAL
CARG-02,79.66,3175.01,2.01,58.1,80.45,1427.6,25.97,167.16,2663.1,0,NORMAL
CARG-01,70.4,3270.43,1.02,48.66,84.71,1515.5,26.85,126.09,1723.6,0,NORMAL
CARG-02,84.0,3149.77,1.04,45.02,79.38,1730.4,26.93,135.52,1675.0,0,NORMAL
PALA-03,81.83,3093.56,2.66,56.01,80.75,1685.1,27.75,167.67,1009.8,0,NORMAL
PALA-02,88.06,3386.76,3.86,52.08,89.34,1581.7,25.01,180.81,912.9,0,NORMAL
PALA-01,83.68,3316.71,1.46,53.04,79.51,1704.2,25.59,148.61,2367.8,0,NORMAL
CARG-01,75.35,3152.94,1.53,42.29,83.16,1630.6,25.8,152.56,2512.9,0,NORMAL
PALA-01,71.97,3341.13,5.36,62.5,79.44,1643.1,28.32,146.21,3367.9,0,NORMAL
PALA-02,78.76,3168.43,1.56,54.52,82.12,1699.2,27.61,173.17,3153.5,0,NORMAL
PALA-03,79.19,3261.35,0.55,60.67,83.78,1598.1,26.62,160.13,2070.4,0,NORMAL
PALA-03,114.3,3425.51,2.16,47.04,101.03,1553.7,26.33,181.67,2158.4,1,FALLA_TERMICA
PALA-03,81.96,3141.33,1.33,54.49,78.18,1557.5,26.75,138.38,1400.5,0,NORMAL
PALA-01,87.1,3038.97,1.99,56.04,83.27,1671.4,27.34,158.1,3407.2,0,NORMAL
PALA-02,76.04,3223.88,4.39,54.67,81.65,1530.0,26.2,212.88,3212.9,0,NORMAL
PALA-03,86.34,3004.58,2.0,55.17,85.69,1982.8,26.62,231.28,196.0,0,NORMAL
CARG-02,85.24,3200.06,1.95,47.05,82.08,1832.0,26.13,151.75,1333.8,0,NORMAL
CARG-01,72.92,3199.49,1.0,55.59,88.44,1806.4,25.28,206.05,1433.8,0,NORMAL
CARG-02,87.95,2806.54,2.04,49.79,83.79,1613.8,24.97,204.37,978.8,0,NORMAL
CARG-01,82.42,3345.51,2.92,50.91,88.51,1618.2,25.85,188.69,1570.6,0,NORMAL
PALA-03,83.76,3217.12,4.86,54.08,87.76,1550.1,26.1,97.83,1605.1,0,NORMAL
PALA-01,78.11,3462.74,0.63,52.24,78.43,1940.6,26.75,110.3,2730.3,0,NORMAL
PALA-03,87.74,3288.8,2.8,52.53,86.92,1881.2,26.61,142.27,3190.5,0,NORMAL
PALA-03,76.66,3382.41,1.22,59.62,84.76,1800.7,25.29,142.52,1870.8,0,NORMAL
PALA-03,85.74,3464.21,3.11,53.22,84.48,1705.5,26.41,128.04,937.0,0,NORMAL
PALA-02,85.69,3226.29,0.85,52.02,85.74,1673.4,25.96,179.46,1898.7,0,NORMAL
PALA-03,77.62,3249.85,3.3,53.38,79.76,1780.7,26.2,181.41,663.9,0,NORMAL
PALA-02,90.93,2966.76,3.13,48.44,82.31,1911.7,26.46,222.7,1261.3,0,NORMAL
PALA-03,83.04,2099.78,2.62,34.17,79.32,1797.1,27.42,138.76,1896.0,1,FALLA_PRESION_HIDRAULICA
PALA-01,84.94,3223.77,2.15,57.61,90.24,1586.5,26.03,137.22,3333.5,0,NORMAL
CARG-01,75.13,3068.97,0.64,55.57,77.99,1628.0,27.74,166.54,1667.7,0,NORMAL
PALA-01,91.53,3383.15,4.14,54.18,75.89,1776.2,25.36,114.92,85.1,0,NORMAL
PALA-01,76.49,2857.64,1.67,57.01,77.73,1616.4,25.7,225.44,430.0,0,NORMAL
PALA-02,86.61,3172.73,4.01,51.23,80.78,1663.5,26.32,147.48,1425.8,0,NORMAL
PALA-03,77.52,3413.5,1.95,54.2,80.75,1901.3,25.46,157.22,633.0,0,NORMAL
PALA-02,79.21,3171.21,2.25,60.99,84.56,1682.3,25.34,164.76,1165.2,0,NORMAL
PALA-02,85.55,3120.77,2.17,52.53,81.12,1530.9,26.46,154.82,3055.5,0,NORMAL
PALA-03,86.62,3175.09,1.69,57.04,79.02,2066.3,25.34,150.35,2425.2,0,NORMAL
PALA-02,76.28,2888.21,1.23,57.16,82.93,1850.5,25.63,242.43,2244.0,0,NORMAL
CARG-02,86.91,3378.79,2.85,50.21,85.66,1712.4,26.33,163.02,1406.7,0,NORMAL
CARG-02,86.7,3227.88,0.88,57.44,81.83,1719.1,27.76,176.88,2711.0,0,NORMAL
PALA-03,77.78,3200.98,2.24,50.97,84.47,1464.8,26.25,142.71,3494.7,0,NORMAL
PALA-02,89.19,3201.64,1.21,56.15,81.33,1672.8,26.5,181.55,1199.5,0,NORMAL
CARG-01,75.44,3252.53,2.23,50.89,79.96,1630.7,25.48,161.1,2354.0,0,NORMAL
PALA-01,79.19,3367.62,2.35,55.41,83.79,1731.7,25.56,168.72,746.6,0,NORMAL
PALA-02,84.16,3240.63,2.86,54.65,81.91,1915.3,24.57,176.71,389.8,0,NORMAL
PALA-02,78.16,3004.91,3.14,54.56,85.02,1772.8,25.61,190.89,3400.6,0,NORMAL
CARG-02,83.19,3353.59,1.63,55.36,87.17,1963.6,27.01,184.49,753.0,0,NORMAL
PALA-01,83.08,3339.74,1.19,51.35,80.55,1552.5,25.94,159.19,404.3,0,NORMAL
PALA-03,81.16,3286.99,0.47,48.17,83.59,1534.9,26.52,160.2,1715.8,0,NORMAL
CARG-01,85.75,4367.7,0.56,54.41,85.27,1869.0,26.58,310.78,2452.7,1,FALLA_SOBRECARGA
PALA-02,80.97,3255.47,2.96,59.51,82.64,1732.5,26.99,153.88,51.4,0,NORMAL
PALA-01,83.04,3450.05,1.0,56.92,83.04,1776.1,27.73,163.78,1427.6,0,NORMAL
CARG-02,87.16,3503.3,2.59,56.24,81.57,1716.8,26.89,192.09,1669.6,0,NORMAL
PALA-03,85.56,3354.82,5.16,51.45,82.02,1743.4,26.21,77.12,1751.5,0,NORMAL
PALA-03,85.54,3115.37,1.08,54.93,83.09,1802.6,27.04,170.82,1435.2,0,NORMAL
PALA-01,76.83,3226.46,2.04,49.85,78.57,1750.3,26.64,132.95,578.2,0,NORMAL
PALA-02,84.36,3472.99,1.66,51.88,74.21,1651.4,24.61,187.18,2508.8,0,NORMAL
PALA-02,78.05,2980.43,3.65,55.79,80.65,1999.6,25.44,206.52,2249.3,0,NORMAL
PALA-01,76.23,3179.45,1.31,44.92,80.32,1731.3,26.22,158.31,163.9,0,NORMAL
PALA-01,81.68,3188.27,1.76,62.65,87.48,1696.1,25.93,210.21,2129.8,0,NORMAL
CARG-01,77.93,3094.26,0.98,47.33,82.18,1678.5,26.3,190.38,2647.1,0,NORMAL
PALA-01,120.54,3407.12,1.55,63.44,111.01,1760.9,24.46,164.87,484.7,1,FALLA_TERMICA
PALA-01,85.67,3317.83,1.03,49.81,79.35,1690.9,27.07,103.89,2681.3,0,NORMAL
PALA-03,73.44,3122.01,2.27,49.76,78.62,1476.5,26.36,173.47,946.5,0,NORMAL
CARG-01,78.27,3358.99,4.11,52.01,77.66,1689.5,27.37,131.0,2388.2,0,NORMAL
PALA-01,75.43,3221.49,2.1,51.8,75.96,1590.0,26.42,59.92,2358.6,0,NORMAL
PALA-03,79.92,3089.76,3.0,50.97,83.91,1752.1,26.56,121.5,2001.6,0,NORMAL
PALA-01,84.05,3121.67,1.14,52.15,82.23,1716.4,25.57,207.2,818.4,0,NORMAL
PALA-01,80.91,3328.49,1.0,54.46,86.91,1640.3,25.44,164.52,995.7,0,NORMAL
PALA-01,79.35,3419.02,2.48,49.51,83.2,1832.9,26.51,202.96,1681.4,0,NORMAL
CARG-01,87.85,3162.38,3.35,58.2,81.97,1711.5,26.4,215.12,141.5,0,NORMAL
PALA-01,71.63,3348.0,1.45,61.06,73.07,1674.8,25.09,169.7,1487.2,0,NORMAL
PALA-01,87.57,3534.72,1.68,44.28,88.63,1676.5,27.15,139.79,2442.4,0,NORMAL
PALA-02,79.55,3023.4,0.64,63.28,81.16,1673.9,26.44,123.08,58.0,0,NORMAL
CARG-01,81.65,3314.02,3.27,57.86,72.66,1780.8,26.0,157.79,2599.2,0,NORMAL
PALA-02,79.63,3399.52,1.52,55.29,81.9,1626.5,25.7,128.77,1537.1,0,NORMAL
PALA-02,88.94,3232.87,2.19,51.13,77.76,1728.4,27.01,120.34,1729.8,0,NORMAL
PALA-01,76.46,3472.89,1.78,54.83,77.61,1659.5,25.84,137.4,816.0,0,NORMAL
PALA-02,82.05,3645.79,12.21,58.49,82.07,1642.8,26.59,150.63,3880.8,1,FALLA_DESGASTE_RODAMIENTOS
PALA-03,84.37,3311.8,0.83,67.05,78.65,1776.7,26.27,151.58,1795.5,0,NORMAL
PALA-03,74.75,3207.95,2.5,64.96,85.11,1607.8,25.98,156.87,3426.8,0,NORMAL
PALA-02,77.86,3425.86,1.77,46.36,80.54,1782.5,25.36,174.89,2187.3,0,NORMAL
PALA-02,81.33,3401.57,2.49,52.96,82.6,1757.2,27.44,153.67,2225.4,0,NORMAL
PALA-01,78.01,2796.61,1.26,54.39,83.27,1879.3,25.6,186.39,3489.5,0,NORMAL
PALA-02,78.33,3249.51,1.64,60.72,82.01,1508.9,25.71,184.98,174.3,0,NORMAL
PALA-01,80.43,3178.97,0.56,53.58,81.86,1842.3,27.47,194.98,3055.9,0,NORMAL
CARG-01,84.92,3321.41,1.05,50.22,81.57,1683.7,26.32,155.89,2778.8,0,NORMAL
CARG-02,80.46,3215.14,0.78,54.27,86.97,1505.5,26.66,116.61,212.8,0,NORMAL
CARG-02,86.85,3234.67,2.53,52.07,84.38,1640.9,27.61,151.58,1575.2,0,NORMAL
CARG-02,77.51,3094.62,2.8,58.93,78.24,1781.4,27.59,126.11,1834.7,0,NORMAL
PALA-03,76.37,3382.22,1.44,65.94,76.55,1709.7,25.96,187.89,163.2,0,NORMAL
CARG-01,90.67,3547.91,3.2,58.55,77.82,1881.7,27.32,108.28,1595.7,0,NORMAL
PALA-02,79.04,3097.42,2.5,58.75,82.71,1679.4,25.12,171.93,3087.2,0,NORMAL
PALA-03,76.1,2998.53,1.4,60.18,76.58,1716.0,24.99,167.06,147.9,0,NORMAL
PALA-02,74.16,3253.6,0.88,56.27,78.39,1697.8,26.44,185.66,2907.0,0,NORMAL
PALA-02,86.84,3244.84,0.72,52.01,75.63,1597.4,26.33,169.54,2943.0,0,NORMAL
CARG-01,80.46,3460.77,1.13,52.5,84.73,1716.6,26.92,158.36,59.6,0,NORMAL
PALA-02,80.86,3028.74,4.71,59.48,83.65,1693.7,26.83,121.74,3186.2,0,NORMAL
PALA-02,102.0,3153.17,3.09,55.44,104.31,1730.5,26.95,219.71,2518.4,1,FALLA_TERMICA
CARG-02,86.56,2863.41,3.16,49.09,79.1,1727.1,27.68,158.2,3292.9,0,NORMAL
PALA-01,81.19,3497.5,1.28,60.55,73.96,1720.2,27.97,147.69,3255.5,0,NORMAL
PALA-02,92.55,3295.1,3.03,50.13,77.66,1731.6,27.1,164.03,906.6,0,NORMAL
CARG-02,82.6,3166.58,2.12,48.36,75.61,1851.9,26.38,199.51,1835.8,0,NORMAL
PALA-03,86.78,3011.99,3.35,49.62,75.57,1602.7,26.24,151.2,1738.2,0,NORMAL
PALA-03,85.62,3028.51,3.11,55.53,85.55,1633.1,26.39,200.28,2496.5,0,NORMAL
PALA-01,81.84,3324.57,3.0,58.86,80.01,1890.0,25.94,167.19,2057.5,0,NORMAL
PALA-02,79.36,3050.66,1.64,55.27,82.16,1872.5,27.14,185.71,3375.8,0,NORMAL
CARG-02,83.49,3268.72,2.14,51.22,85.41,1751.1,27.23,169.01,1791.0,0,NORMAL
PALA-03,84.3,3617.73,1.62,49.96,76.92,1962.9,25.89,183.57,1338.9,0,NORMAL
PALA-03,79.42,3187.43,1.66,57.86,83.46,1778.7,26.27,190.7,3472.7,0,NORMAL
PALA-01,82.75,3076.94,1.85,53.54,75.19,1944.9,24.98,175.15,2098.7,0,NORMAL
PALA-01,87.56,3318.76,1.51,55.71,82.01,1895.2,26.33,215.83,1462.5,0,NORMAL
CARG-02,91.31,3029.36,3.13,53.3,85.27,1915.3,26.43,155.94,1270.5,0,NORMAL
PALA-02,85.84,3559.6,2.74,55.5,76.44,1582.2,25.51,201.44,2491.3,0,NORMAL
PALA-03,90.38,3502.65,4.46,55.95,84.31,1800.2,25.98,138.25,3117.7,0,NORMAL
PALA-01,79.17,3220.45,1.01,66.13,81.9,1710.0,25.48,174.21,660.2,0,NORMAL
PALA-03,85.16,3088.49,7.82,56.01,79.18,1559.4,25.14,131.01,1335.3,0,NORMAL
CARG-02,88.02,3173.36,2.73,52.06,76.2,1880.3,27.59,131.56,276.2,0,NORMAL
PALA-03,77.97,3196.78,0.32,54.88,81.97,1863.3,25.14,206.01,995.8,0,NORMAL
PALA-01,79.81,3319.04,1.3,49.25,82.98,1702.6,26.49,233.09,3215.5,0,NORMAL
PALA-03,89.82,3437.13,2.42,49.21,79.73,1645.9,27.18,154.35,2275.5,0,NORMAL
CARG-01,77.61,3063.43,2.59,60.25,77.08,1727.0,27.54,124.78,3196.7,0,NORMAL
PALA-02,75.96,3431.96,0.32,55.52,84.05,1502.3,25.55,159.61,1972.4,0,NORMAL
CARG-02,88.88,3361.18,1.78,59.6,85.74,1558.3,27.42,133.02,3455.7,0,NORMAL
PALA-03,87.39,3158.6,2.71,45.88,84.81,1684.1,26.53,205.42,2243.0,0,NORMAL
CARG-02,83.94,3054.39,1.83,49.12,87.36,1793.9,26.86,181.1,2537.9,0,NORMAL
PALA-03,81.79,3270.92,2.26,55.49,78.39,1697.8,27.81,180.38,3027.9,0,NORMAL
PALA-01,80.03,3059.27,0.71,49.88,75.34,1653.3,26.89,156.0,1273.3,0,NORMAL
PALA-02,83.27,3434.26,1.28,46.88,82.64,1620.7,25.66,134.85,1072.2,0,NORMAL
PALA-01,89.11,3047.7,3.74,48.61,79.39,2012.6,24.76,196.96,646.8,0,NORMAL
CARG-02,83.07,3348.59,1.44,52.39,84.95,1591.1,17.12,156.15,2487.1,1,FALLA_ELECTRICA
CARG-01,91.75,3235.49,2.43,56.07,76.85,1500.7,26.73,123.73,2874.0,0,NORMAL
PALA-03,77.96,3149.09,1.0,62.58,77.14,1650.9,25.76,214.31,1391.4,0,NORMAL
PALA-02,81.91,3231.49,1.1,48.74,81.27,1782.1,26.55,246.49,53.1,0,NORMAL
PALA-01,80.32,3444.4,1.33,49.0,81.7,1733.0,25.32,165.51,3182.3,0,NORMAL
CARG-01,77.12,3035.39,1.82,46.75,83.7,1629.9,26.69,172.47,2545.8,0,NORMAL
PALA-02,81.31,3175.81,1.9,56.87,80.61,1743.1,25.33,223.43,3105.6,0,NORMAL
PALA-01,83.88,3114.69,4.72,54.62,73.33,1853.1,27.37,149.59,3077.7,0,NORMAL
PALA-03,84.36,3243.05,2.55,49.18,94.81,1744.5,28.08,199.38,1745.7,0,NORMAL
PALA-01,91.77,3126.76,2.09,49.85,81.13,1738.5,26.63,139.98,2653.9,0,NORMAL
PALA-02,84.09,2931.75,2.99,53.38,92.55,1738.9,26.71,176.83,2974.9,0,NORMAL
PALA-02,87.18,3060.08,1.15,53.66,80.5,1630.5,26.87,126.23,201.1,0,NORMAL
PALA-01,82.3,3544.8,0.65,48.8,76.79,1773.9,26.62,151.05,2850.7,0,NORMAL
CARG-02,89.55,3294.41,2.11,54.89,79.73,1845.0,25.52,101.97,1776.2,0,NORMAL
PALA-01,92.79,3288.23,1.85,47.12,85.4,1882.3,27.53,177.2,1276.5,0,NORMAL
PALA-01,84.39,3199.13,0.81,54.25,83.48,1771.6,26.76,173.99,641.1,0,NORMAL
PALA-01,77.53,3240.71,2.92,53.11,82.23,1721.8,26.85,124.28,826.8,0,NORMAL
CARG-01,79.53,3172.63,1.58,56.01,80.75,1945.2,27.21,236.84,2795.3,0,NORMAL
PALA-02,83.27,3344.85,1.61,60.06,81.52,1734.4,27.17,162.67,3030.6,0,NORMAL
PALA-03,84.05,3268.15,1.9,52.15,80.4,1661.9,27.39,155.08,3372.5,0,NORMAL
PALA-01,85.14,3039.17,2.91,54.0,85.79,1637.3,26.76,125.78,555.5,0,NORMAL
PALA-01,84.07,3295.67,1.18,44.1,84.66,1623.6,25.71,187.34,1828.0,0,NORMAL
PALA-02,82.03,2807.43,1.8,63.86,77.23,1659.6,26.73,128.6,3214.2,0,NORMAL
CARG-01,79.14,3324.49,2.05,44.7,75.09,1951.2,26.38,186.77,810.1,0,NORMAL
CARG-02,83.81,2996.32,2.34,53.59,76.1,1629.2,25.7,129.35,885.6,0,NORMAL
PALA-01,90.35,3232.71,1.04,41.26,79.57,1903.2,27.56,175.21,1922.2,0,NORMAL
PALA-03,86.59,3034.97,1.73,49.87,81.88,1695.4,26.28,153.21,2019.7,0,NORMAL
CARG-02,84.41,3250.51,4.01,62.68,80.78,1845.0,26.58,187.45,711.8,0,NORMAL
PALA-02,86.63,3354.09,3.19,59.72,83.52,1590.6,25.82,114.47,1840.9,0,NORMAL
CARG-01,80.33,3520.51,4.18,58.93,80.94,1717.9,26.36,175.98,3195.0,0,NORMAL
PALA-01,79.71,2972.56,2.31,53.04,87.38,1526.1,27.14,125.67,2064.8,0,NORMAL
CARG-02,78.63,3425.59,2.04,62.25,83.04,1722.7,28.04,137.36,2758.9,0,NORMAL
CARG-01,81.44,3273.61,1.09,55.29,81.07,1814.4,25.23,180.29,2721.2,0,NORMAL
CARG-02,80.1,3168.88,3.96,57.45,74.96,1836.0,26.42,161.63,1380.4,0,NORMAL
PALA-03,87.44,3386.77,1.31,67.23,82.4,1719.5,23.9,173.07,2768.5,0,NORMAL
PALA-02,79.86,3207.53,1.64,59.45,83.0,1677.0,26.06,186.31,2908.7,0,NORMAL
CARG-02,78.39,3379.16,9.94,53.67,78.15,1730.5,26.49,165.8,3979.5,1,FALLA_DESGASTE_RODAMIENTOS
PALA-02,90.74,3071.39,2.54,56.55,76.38,1651.4,26.53,155.19,2762.9,0,NORMAL
PALA-02,79.97,3136.06,1.24,61.02,85.38,1651.2,27.71,124.97,3477.1,0,NORMAL
CARG-01,82.69,3419.85,1.64,57.11,77.13,1671.0,26.22,236.87,2224.9,0,NORMAL
CARG-01,84.03,3517.37,1.52,57.92,81.66,1747.3,27.65,179.16,908.6,0,NORMAL
CARG-02,76.88,3243.69,1.57,60.44,81.12,1892.3,26.6,160.02,2942.1,0,NORMAL
PALA-01,87.56,2748.29,1.17,66.65,82.79,1875.9,25.99,148.79,463.9,0,NORMAL
CARG-01,84.87,3214.17,2.57,49.33,77.16,1681.8,26.55,167.26,1776.4,0,NORMAL
CARG-01,89.01,3255.84,3.05,57.51,80.52,1622.2,26.5,159.82,3147.5,0,NORMAL
PALA-01,78.94,3208.1,5.37,56.3,77.13,1632.1,26.56,178.5,2285.9,0,NORMAL
PALA-02,82.45,3310.54,2.59,52.07,81.3,1542.5,25.84,139.92,3403.8,0,NORMAL
PALA-02,82.18,3164.16,0.98,50.76,83.02,1807.4,25.83,218.79,1405.0,0,NORMAL
PALA-02,83.19,3401.0,1.23,62.26,84.58,1552.8,27.31,184.15,1870.2,0,NORMAL
CARG-02,75.45,3039.99,0.98,48.89,86.98,1449.1,27.24,96.75,1307.4,0,NORMAL
PALA-03,82.5,3472.63,2.75,46.95,79.95,1807.5,25.74,170.08,2306.0,0,NORMAL
CARG-01,75.58,3529.01,2.91,51.19,79.88,1802.3,26.29,188.19,1099.2,0,NORMAL
CARG-02,83.61,3085.65,3.52,45.09,86.09,1590.3,26.71,113.81,985.7,0,NORMAL
PALA-02,72.42,3085.55,1.67,49.77,83.3,1756.3,27.05,198.55,2600.6,0,NORMAL
CARG-01,73.67,3323.93,2.36,48.74,85.95,1561.8,26.55,182.06,3415.6,0,NORMAL
PALA-02,85.68,3036.3,2.96,54.43,88.81,1708.3,18.78,114.2,640.4,1,FALLA_ELECTRICA
CARG-02,79.54,3161.33,3.72,61.23,77.63,1763.1,26.34,153.95,3063.1,0,NORMAL
PALA-01,77.55,3448.45,3.31,51.05,84.24,1803.2,21.11,120.01,3280.7,1,FALLA_ELECTRICA
CARG-02,87.72,3382.77,2.69,58.33,78.6,1767.5,28.44,189.29,2704.6,0,NORMAL
PALA-01,83.47,3606.44,2.97,57.76,87.25,1492.7,26.46,124.38,1409.8,0,NORMAL
PALA-02,85.92,3280.74,0.57,42.9,76.25,1756.3,26.7,127.29,265.1,0,NORMAL
CARG-01,81.25,3140.05,2.97,51.24,84.67,1981.7,25.65,162.88,153.7,0,NORMAL
PALA-02,94.06,3259.22,2.11,52.12,78.79,1767.1,26.26,232.47,2104.7,0,NORMAL
PALA-03,79.28,3222.89,1.64,55.91,83.22,1553.8,26.54,202.74,2769.2,0,NORMAL
PALA-02,89.85,3225.42,2.05,56.85,86.07,1634.8,26.96,125.38,1101.5,0,NORMAL
CARG-01,81.72,3245.72,2.19,55.65,78.42,1658.6,26.24,117.14,1585.2,0,NORMAL
PALA-01,74.55,3082.28,0.6,49.53,75.13,1440.2,27.0,139.3,914.8,0,NORMAL
PALA-01,84.17,3300.8,0.88,50.83,79.96,1732.1,26.1,110.93,2852.4,0,NORMAL
PALA-02,83.42,2996.44,1.08,46.48,79.45,1678.0,27.21,187.55,2809.2,0,NORMAL
PALA-02,77.27,3120.97,4.34,54.33,75.86,1683.6,26.73,183.05,2581.3,0,NORMAL
PALA-01,77.85,4308.2,1.13,52.16,72.96,1705.1,26.7,314.31,2969.5,1,FALLA_SOBRECARGA
PALA-02,81.89,2843.28,2.04,56.66,85.87,1633.3,16.82,161.71,585.1,1,FALLA_ELECTRICA
PALA-02,83.57,3388.42,2.29,57.48,86.97,1822.6,26.33,164.21,1588.5,0,NORMAL
PALA-01,70.88,2880.43,2.28,52.33,78.59,1742.1,26.1,122.7,2864.3,0,NORMAL
PALA-03,86.74,3370.53,1.71,55.41,79.83,1655.9,27.1,169.62,3348.0,0,NORMAL
CARG-02,79.77,1468.82,3.07,28.32,84.23,1773.4,25.32,204.25,2829.8,1,FALLA_PRESION_HIDRAULICA
PALA-01,76.01,3177.11,2.29,48.43,84.29,1762.7,25.83,144.94,3132.7,0,NORMAL
PALA-03,86.23,3343.44,1.69,50.0,88.12,1605.4,27.37,174.23,117.2,0,NORMAL
PALA-03,81.89,3645.67,2.62,42.66,83.49,1699.2,26.55,162.37,2664.7,0,NORMAL
PALA-02,87.47,3270.96,4.2,52.02,76.9,1699.1,27.38,141.33,536.1,0,NORMAL
CARG-01,83.97,2893.13,0.88,51.03,84.16,1649.8,27.06,178.02,2615.4,0,NORMAL
PALA-02,81.99,3421.67,1.69,48.52,78.21,1557.2,27.15,223.61,297.5,0,NORMAL
PALA-03,81.31,3208.25,2.15,58.1,80.74,1646.0,26.74,208.13,1068.0,0,NORMAL
PALA-01,84.17,3262.58,1.99,56.63,85.45,1872.0,25.87,130.55,2405.7,0,NORMAL
PALA-03,80.14,3350.42,2.75,56.77,77.38,1642.1,26.46,164.16,718.1,0,NORMAL
PALA-03,78.16,2849.43,1.29,57.46,80.71,1827.9,25.4,185.6,2757.1,0,NORMAL
PALA-01,84.74,3251.18,1.85,53.99,76.1,1715.8,26.27,162.91,356.7,0,NORMAL
PALA-02,81.35,3176.26,0.96,53.94,77.05,1740.1,25.96,115.03,2908.2,0,NORMAL
CARG-02,82.15,3469.93,1.98,58.15,78.81,1573.1,24.91,133.52,2016.5,0,NORMAL
PALA-02,86.9,3380.88,2.08,57.34,87.52,1859.7,26.74,181.96,114.0,0,NORMAL
PALA-03,81.49,2957.14,1.66,59.14,81.13,1967.2,26.66,227.5,925.6,0,NORMAL
CARG-02,82.07,3477.27,1.17,53.78,91.58,1636.2,27.41,137.35,1714.4,0,NORMAL
CARG-01,79.3,3330.91,1.04,49.07,84.82,1876.4,25.42,126.66,2267.3,0,NORMAL
PALA-03,83.94,2971.5,1.22,55.19,84.93,1567.7,27.26,199.49,2374.6,0,NORMAL
CARG-01,83.57,3260.04,1.78,51.11,76.62,1713.5,24.54,168.21,3137.7,0,NORMAL
CARG-02,86.05,3436.27,1.37,57.27,80.39,1579.3,26.28,146.39,1561.6,0,NORMAL
PALA-02,79.39,3031.47,9.15,55.44,76.43,1765.3,27.98,153.24,4185.5,1,FALLA_DESGASTE_RODAMIENTOS
PALA-02,79.94,3497.96,2.8,54.26,79.76,1695.5,26.38,155.04,970.6,0,NORMAL
PALA-02,85.56,2977.73,0.98,52.04,79.17,1713.9,25.81,186.29,370.9,0,NORMAL
CARG-02,83.13,3107.58,1.76,59.0,80.83,1877.4,26.33,167.97,2942.1,0,NORMAL
PALA-03,77.92,3080.28,1.69,58.62,84.3,1869.2,27.08,106.44,567.4,0,NORMAL
PALA-01,87.88,3497.85,1.78,51.2,79.95,1699.3,26.17,155.55,1286.1,0,NORMAL
CARG-02,74.36,3161.62,1.71,47.86,84.37,1852.9,26.71,224.25,551.4,0,NORMAL
PALA-02,85.53,3040.69,1.54,54.9,75.14,1858.0,26.7,198.83,1832.0,0,NORMAL
PALA-01,76.31,3330.14,1.75,59.93,82.79,1853.1,26.84,203.89,724.9,0,NORMAL
PALA-03,90.49,3369.01,2.28,47.69,79.26,1737.7,27.23,130.76,2685.3,0,NORMAL
PALA-02,75.05,3370.16,2.31,56.35,82.01,1759.7,27.98,172.65,1744.0,0,NORMAL
CARG-02,87.19,3201.16,2.14,49.9,84.45,1686.0,26.47,193.23,1761.3,0,NORMAL
PALA-01,81.63,3295.82,1.47,48.92,75.23,2000.1,26.66,162.6,3331.7,0,NORMAL
CARG-01,80.35,3132.96,0.94,58.66,86.88,1767.9,25.45,201.41,1158.3,0,NORMAL
PALA-03,82.83,3551.46,2.19,57.25,80.23,1710.1,27.16,130.02,1363.5,0,NORMAL
PALA-01,84.84,3455.96,2.0,53.24,88.45,1780.4,27.49,167.46,2092.3,0,NORMAL
CARG-02,77.93,3444.93,2.07,57.95,81.28,1752.6,26.95,139.23,1227.2,0,NORMAL
PALA-03,78.33,3392.94,4.35,57.42,86.28,1967.5,25.29,211.69,2909.9,0,NORMAL
PALA-02,84.92,3343.55,2.6,46.57,81.24,1717.4,26.08,158.07,1935.9,0,NORMAL
PALA-02,74.32,3026.01,1.89,54.42,82.07,1811.9,26.44,152.63,59.2,0,NORMAL
CARG-02,79.37,3363.99,3.0,61.06,81.46,1705.7,25.71,120.23,1161.2,0,NORMAL
PALA-02,95.68,3270.57,2.15,56.37,80.12,1517.5,28.12,188.99,1771.9,0,NORMAL
PALA-01,77.64,3477.41,2.56,40.92,79.97,1720.2,26.73,175.47,2742.8,0,NORMAL
PALA-01,87.17,3395.34,1.93,48.65,81.9,1822.4,27.15,159.36,2605.2,0,NORMAL
PALA-02,79.36,3349.07,0.46,58.98,83.19,1736.3,27.16,181.11,2362.1,0,NORMAL
CARG-01,84.29,3748.63,1.77,51.21,81.93,1581.3,26.49,397.39,2927.1,1,FALLA_SOBRECARGA
PALA-02,84.94,3233.98,2.22,59.61,83.08,1910.2,25.44,167.07,789.0,0,NORMAL
PALA-01,87.08,3149.58,1.56,64.23,74.93,1577.2,27.03,175.56,1635.9,0,NORMAL
PALA-01,81.1,3295.43,2.38,52.81,84.62,1627.2,28.01,178.96,1915.4,0,NORMAL
PALA-02,114.8,3175.2,1.55,50.91,103.94,1585.0,26.1,98.36,3408.8,1,FALLA_TERMICA
CARG-02,79.35,3200.33,4.34,48.97,74.41,1595.6,25.95,176.5,3418.2,0,NORMAL
PALA-02,83.05,3332.63,2.21,57.79,88.39,1725.4,27.07,102.7,1765.9,0,NORMAL
CARG-02,83.1,3172.22,11.29,50.99,86.64,1793.3,27.14,160.26,3808.0,1,FALLA_DESGASTE_RODAMIENTOS
PALA-02,76.95,3271.89,2.01,51.99,80.96,1649.6,27.32,179.72,3112.0,0,NORMAL
PALA-01,80.71,2976.51,1.43,48.46,85.28,1787.7,26.29,96.07,142.2,0,NORMAL
CARG-02,82.73,3100.17,3.13,51.84,79.68,1812.3,26.29,161.81,1609.1,0,NORMAL
PALA-02,80.06,3368.09,1.25,50.47,79.12,1680.5,24.3,147.62,1769.0,0,NORMAL
CARG-01,92.98,3028.57,3.85,44.09,78.62,1538.3,26.44,151.3,557.1,0,NORMAL
CARG-02,78.23,3474.23,3.22,49.81,78.44,1901.7,25.95,187.19,1331.8,0,NORMAL
PALA-01,87.31,3425.39,1.3,57.73,79.96,1639.5,24.63,226.51,2367.3,0,NORMAL
PALA-01,85.85,3201.72,1.04,60.74,78.14,1454.8,27.92,185.73,2459.9,0,NORMAL
CARG-01,81.94,3789.77,1.34,53.47,69.61,1673.3,26.59,160.88,2736.6,0,NORMAL
PALA-02,78.11,3473.76,3.56,54.17,80.27,1790.0,24.97,112.87,2028.1,0,NORMAL
PALA-01,78.54,3079.13,1.75,55.43,77.12,1808.0,26.7,207.87,1063.0,0,NORMAL
PALA-01,79.67,3384.31,0.87,63.81,82.19,1583.6,27.89,154.29,92.4,0,NORMAL
PALA-01,73.96,3261.86,3.0,48.95,80.04,1498.2,27.36,100.98,2140.6,0,NORMAL
CARG-01,77.48,3110.19,2.71,47.69,83.54,1756.7,27.17,119.54,1992.7,0,NORMAL
PALA-01,75.33,3057.42,2.53,53.74,81.05,1782.0,25.41,115.58,2236.7,0,NORMAL
PALA-02,88.06,3429.08,4.12,55.97,75.93,1854.2,25.96,121.01,3261.0,0,NORMAL
PALA-03,84.78,3142.37,2.45,53.83,75.94,1840.4,25.71,195.49,870.4,0,NORMAL
PALA-02,85.54,3231.66,3.23,47.18,76.04,1737.6,26.41,166.94,2487.5,0,NORMAL
PALA-01,84.65,3084.22,1.61,58.42,77.54,1609.8,27.02,178.93,741.3,0,NORMAL
CARG-01,82.75,3115.33,2.28,53.31,78.19,1662.1,26.75,61.96,2761.2,0,NORMAL
PALA-01,88.57,3227.15,3.12,56.77,84.68,1690.8,25.67,186.87,155.8,0,NORMAL
CARG-01,79.25,3319.87,0.83,61.76,81.75,1610.2,26.25,182.04,978.0,0,NORMAL
CARG-02,82.48,2784.1,1.67,46.68,73.56,1849.7,27.23,97.3,939.6,0,NORMAL
PALA-02,85.36,3253.05,1.89,45.41,77.5,1843.3,26.81,116.43,2978.4,0,NORMAL
PALA-03,76.05,3115.7,3.62,56.83,80.85,1552.5,26.72,199.83,1939.5,0,NORMAL
PALA-02,95.93,3502.43,2.09,43.83,76.98,1681.4,25.7,139.13,1476.2,0,NORMAL
PALA-02,82.13,3779.7,0.9,52.0,81.32,1967.5,26.53,195.33,893.0,0,NORMAL
CARG-02,82.64,3185.33,1.29,51.14,77.64,1859.5,25.49,160.35,1163.7,0,NORMAL
CARG-02,87.66,2940.0,1.65,55.8,80.46,1742.6,25.74,142.05,2539.0,0,NORMAL
PALA-02,86.12,3271.04,1.64,50.67,78.72,1851.5,25.22,155.1,2983.3,0,NORMAL
PALA-03,82.17,3213.02,3.21,56.46,81.45,1917.9,27.78,90.31,367.3,0,NORMAL
CARG-02,82.59,3604.84,2.84,48.67,86.76,1731.4,27.82,173.33,100.1,0,NORMAL
CARG-02,75.23,3549.99,1.37,47.79,84.57,1557.2,25.6,118.02,1944.3,0,NORMAL
PALA-03,79.5,3405.77,1.8,54.1,76.68,1823.2,25.78,95.96,2940.0,0,NORMAL
PALA-02,84.33,3144.4,1.37,54.53,91.04,1829.4,26.15,108.15,128.5,0,NORMAL
PALA-02,84.0,3372.0,2.7,55.48,85.72,1599.3,27.37,128.19,2046.2,0,NORMAL
CARG-02,87.5,3297.7,2.01,61.4,78.26,1751.3,26.89,180.48,2860.6,0,NORMAL
PALA-01,81.46,3293.44,1.16,60.4,77.53,1625.1,27.51,132.03,441.3,0,NORMAL
PALA-03,75.76,2969.52,3.86,56.26,82.36,1522.6,27.75,186.33,1298.8,0,NORMAL
PALA-02,86.76,3441.12,3.91,58.05,83.82,1746.5,26.79,190.98,397.7,0,NORMAL
PALA-02,88.46,3269.41,1.1,55.31,88.07,1894.3,26.64,193.76,182.0,0,NORMAL
PALA-02,108.35,3231.85,3.37,59.9,108.62,1758.5,27.49,224.31,1754.5,1,FALLA_TERMICA
CARG-02,81.26,3141.97,1.38,55.82,78.35,1741.2,27.26,176.49,2343.5,0,NORMAL
PALA-01,86.7,3107.15,2.54,51.24,78.97,1560.1,27.26,180.35,3232.5,0,NORMAL
PALA-03,97.43,3307.11,1.11,50.24,83.51,1795.4,26.78,137.49,1114.5,0,NORMAL
PALA-01,82.52,2935.15,1.13,59.75,75.64,1653.6,27.23,79.06,948.9,0,NORMAL
PALA-01,76.1,3392.11,1.35,53.08,86.98,1626.6,26.16,171.31,2199.2,0,NORMAL
PALA-02,79.36,3060.26,3.13,63.58,78.82,1825.9,25.95,112.11,3318.0,0,NORMAL
PALA-03,84.81,2879.44,0.68,48.48,84.84,1574.1,26.13,111.06,690.7,0,NORMAL
PALA-02,74.78,3577.94,2.51,60.26,85.8,1694.6,28.22,119.24,459.3,0,NORMAL
PALA-02,82.76,3095.54,2.3,51.87,93.22,1582.3,25.57,182.69,2959.4,0,NORMAL
PALA-01,83.71,3120.01,3.22,56.04,79.78,1684.1,27.15,193.82,512.3,0,NORMAL
PALA-02,88.91,3454.22,1.27,47.49,79.89,1456.9,27.98,165.63,1551.3,0,NORMAL
CARG-02,87.9,3583.8,3.25,44.81,79.68,1785.0,26.72,121.21,2745.8,0,NORMAL
CARG-02,85.89,2974.06,3.13,61.4,81.69,1766.8,26.15,150.09,1344.6,0,NORMAL
PALA-02,72.27,3077.89,1.58,51.81,78.42,1981.2,26.84,209.37,2290.7,0,NORMAL
PALA-03,86.14,3091.12,2.63,58.93,85.85,1749.1,26.01,150.72,2785.2,0,NORMAL
CARG-02,85.17,3418.26,1.14,50.72,85.03,1611.7,25.67,142.43,1912.5,0,NORMAL
PALA-01,83.15,3545.04,1.72,58.93,79.97,1839.0,27.48,207.33,740.3,0,NORMAL
CARG-01,74.21,3055.55,1.4,51.86,78.16,1836.3,27.43,239.83,827.3,0,NORMAL
CARG-02,78.5,3504.65,1.06,47.95,79.26,1876.8,26.15,148.51,3443.5,0,NORMAL
PALA-01,76.75,3122.37,2.48,57.23,79.12,1484.7,26.01,102.98,2848.9,0,NORMAL
PALA-01,72.93,3310.5,1.52,58.72,82.98,1635.9,26.57,162.71,1151.8,0,NORMAL
CARG-02,81.99,1442.96,3.34,26.71,81.77,1611.1,26.32,148.19,665.1,1,FALLA_PRESION_HIDRAULICA
PALA-03,78.41,3228.05,1.02,53.28,84.29,1903.4,25.75,211.8,1019.9,0,NORMAL
PALA-01,93.81,3230.0,3.04,45.26,86.95,1816.7,25.18,115.15,2882.6,0,NORMAL
PALA-02,81.24,3193.27,1.92,48.66,82.19,1855.7,25.23,127.87,2104.2,0,NORMAL
PALA-02,87.82,3319.29,2.16,50.49,83.37,1589.8,25.44,147.05,2432.0,0,NORMAL
PALA-03,74.94,3068.73,1.22,52.71,90.83,1735.9,25.57,184.27,2315.1,0,NORMAL
CARG-01,79.61,3090.93,1.86,59.65,83.28,1524.7,26.57,122.96,2998.8,0,NORMAL
CARG-02,82.44,3328.82,2.16,53.41,79.04,1587.7,25.76,197.55,3458.5,0,NORMAL
PALA-02,77.91,2430.8,2.42,18.22,80.73,1734.8,25.78,142.81,2225.6,1,FALLA_PRESION_HIDRAULICA
PALA-03,80.1,3245.89,10.32,41.05,74.34,1746.6,25.4,107.01,3147.3,1,FALLA_DESGASTE_RODAMIENTOS
PALA-03,81.02,3340.66,2.28,50.53,83.18,1767.2,25.41,130.37,437.0,0,NORMAL
PALA-02,80.95,3386.45,3.54,51.43,78.8,1642.0,25.39,112.16,3229.3,0,NORMAL
PALA-01,90.35,3399.49,1.0,55.78,77.44,1771.0,26.34,114.79,266.3,0,NORMAL
CARG-02,83.7,3078.37,0.77,46.74,77.54,1720.6,27.23,227.44,2387.9,0,NORMAL
CARG-02,84.16,3110.14,3.85,47.09,85.57,1908.4,27.6,164.84,2612.7,0,NORMAL
PALA-02,84.43,3125.79,2.3,56.27,79.96,1668.8,26.44,197.17,1196.2,0,NORMAL
PALA-03,84.76,3597.15,3.2,60.67,84.06,1499.9,27.25,145.61,407.3,0,NORMAL
PALA-01,81.63,3341.47,0.46,44.18,82.54,1794.0,25.77,181.32,1515.7,0,NORMAL
PALA-03,80.56,3333.4,8.36,50.16,81.8,1760.3,26.85,131.8,4168.5,1,FALLA_DESGASTE_RODAMIENTOS
PALA-03,82.75,3315.92,0.66,59.56,79.47,1613.2,25.7,219.92,2099.1,0,NORMAL
PALA-03,87.21,3012.26,2.54,58.67,82.98,1680.8,26.75,151.14,170.4,0,NORMAL
CARG-02,87.07,3598.87,2.31,49.37,79.3,1743.3,25.74,130.42,216.2,0,NORMAL
PALA-03,80.92,3336.25,3.8,59.8,81.63,1674.5,25.81,115.33,2026.2,0,NORMAL
PALA-02,85.46,3380.17,2.07,54.22,85.42,1586.7,26.36,119.89,526.5,0,NORMAL
CARG-01,81.12,2932.21,3.27,57.3,86.27,1696.0,27.7,115.42,1289.6,0,NORMAL
PALA-01,82.15,3390.34,2.81,50.48,79.26,1826.1,27.08,220.42,3068.7,0,NORMAL
PALA-02,79.87,3185.88,1.86,55.46,82.49,1676.6,25.82,152.4,135.2,0,NORMAL
PALA-02,81.18,3011.9,2.33,48.17,83.34,1745.4,25.56,149.81,566.0,0,NORMAL
PALA-02,88.04,3078.32,3.58,51.26,81.95,1698.2,25.75,275.23,3173.1,0,NORMAL
CARG-01,82.42,3022.32,5.93,52.52,84.05,1571.8,26.92,213.4,1361.8,0,NORMAL
PALA-02,82.61,3019.28,2.81,54.7,84.1,1707.2,26.57,116.15,1315.1,0,NORMAL
CARG-01,75.49,3260.9,3.17,66.03,88.35,1666.6,26.92,207.12,1958.8,0,NORMAL
PALA-03,80.61,3180.38,2.58,66.8,89.63,1811.0,25.99,147.51,1566.3,0,NORMAL
PALA-02,80.91,3310.13,3.4,52.06,80.34,1868.2,26.67,155.45,2721.3,0,NORMAL
CARG-01,78.27,3551.68,0.69,61.4,87.64,1825.8,26.62,139.26,1020.0,0,NORMAL
PALA-01,82.1,3226.69,2.31,48.45,82.76,1631.8,27.41,154.72,571.7,0,NORMAL
PALA-01,80.07,2845.92,2.07,56.0,80.29,1580.5,27.66,138.89,1963.5,0,NORMAL
PALA-03,82.36,3206.45,6.74,50.57,83.43,1538.4,27.12,148.12,3686.7,1,FALLA_DESGASTE_RODAMIENTOS
PALA-02,82.55,3464.81,2.37,51.75,80.07,1740.3,27.41,145.34,1290.4,0,NORMAL
PALA-01,77.7,3234.53,2.25,67.3,80.83,1634.9,26.38,176.42,1352.9,0,NORMAL
PALA-03,80.21,3525.28,2.26,52.07,76.61,1586.4,25.84,177.6,3190.6,0,NORMAL
PALA-03,82.35,3331.53,0.18,50.75,81.32,1955.4,26.38,164.75,2787.8,0,NORMAL
PALA-02,87.33,2919.11,3.58,49.0,84.73,1778.3,26.29,211.86,739.9,0,NORMAL
CARG-02,83.16,3269.72,3.12,50.15,83.88,1760.3,26.24,197.36,1578.8,0,NORMAL
PALA-03,79.02,3303.46,0.91,46.89,82.45,1754.4,26.39,206.12,2648.7,0,NORMAL
CARG-02,83.8,3444.46,1.39,55.11,87.95,1914.3,26.26,133.97,1839.9,0,NORMAL
PALA-01,89.68,3577.53,3.96,55.02,89.54,1700.0,26.03,119.5,3271.4,0,NORMAL
PALA-03,86.13,3413.39,1.54,55.69,82.99,1794.1,26.3,169.77,2504.6,0,NORMAL
CARG-02,84.46,3329.29,2.48,53.94,87.39,1828.4,27.04,174.54,534.5,0,NORMAL
PALA-03,85.27,3371.71,2.45,51.16,82.4,1942.9,25.71,125.06,1428.3,0,NORMAL
CARG-01,88.48,3219.76,1.54,50.72,81.35,1719.8,27.48,171.61,3007.2,0,NORMAL
PALA-02,86.84,2986.68,1.1,54.8,84.84,1868.2,27.27,99.78,1433.5,0,NORMAL
PALA-01,84.55,3257.47,0.76,53.74,80.72,1500.6,26.47,148.05,1808.3,0,NORMAL
PALA-02,86.81,3315.75,2.41,50.82,71.56,1974.1,24.49,114.45,2862.2,0,NORMAL
PALA-02,77.13,3033.34,2.62,52.57,79.97,1770.7,24.66,174.56,119.3,0,NORMAL
CARG-02,75.24,3488.79,1.15,61.7,74.98,1810.6,26.49,187.68,318.0,0,NORMAL
PALA-01,82.71,3430.97,7.43,63.85,79.45,1565.9,26.94,87.04,3572.4,1,FALLA_DESGASTE_RODAMIENTOS
CARG-02,82.31,3003.08,2.03,52.9,78.82,1558.2,27.82,51.49,2693.0,0,NORMAL
CARG-02,79.55,3495.85,2.45,50.33,78.84,1642.5,26.08,215.44,1002.7,0,NORMAL
PALA-01,85.72,3194.5,1.92,53.78,76.79,1722.4,25.99,118.97,1478.0,0,NORMAL
PALA-02,73.62,3109.87,2.07,59.68,76.2,1689.5,25.43,140.77,1237.0,0,NORMAL
CARG-02,79.59,3444.27,2.21,53.78,78.41,1670.8,26.88,123.19,2811.0,0,NORMAL
CARG-02,79.82,3240.81,2.74,55.78,79.52,1696.4,26.41,200.72,2143.2,0,NORMAL
PALA-02,74.64,3591.85,2.87,50.71,79.81,1439.8,26.02,192.96,799.9,0,NORMAL
PALA-02,88.73,3991.87,1.22,48.17,82.04,1771.2,26.42,310.92,3097.5,1,FALLA_SOBRECARGA
PALA-03,75.88,2938.3,1.46,57.81,83.83,1699.6,26.32,183.8,87.6,0,NORMAL
PALA-03,79.35,3199.52,1.1,54.97,76.96,1834.1,27.17,169.81,1492.3,0,NORMAL
PALA-02,86.09,3392.06,4.42,57.28,77.5,1662.9,26.06,170.68,2798.1,0,NORMAL
CARG-01,84.91,3083.11,1.16,45.45,87.66,1675.4,26.4,182.01,1637.0,0,NORMAL
PALA-01,77.01,3010.58,0.8,63.16,84.03,1739.0,27.08,159.7,1020.5,0,NORMAL
PALA-01,85.07,3291.21,1.3,55.26,77.9,1802.1,26.19,141.9,3219.2,0,NORMAL
PALA-02,83.3,2986.54,4.73,44.96,75.99,1858.1,25.81,191.19,2354.9,0,NORMAL
PALA-02,92.5,3305.2,1.31,58.93,79.01,1715.1,25.38,165.61,1919.1,0,NORMAL
PALA-02,83.82,3188.69,1.4,52.13,79.99,1771.4,25.57,159.56,3249.3,0,NORMAL
PALA-02,81.36,3339.0,2.85,54.15,83.73,1724.0,25.89,163.89,3186.2,0,NORMAL
PALA-02,78.15,3000.91,3.26,51.61,71.79,1684.7,27.17,138.24,1242.6,0,NORMAL
PALA-01,78.65,3483.67,1.38,53.51,77.14,1489.3,25.81,113.83,1254.7,0,NORMAL
PALA-02,78.28,3217.05,0.94,53.76,88.2,1744.7,26.23,137.84,1064.5,0,NORMAL
CARG-02,88.17,2384.89,1.45,25.62,81.06,1610.7,25.58,167.77,1027.6,1,FALLA_PRESION_HIDRAULICA
PALA-02,82.08,3422.78,2.51,58.33,81.25,1824.5,26.44,156.95,544.9,0,NORMAL
PALA-02,84.54,3041.66,2.09,54.56,78.74,1615.8,26.63,121.78,2260.6,0,NORMAL
PALA-03,88.81,3408.81,3.11,56.23,84.15,1651.8,26.68,110.63,1084.2,0,NORMAL
CARG-02,71.39,2993.49,2.61,58.08,73.79,1621.4,27.8,117.4,1596.2,0,NORMAL
PALA-01,87.75,3003.38,2.77,54.6,79.3,1784.0,26.39,153.88,1694.4,0,NORMAL
PALA-03,82.25,3603.52,2.89,55.66,72.68,1683.6,26.63,215.91,2361.1,0,NORMAL
CARG-01,83.96,3450.13,2.61,46.65,80.92,1788.2,25.95,117.78,2896.6,0,NORMAL
PALA-03,78.27,3623.26,2.23,49.85,79.22,1399.6,28.14,184.96,3392.9,0,NORMAL
PALA-01,78.6,3183.36,2.37,54.43,74.48,1959.3,27.08,111.11,1565.5,0,NORMAL
PALA-03,84.2,3268.44,2.82,54.93,85.04,1598.8,27.11,186.88,2995.7,0,NORMAL
PALA-01,124.16,3344.92,1.23,56.0,103.86,1812.2,27.27,136.07,1889.0,1,FALLA_TERMICA
PALA-03,86.51,3247.8,3.76,61.03,85.12,1780.0,27.0,156.87,3273.4,0,NORMAL
CARG-01,87.69,3115.7,1.03,53.53,74.97,1805.4,27.31,184.61,2672.7,0,NORMAL
PALA-01,81.14,3088.7,0.96,55.81,76.99,1621.9,26.25,163.01,2416.1,0,NORMAL
CARG-01,79.3,3288.5,1.62,54.29,85.81,1679.3,28.21,168.48,1491.1,0,NORMAL
PALA-01,78.49,3057.97,1.8,52.75,84.24,1767.8,25.16,163.47,1097.4,0,NORMAL
CARG-01,79.8,3052.92,2.05,52.95,86.61,1720.5,26.18,224.76,2833.8,0,NORMAL
PALA-02,72.76,3320.84,2.03,50.08,80.04,1610.9,27.79,115.28,2053.3,0,NORMAL
PALA-01,78.74,3232.87,1.49,53.41,80.56,1788.8,26.26,155.04,319.7,0,NORMAL
PALA-01,79.48,3418.7,1.4,52.91,83.46,1994.0,26.93,160.35,1551.1,0,NORMAL
CARG-02,81.21,3173.52,2.31,53.24,75.6,1669.4,26.02,128.88,550.4,0,NORMAL
PALA-01,82.59,3145.37,3.11,45.29,81.78,1778.6,26.76,187.95,145.2,0,NORMAL
PALA-01,83.63,4222.09,1.35,53.51,91.14,1747.3,26.11,269.19,3473.0,1,FALLA_SOBRECARGA
PALA-02,81.93,3103.84,0.63,49.61,79.57,1675.5,27.33,188.48,1921.1,0,NORMAL
PALA-03,79.38,3131.54,0.98,53.69,74.59,1816.8,26.63,162.96,2852.8,0,NORMAL
PALA-03,73.16,3138.68,1.45,48.53,82.64,1815.1,25.0,147.21,1603.6,0,NORMAL
PALA-01,79.41,3212.25,0.84,54.25,77.4,1654.0,25.75,220.29,2241.3,0,NORMAL
PALA-02,77.62,3569.04,2.69,52.52,80.57,1892.0,25.62,95.87,3466.8,0,NORMAL
PALA-01,84.1,3002.18,1.46,50.87,85.35,1721.3,27.52,181.69,2308.2,0,NORMAL
PALA-01,86.09,3483.19,2.81,55.45,83.23,1849.1,25.41,208.98,611.5,0,NORMAL
PALA-02,86.22,3382.8,2.21,55.88,79.05,1761.3,26.19,107.83,2763.7,0,NORMAL
CARG-01,85.41,3532.06,2.82,53.75,84.35,1724.7,28.09,159.02,3256.3,0,NORMAL
PALA-01,81.4,3814.6,2.91,56.84,74.33,1719.0,27.4,176.59,1162.0,0,NORMAL
PALA-02,79.65,3507.66,4.33,51.93,81.79,1801.1,25.72,129.7,821.4,0,NORMAL
PALA-02,78.64,3416.62,0.34,56.0,79.46,1588.0,25.69,179.74,963.5,0,NORMAL
CARG-02,75.22,3013.75,2.71,53.79,71.56,1764.6,25.62,209.87,626.1,0,NORMAL
CARG-02,86.46,3036.48,2.31,49.0,76.16,1877.2,26.57,185.68,780.1,0,NORMAL
CARG-01,81.21,3314.83,3.3,49.99,80.94,1781.3,26.0,225.78,2425.3,0,NORMAL
PALA-01,76.39,2944.35,1.05,59.83,83.99,1510.4,26.58,123.02,1320.5,0,NORMAL
PALA-01,78.28,3360.78,1.53,61.88,81.09,1554.0,26.65,152.06,3107.4,0,NORMAL
PALA-02,78.1,2865.71,2.28,57.57,79.82,1722.5,26.44,106.62,1287.3,0,NORMAL
PALA-02,82.19,3457.4,2.0,51.08,84.24,1625.6,26.52,143.48,3218.0,0,NORMAL
PALA-03,86.8,3192.09,1.06,61.14,82.1,1826.8,26.47,177.91,509.4,0,NORMAL
CARG-01,80.43,3272.79,1.3,57.06,84.99,1663.1,25.78,169.22,166.6,0,NORMAL
CARG-02,71.86,3115.29,8.68,55.68,83.3,1786.2,25.24,140.71,3161.2,1,FALLA_DESGASTE_RODAMIENTOS
CARG-01,81.15,2908.27,1.29,63.21,78.15,1952.7,26.44,155.58,2698.5,0,NORMAL
PALA-02,81.3,3472.25,2.85,49.7,83.68,1722.8,25.77,90.69,2458.4,0,NORMAL
PALA-03,80.99,3490.43,0.75,57.86,84.84,1598.6,27.18,161.33,1503.9,0,NORMAL
PALA-02,79.18,3186.73,9.0,49.93,86.6,1767.5,25.4,214.42,2860.6,1,FALLA_DESGASTE_RODAMIENTOS
PALA-01,82.98,4282.68,1.27,50.97,78.89,1753.9,26.11,237.53,844.4,1,FALLA_SOBRECARGA
CARG-01,82.3,3179.64,2.05,67.01,79.55,1750.0,26.52,159.12,2813.7,0,NORMAL
PALA-01,81.89,3301.93,1.28,56.51,84.52,1884.2,27.41,207.84,3296.8,0,NORMAL
PALA-02,83.86,3386.65,1.29,63.25,84.37,1577.7,26.09,124.21,3332.0,0,NORMAL
PALA-02,80.07,3349.92,4.4,56.72,78.96,1839.9,26.55,153.05,1342.0,0,NORMAL
PALA-03,79.81,3491.37,1.23,56.01,78.31,1647.3,26.89,200.79,2299.6,0,NORMAL
CARG-01,88.21,3343.4,3.06,50.87,79.27,1885.7,27.01,250.93,1112.1,0,NORMAL
PALA-02,84.52,3255.06,2.85,58.89,81.32,1465.3,26.69,169.18,2993.3,0,NORMAL
CARG-01,85.72,3112.94,2.31,54.13,77.45,1987.7,27.85,172.1,2094.5,0,NORMAL
PALA-02,87.52,3163.87,1.88,54.4,82.68,1687.5,26.08,118.99,3020.1,0,NORMAL
PALA-02,84.37,3395.81,2.07,52.69,74.09,1574.8,27.78,172.75,2624.0,0,NORMAL
CARG-01,86.18,2979.67,1.43,53.5,77.67,1828.9,26.95,148.95,899.5,0,NORMAL
PALA-03,74.89,3449.05,1.5,54.12,81.74,1781.4,26.6,171.82,156.3,0,NORMAL
CARG-02,82.92,3199.39,8.18,54.61,77.32,1774.4,26.66,176.89,3757.0,1,FALLA_DESGASTE_RODAMIENTOS
PALA-01,81.18,3102.65,1.88,53.75,79.33,1831.6,27.15,151.97,1618.5,0,NORMAL
PALA-03,89.55,3052.23,3.08,46.22,80.49,1724.4,25.82,205.39,997.5,0,NORMAL
PALA-03,86.17,3371.39,3.75,56.71,89.48,1684.9,26.52,179.16,2850.5,0,NORMAL
CARG-02,79.16,3247.36,1.55,53.38,75.78,1580.9,26.21,134.7,640.9,0,NORMAL
PALA-01,83.68,3535.98,1.13,37.41,81.94,1706.3,27.68,116.9,1799.2,0,NORMAL
CARG-01,82.75,3022.65,2.89,46.06,76.9,1658.6,25.88,210.74,1496.4,0,NORMAL
PALA-03,84.04,3145.93,1.22,51.63,76.75,1719.0,28.0,198.97,486.8,0,NORMAL
PALA-02,77.42,3233.4,1.57,60.39,77.5,1733.6,26.04,169.79,2379.5,0,NORMAL
PALA-02,83.62,3114.67,1.65,57.04,80.37,1928.5,25.29,114.55,3096.7,0,NORMAL
PALA-02,80.97,3251.1,1.65,50.56,86.74,1630.3,25.7,149.52,3254.2,0,NORMAL
PALA-03,110.78,3307.51,2.4,53.05,109.64,1703.1,25.72,178.27,1968.4,1,FALLA_TERMICA
CARG-02,78.74,3337.21,3.24,59.52,79.17,1667.8,27.73,127.58,101.0,0,NORMAL
PALA-03,79.37,3521.11,4.59,50.92,79.93,1551.7,25.32,225.93,1383.5,0,NORMAL
PALA-03,87.28,3015.37,2.14,48.57,83.37,2069.4,26.66,117.82,1946.1,0,NORMAL
PALA-03,77.27,3310.8,1.07,58.4,81.23,1607.7,27.57,118.77,3390.7,0,NORMAL
PALA-01,77.6,3133.55,2.88,59.58,78.45,1764.3,28.62,167.82,1582.1,0,NORMAL
PALA-01,81.77,3327.4,1.12,50.98,83.65,1924.0,26.31,204.12,1265.1,0,NORMAL
PALA-02,78.53,3327.64,1.24,56.44,87.48,1571.3,26.49,71.38,3234.2,0,NORMAL
PALA-02,78.02,3072.35,0.61,53.8,85.23,1825.1,25.47,130.42,1573.2,0,NORMAL
PALA-01,82.47,3087.79,2.29,51.05,86.43,1535.3,26.1,64.28,3348.7,0,NORMAL
PALA-03,75.23,3342.1,2.79,59.84,80.44,1623.7,28.15,205.84,1146.9,0,NORMAL
PALA-02,77.46,3254.21,1.51,50.68,76.67,1787.4,27.1,130.54,2622.5,0,NORMAL
PALA-02,91.24,3210.47,2.02,57.78,73.0,1687.3,27.37,218.24,2959.9,0,NORMAL
PALA-02,84.07,3368.44,3.28,54.34,72.71,1894.5,26.92,100.09,3110.2,0,NORMAL
PALA-01,78.64,3381.71,2.87,53.14,80.19,1735.4,27.25,122.62,1074.8,0,NORMAL
CARG-02,83.88,3154.67,1.25,51.22,83.03,1782.5,27.95,147.07,3444.7,0,NORMAL
CARG-02,84.55,3096.63,2.1,49.07,84.37,1637.2,26.03,175.91,2612.4,0,NORMAL
CARG-01,86.47,3022.85,2.58,52.75,81.97,1595.4,26.99,161.77,572.4,0,NORMAL
PALA-01,81.43,3256.02,1.31,51.44,78.11,1581.3,25.85,137.15,2670.3,0,NORMAL
CARG-01,86.39,2993.83,0.78,54.46,83.62,1607.8,24.77,74.34,2927.0,0,NORMAL
CARG-01,72.83,3267.9,1.78,48.01,76.21,1636.6,26.61,150.17,678.4,0,NORMAL
CARG-01,77.25,3469.03,2.73,53.24,76.59,1858.9,26.5,153.0,636.4,0,NORMAL
PALA-01,82.74,3186.38,2.12,56.03,83.45,1768.4,26.34,142.81,501.6,0,NORMAL
PALA-03,108.61,3153.48,1.44,50.63,96.31,1566.7,25.89,206.75,1761.0,1,FALLA_TERMICA
CARG-01,77.9,3609.61,2.78,57.7,77.94,1670.6,26.51,150.76,2522.3,0,NORMAL
PALA-03,83.17,3521.75,5.66,58.25,77.09,1716.4,26.74,210.61,1357.4,0,NORMAL
PALA-03,79.19,3112.37,4.15,47.96,81.68,2072.0,27.97,177.63,250.6,0,NORMAL
PALA-02,80.75,3275.02,2.54,50.21,83.35,1721.0,26.83,179.3,1290.9,0,NORMAL
PALA-03,86.61,3309.16,2.45,47.3,83.46,1774.4,26.87,189.9,2471.7,0,NORMAL
PALA-01,86.09,3286.66,1.79,56.12,78.68,1600.9,25.8,172.73,387.1,0,NORMAL
PALA-03,77.51,3576.64,2.15,54.64,80.33,1806.5,25.64,146.22,1970.4,0,NORMAL
PALA-01,77.24,3265.7,0.51,45.99,83.94,1885.7,25.62,176.87,2133.2,0,NORMAL
PALA-02,80.15,3292.7,2.6,50.74,78.88,1701.9,26.16,190.36,2295.9,0,NORMAL
PALA-02,81.88,3373.96,3.16,55.54,77.35,1793.9,26.45,177.87,1243.3,0,NORMAL
PALA-03,79.04,3464.19,1.1,54.56,78.43,1789.1,26.57,108.13,3249.4,0,NORMAL
PALA-01,86.68,3418.64,1.25,60.05,78.57,1728.3,25.75,188.34,3482.7,0,NORMAL
PALA-03,83.56,3346.86,0.56,48.24,81.12,1874.9,24.61,185.98,2937.4,0,NORMAL
CARG-01,83.83,2969.43,1.77,53.96,80.89,1624.2,26.06,189.58,426.6,0,NORMAL
PALA-01,76.3,3162.14,2.0,48.99,80.33,1615.3,27.15,148.97,974.3,0,NORMAL
PALA-01,87.25,3397.5,2.16,54.55,77.8,1720.5,26.1,134.03,744.2,0,NORMAL
PALA-01,102.48,3295.07,1.85,53.09,97.35,1675.2,26.34,158.62,232.5,1,FALLA_TERMICA
CARG-02,85.75,3398.7,0.55,55.36,83.6,1370.6,25.12,192.87,3142.0,0,NORMAL
PALA-03,86.2,3589.69,0.33,51.95,82.37,1632.2,26.5,109.37,699.6,0,NORMAL
PALA-02,80.05,3038.15,1.78,57.81,79.26,1464.4,26.73,161.17,1347.9,0,NORMAL
PALA-01,87.73,3454.82,1.48,50.43,80.77,1681.5,25.94,90.3,1343.8,0,NORMAL
PALA-03,81.72,3190.53,2.43,48.92,85.85,1805.6,27.17,110.5,2731.3,0,NORMAL
CARG-02,82.28,3418.36,1.79,55.13,80.71,1726.5,27.36,198.04,1595.4,0,NORMAL
CARG-01,83.53,3242.58,1.66,63.27,80.97,1736.0,28.09,169.28,1330.3,0,NORMAL
PALA-03,96.34,3632.86,0.79,46.39,87.11,1701.3,25.66,120.73,965.1,0,NORMAL
PALA-01,88.05,3273.42,2.33,48.28,85.28,1745.4,26.63,182.42,1868.0,0,NORMAL
PALA-01,85.16,3134.71,1.85,55.16,78.44,2059.0,25.45,138.48,444.4,0,NORMAL
PALA-01,77.89,3325.58,3.7,59.64,85.28,1677.7,26.88,174.64,2179.1,0,NORMAL
PALA-02,82.65,3308.31,2.25,55.53,80.32,1718.4,26.79,175.34,2890.3,0,NORMAL
PALA-01,78.34,3454.86,1.43,50.96,76.8,1616.3,24.86,183.48,3249.7,0,NORMAL
PALA-02,85.7,3330.65,1.69,56.1,86.22,1491.6,26.62,191.61,2228.0,0,NORMAL
PALA-02,82.63,3695.51,2.39,56.58,78.16,1751.9,26.24,153.02,2885.7,0,NORMAL
CARG-02,76.94,3229.95,3.41,50.6,78.96,1855.8,25.45,151.99,831.0,0,NORMAL
PALA-03,82.37,3232.07,1.33,58.12,79.47,1998.4,26.17,207.02,1823.9,0,NORMAL
CARG-01,78.18,3141.3,3.25,53.83,89.15,1697.5,28.05,129.29,1029.6,0,NORMAL
CARG-01,82.68,3265.42,2.89,45.25,77.19,1688.9,26.86,177.95,3499.2,0,NORMAL
PALA-01,78.13,3291.59,5.6,53.33,78.59,1832.3,25.74,136.8,1346.6,0,NORMAL
CARG-01,82.12,3300.62,1.5,51.15,79.63,1925.5,26.13,161.78,819.8,0,NORMAL
PALA-02,85.38,3262.09,2.19,60.52,83.11,1571.7,24.85,222.01,2713.7,0,NORMAL
PALA-03,81.76,3140.23,1.92,47.36,80.72,1799.7,25.54,116.87,1634.5,0,NORMAL
PALA-02,80.24,3091.3,3.89,51.58,78.33,1939.3,27.75,109.8,488.1,0,NORMAL
CARG-02,82.91,3182.47,0.93,55.29,83.5,1690.1,27.13,209.37,2770.1,0,NORMAL
PALA-02,85.14,3455.48,3.88,66.1,86.43,1581.0,26.76,168.44,1714.0,0,NORMAL
PALA-02,77.02,3494.22,1.24,63.77,74.51,1814.2,26.71,135.35,2772.4,0,NORMAL
CARG-02,83.17,3236.15,2.74,53.77,78.27,1558.5,27.53,155.52,2641.7,0,NORMAL
PALA-01,108.52,3080.52,3.04,55.75,100.77,1862.8,26.66,152.99,2017.4,1,FALLA_TERMICA
PALA-03,84.58,3235.39,1.45,57.01,76.07,1958.9,26.17,150.1,2534.0,0,NORMAL
CARG-01,82.26,3626.5,1.19,48.94,80.38,1660.0,26.33,207.4,3004.3,0,NORMAL
CARG-01,84.88,3429.81,1.11,54.05,86.08,1919.0,26.19,128.15,1598.3,0,NORMAL
CARG-02,84.04,3349.13,1.08,60.78,83.49,1795.8,26.18,152.26,3348.7,0,NORMAL
CARG-02,85.39,3423.28,3.16,54.71,83.08,1886.3,27.76,122.33,677.7,0,NORMAL
PALA-01,72.89,3527.3,1.53,63.75,83.99,1642.0,25.55,152.66,3394.8,0,NORMAL
CARG-01,75.01,3042.48,1.03,51.77,82.3,1794.8,26.0,137.1,854.9,0,NORMAL
PALA-03,86.52,3179.43,3.07,53.56,79.65,1749.1,24.94,171.01,1799.2,0,NORMAL
PALA-03,75.23,3154.83,1.58,53.6,84.86,1625.7,27.21,154.92,1671.1,0,NORMAL
PALA-01,83.81,3355.68,2.73,47.49,79.1,1677.8,26.67,180.42,258.1,0,NORMAL
PALA-03,80.42,3278.82,1.17,59.53,80.35,1789.1,27.79,206.99,708.9,0,NORMAL
CARG-02,77.52,3386.14,1.75,52.33,74.38,1585.0,25.89,118.91,2913.3,0,NORMAL
CARG-02,83.57,3158.76,1.21,55.29,79.09,1575.8,25.76,165.06,1002.0,0,NORMAL
PALA-02,82.9,3496.95,1.35,51.01,81.31,1566.8,25.47,104.55,72.1,0,NORMAL
PALA-01,91.5,3237.52,1.96,62.63,81.11,1626.9,26.76,161.88,2894.6,0,NORMAL
PALA-02,79.19,3375.02,3.59,60.16,84.7,1754.4,26.12,179.27,3334.6,0,NORMAL
CARG-01,88.48,3465.17,3.6,54.29,79.25,1659.2,26.64,148.52,1885.8,0,NORMAL
CARG-01,83.59,3450.72,1.64,47.88,79.41,1873.3,26.06,173.74,2111.9,0,NORMAL
PALA-02,79.03,3314.95,2.36,57.72,78.84,1546.7,27.55,171.13,440.5,0,NORMAL
PALA-01,85.6,3397.48,1.23,59.41,81.97,1781.6,27.41,180.39,3318.5,0,NORMAL
PALA-02,84.55,3563.5,2.71,49.36,87.19,1676.0,26.47,117.92,781.5,0,NORMAL
PALA-02,82.16,3342.45,3.63,53.28,71.76,1707.4,27.24,198.02,1944.9,0,NORMAL
CARG-02,83.2,4186.52,1.11,54.38,79.05,1802.1,26.29,343.54,3379.6,1,FALLA_SOBRECARGA
PALA-03,79.31,3354.95,2.18,59.43,79.6,1403.9,26.36,102.14,1594.5,0,NORMAL
PALA-02,78.28,3243.29,0.46,53.24,72.47,1463.5,24.67,127.85,371.0,0,NORMAL
PALA-03,85.42,2827.36,3.04,58.81,80.5,1712.5,26.81,115.95,792.5,0,NORMAL
PALA-01,80.99,3333.16,0.9,50.14,79.59,1693.3,26.42,141.23,296.5,0,NORMAL
CARG-02,81.64,3271.0,6.53,48.72,79.24,1548.6,27.1,129.9,2857.8,1,FALLA_DESGASTE_RODAMIENTOS
PALA-02,83.26,3458.16,1.48,63.16,76.59,1960.6,26.97,106.42,2082.3,0,NORMAL
PALA-02,83.19,3114.98,0.98,47.44,80.65,1581.0,25.8,101.47,1599.1,0,NORMAL
PALA-02,75.57,2978.97,1.44,50.24,76.33,1656.1,26.25,159.17,1238.3,0,NORMAL
PALA-03,87.79,3280.36,2.7,57.92,77.63,1858.0,26.02,209.76,623.7,0,NORMAL
PALA-03,82.55,3318.43,0.9,51.35,80.2,1639.0,27.24,164.71,2461.0,0,NORMAL
CARG-01,81.09,3266.89,2.81,51.21,85.09,1615.9,27.66,139.18,3379.0,0,NORMAL
PALA-02,83.94,3253.73,0.43,53.01,82.64,1766.7,21.45,122.91,1189.4,1,FALLA_ELECTRICA
PALA-02,83.06,3057.63,1.8,43.22,83.46,1630.8,27.99,115.25,1847.2,0,NORMAL
PALA-01,112.59,3224.99,1.36,59.6,108.77,1767.4,26.82,150.8,619.6,1,FALLA_TERMICA
PALA-03,84.42,3187.29,4.32,54.88,82.76,1781.6,18.06,153.05,307.0,1,FALLA_ELECTRICA
PALA-01,85.23,3443.09,0.94,49.94,76.81,1765.5,25.29,179.31,626.5,0,NORMAL
PALA-03,88.08,3318.28,2.38,45.42,78.75,1861.5,25.66,147.51,368.0,0,NORMAL
CARG-02,85.98,3199.96,0.96,47.17,77.57,1673.7,26.04,208.6,2178.2,0,NORMAL
CARG-02,81.28,3560.3,1.88,46.03,80.46,1659.5,25.86,114.7,2310.4,0,NORMAL
PALA-02,76.95,3201.6,1.78,55.14,79.35,1709.7,26.44,120.65,3495.0,0,NORMAL
PALA-02,89.51,3350.4,1.99,55.19,77.23,1380.4,26.26,174.36,3471.5,0,NORMAL
PALA-01,80.93,3219.95,3.67,57.06,84.7,1745.6,26.46,142.88,1574.3,0,NORMAL
PALA-03,79.87,3543.61,1.82,57.66,84.98,1680.4,28.35,140.41,841.2,0,NORMAL
CARG-01,74.18,3265.63,1.9,57.14,81.72,1765.9,27.1,132.62,1742.5,0,NORMAL
PALA-01,83.52,3270.95,3.12,61.69,76.99,1612.4,26.62,111.51,3146.9,0,NORMAL
PALA-02,82.67,3224.82,2.97,59.98,81.49,1881.4,27.25,86.4,2402.5,0,NORMAL
CARG-01,75.18,3285.37,3.39,58.79,78.55,1695.1,25.75,136.5,2185.7,0,NORMAL
CARG-02,84.04,3465.92,2.08,55.18,86.14,1820.3,25.72,120.24,2450.2,0,NORMAL
PALA-01,79.76,3402.25,1.71,57.6,76.22,1659.1,27.13,170.36,576.8,0,NORMAL
PALA-03,94.11,2150.31,2.53,33.5,83.63,1776.0,26.4,158.06,1365.4,1,FALLA_PRESION_HIDRAULICA
PALA-01,79.44,3556.24,1.7,52.9,83.55,1533.4,26.5,137.32,713.6,0,NORMAL
PALA-01,80.04,3407.14,0.6,62.61,84.59,1456.4,25.49,142.08,3324.9,0,NORMAL
CARG-02,78.06,3171.13,0.66,51.21,81.79,1695.2,26.02,198.22,721.3,0,NORMAL
CARG-01,87.75,3001.54,2.16,50.85,79.68,1717.6,26.07,131.32,676.6,0,NORMAL
CARG-01,80.32,3175.3,1.33,52.19,90.57,1708.5,26.02,192.86,3176.8,0,NORMAL
PALA-01,78.74,3324.4,1.06,51.25,77.49,1685.3,28.12,207.37,3324.5,0,NORMAL
CARG-01,85.18,3357.5,0.7,51.68,83.87,1671.8,28.1,170.21,2507.0,0,NORMAL
PALA-02,75.79,3494.64,0.99,55.21,81.07,1801.0,27.31,146.64,3494.8,0,NORMAL
PALA-02,84.81,3052.98,1.97,55.38,82.37,1934.1,26.48,153.08,223.9,0,NORMAL
PALA-03,90.02,3170.95,3.9,58.56,82.35,2030.5,25.93,186.94,2532.1,0,NORMAL
PALA-01,84.55,3038.02,2.01,64.94,76.67,1851.3,25.57,148.02,696.4,0,NORMAL
CARG-01,84.87,3009.02,1.68,52.16,75.63,1445.5,26.67,243.69,1348.6,0,NORMAL
PALA-03,85.92,3136.99,1.42,53.67,75.89,1846.1,27.42,132.35,1064.4,0,NORMAL
PALA-01,89.69,3315.99,2.76,44.81,79.22,1844.6,27.02,184.45,3048.1,0,NORMAL
PALA-01,87.44,3388.85,1.64,47.54,81.99,1707.9,26.48,192.95,455.1,0,NORMAL
PALA-01,83.98,3079.3,1.53,53.27,78.25,1831.3,26.93,102.54,1115.9,0,NORMAL
PALA-01,86.07,3104.33,1.08,56.32,75.25,1763.2,26.38,167.31,2659.8,0,NORMAL
PALA-03,78.01,2929.63,1.3,56.46,84.67,1718.2,26.18,149.3,2631.5,0,NORMAL
CARG-01,85.49,3288.58,2.57,57.09,74.85,1750.4,25.59,148.78,1917.3,0,NORMAL
PALA-01,77.47,3118.21,2.24,60.29,82.92,1653.5,26.14,194.98,2854.7,0,NORMAL
PALA-01,80.35,3549.35,1.88,62.53,77.99,1499.2,26.64,152.37,342.9,0,NORMAL
PALA-03,68.13,3323.77,1.95,52.78,85.87,1494.7,26.07,210.32,66.7,0,NORMAL
CARG-01,83.81,3219.14,1.47,49.99,78.9,1830.0,25.49,115.96,406.2,0,NORMAL
PALA-02,79.1,3134.6,2.36,57.27,73.96,1596.9,26.49,119.12,2873.1,0,NORMAL
PALA-02,87.0,2980.96,2.03,58.67,80.84,1536.5,26.64,149.17,1760.2,0,NORMAL
PALA-03,83.76,3003.78,1.02,54.68,77.64,1534.0,26.1,138.18,1375.9,0,NORMAL
PALA-02,87.06,3138.01,1.7,53.11,84.24,1662.9,26.38,131.07,858.6,0,NORMAL
PALA-01,77.12,3124.2,1.27,51.48,82.32,1901.9,24.38,79.59,497.9,0,NORMAL
CARG-01,86.67,3070.15,3.41,53.79,78.48,1702.6,26.99,196.41,2048.7,0,NORMAL
PALA-03,91.48,3317.88,2.47,57.45,76.99,1548.3,26.63,172.75,2259.6,0,NORMAL
PALA-03,85.44,3342.57,3.35,50.66,76.61,1897.8,27.53,177.99,222.4,0,NORMAL
CARG-01,85.56,3167.45,1.18,50.0,78.66,1759.2,26.23,132.92,301.3,0,NORMAL
PALA-03,82.76,3598.33,3.13,57.0,86.45,1678.4,26.99,179.22,2563.5,0,NORMAL
PALA-01,108.21,2935.59,1.49,49.76,105.77,1778.3,27.34,236.13,1551.5,1,FALLA_TERMICA
PALA-02,85.43,3260.47,0.87,54.76,84.79,1721.4,26.42,180.28,1141.8,0,NORMAL
PALA-01,75.22,3210.66,1.82,54.49,75.08,1633.9,26.68,160.16,1718.3,0,NORMAL
PALA-01,80.12,3150.87,1.51,54.0,73.32,1654.4,26.51,163.57,722.7,0,NORMAL
PALA-03,74.03,3124.42,1.55,50.79,77.22,1571.6,25.12,203.14,139.7,0,NORMAL
CARG-02,78.83,3248.75,1.73,62.67,83.63,1663.6,26.71,119.77,1250.6,0,NORMAL
CARG-02,84.89,3209.4,3.06,55.99,79.84,1831.6,25.65,156.13,1177.6,0,NORMAL
PALA-03,84.27,3179.46,2.28,51.43,84.56,1828.4,25.71,161.17,1438.2,0,NORMAL
PALA-01,82.23,3016.23,2.5,55.65,86.06,1698.9,26.82,173.07,1789.1,0,NORMAL
PALA-01,82.77,2958.74,2.36,63.16,77.17,1700.2,27.43,134.44,2810.3,0,NORMAL
CARG-01,73.51,2220.06,1.2,27.13,84.34,1596.0,27.02,90.33,3172.5,1,FALLA_PRESION_HIDRAULICA
PALA-03,80.32,3177.62,0.54,61.67,86.55,1767.5,26.87,162.06,663.4,0,NORMAL
PALA-03,78.93,3214.53,1.72,48.26,85.13,1554.0,26.67,242.82,1421.6,0,NORMAL
CARG-01,79.03,3230.45,10.75,49.74,74.62,1819.8,27.09,174.95,3324.4,1,FALLA_DESGASTE_RODAMIENTOS
CARG-01,84.7,3155.95,2.09,43.3,73.58,1770.2,27.75,119.19,2278.3,0,NORMAL
CARG-01,78.13,3211.77,1.95,63.88,79.21,1688.2,25.94,142.68,1251.0,0,NORMAL
PALA-01,79.28,3096.36,2.43,45.49,79.36,1772.3,25.96,150.62,1538.9,0,NORMAL
CARG-01,72.61,3524.31,1.84,54.87,84.37,1679.1,26.98,215.29,280.3,0,NORMAL
CARG-02,80.68,3106.05,1.91,62.69,77.13,1742.6,25.04,155.4,2958.9,0,NORMAL
PALA-02,77.1,3183.22,1.27,58.86,82.66,1745.8,26.32,198.4,2576.8,0,NORMAL
PALA-03,82.36,3119.72,3.46,55.88,76.67,1860.0,26.61,166.94,609.0,0,NORMAL
PALA-02,77.72,3116.7,0.71,60.42,82.38,1778.7,25.97,162.85,69.9,0,NORMAL
CARG-02,82.47,3254.44,3.11,50.66,79.17,1845.8,24.87,124.88,453.0,0,NORMAL
PALA-01,81.35,3231.6,0.68,56.59,82.43,1767.2,27.51,187.87,1744.7,0,NORMAL
PALA-03,89.52,3167.3,2.67,53.44,79.54,1713.1,25.92,140.98,2851.5,0,NORMAL
PALA-01,84.24,3198.97,1.89,53.33,72.17,1781.8,25.96,199.41,2533.0,0,NORMAL
CARG-01,73.72,3120.43,2.95,54.95,83.04,1761.4,27.46,160.98,2252.3,0,NORMAL
PALA-01,76.31,3322.31,2.59,59.88,85.68,1676.7,24.04,156.72,2806.1,0,NORMAL
PALA-01,82.25,3619.93,0.94,61.83,77.66,1551.1,27.61,134.08,1815.6,0,NORMAL
PALA-02,77.82,3092.53,0.46,52.66,84.24,1657.3,28.18,143.61,2346.0,0,NORMAL
CARG-02,68.64,3320.91,1.32,48.56,78.55,1656.4,25.69,143.93,2930.3,0,NORMAL
PALA-01,88.07,3258.09,1.59,49.9,75.6,1786.6,26.01,161.59,1962.7,0,NORMAL
PALA-01,85.24,3370.35,0.51,63.74,78.55,1712.2,26.79,215.52,2138.5,0,NORMAL
CARG-01,84.34,3375.42,2.23,61.4,80.26,1622.5,26.6,109.49,2196.7,0,NORMAL
PALA-03,79.27,3286.97,1.75,48.54,75.72,1700.2,27.19,164.61,3255.6,0,NORMAL
CARG-02,83.92,3242.83,1.37,62.31,86.4,1681.5,26.8,222.14,1619.4,0,NORMAL
PALA-01,78.83,3171.8,2.08,50.44,74.88,1609.7,27.06,118.75,362.4,0,NORMAL
PALA-03,82.92,3112.31,2.98,57.32,78.83,1896.1,29.15,145.48,3054.1,0,NORMAL
PALA-01,77.86,1637.34,2.97,32.27,77.31,1697.7,25.12,190.08,242.8,1,FALLA_PRESION_HIDRAULICA
PALA-01,88.82,3018.77,1.92,64.81,86.42,1625.0,27.47,117.75,209.2,0,NORMAL
PALA-03,74.93,3143.11,2.22,51.15,74.97,1520.5,27.58,213.05,723.5,0,NORMAL
PALA-03,87.55,3449.23,0.51,48.75,84.3,1730.5,25.52,204.02,303.3,0,NORMAL
CARG-01,82.18,3267.73,2.57,51.72,81.79,1782.2,25.76,169.42,1850.1,0,NORMAL
PALA-02,79.8,3410.68,4.02,67.13,76.01,1641.8,26.8,56.52,3072.2,0,NORMAL
PALA-02,82.75,3514.54,7.35,55.3,79.59,1736.8,25.4,143.12,3518.8,1,FALLA_DESGASTE_RODAMIENTOS
PALA-02,85.3,3218.13,2.45,48.86,80.27,1589.0,25.91,194.69,222.9,0,NORMAL
CARG-02,88.15,3287.32,2.2,50.06,83.34,1692.5,26.59,147.16,919.5,0,NORMAL
PALA-02,83.41,3195.67,1.84,45.26,78.42,1850.2,25.85,160.32,1051.4,0,NORMAL
PALA-02,77.99,3103.73,2.59,56.7,83.53,1692.0,26.22,230.97,3037.2,0,NORMAL
PALA-02,82.25,3078.47,1.37,47.75,81.2,1642.7,25.71,171.21,2317.6,0,NORMAL
PALA-03,90.18,3401.77,1.59,59.53,82.8,1881.1,25.65,168.16,561.9,0,NORMAL
PALA-02,88.06,3287.55,1.38,57.95,77.48,1743.7,26.78,146.79,1048.7,0,NORMAL
CARG-02,86.09,3582.39,4.37,53.5,80.04,1659.6,26.32,215.08,2223.2,0,NORMAL
PALA-02,85.58,3424.97,1.21,60.18,81.44,1616.1,26.5,196.01,233.8,0,NORMAL
CARG-02,85.15,3118.38,2.45,58.63,81.33,1582.1,26.96,143.33,2392.7,0,NORMAL
PALA-01,87.21,3401.26,1.17,54.78,80.84,1771.2,26.55,134.7,3066.2,0,NORMAL
PALA-03,79.95,3195.09,2.07,50.16,89.37,1812.0,26.13,131.45,3041.9,0,NORMAL
CARG-02,75.9,3469.03,2.34,56.07,83.3,1720.0,25.7,143.88,254.0,0,NORMAL
PALA-01,82.31,3162.46,0.63,56.04,83.91,1696.2,26.76,132.83,2839.2,0,NORMAL
CARG-02,78.32,3060.56,0.87,56.46,81.99,1790.6,28.0,164.24,1780.1,0,NORMAL
PALA-02,77.25,3106.76,1.17,54.4,83.13,1549.8,27.1,189.72,1776.2,0,NORMAL
CARG-02,78.76,3115.96,0.93,55.64,81.79,1729.1,25.2,132.31,2045.2,0,NORMAL
PALA-03,93.18,4001.12,1.09,55.51,88.27,1722.1,24.78,328.49,1459.1,1,FALLA_SOBRECARGA
PALA-02,82.61,3146.93,2.15,60.81,80.76,1769.8,25.81,138.8,2513.8,0,NORMAL
PALA-01,83.63,3404.2,1.42,47.63,84.33,1777.5,25.17,171.54,1161.4,0,NORMAL
PALA-02,76.5,3573.29,2.58,48.99,89.34,1671.0,25.37,124.65,2627.8,0,NORMAL
PALA-01,73.7,3010.57,3.87,54.38,83.61,1942.5,24.5,108.02,3245.4,0,NORMAL
PALA-01,78.31,3477.43,0.87,50.2,79.86,1589.8,26.59,151.47,492.3,0,NORMAL
PALA-01,88.47,3164.01,4.06,55.05,78.06,1662.8,25.47,162.64,1585.8,0,NORMAL
PALA-02,83.5,3312.62,2.78,48.43,79.02,1823.0,25.47,155.3,114.7,0,NORMAL
CARG-01,84.69,2952.25,2.39,49.22,82.57,1643.8,25.87,156.15,1569.7,0,NORMAL
PALA-01,85.32,2410.9,1.85,42.61,88.14,1733.4,25.89,189.25,1558.4,1,FALLA_PRESION_HIDRAULICA
PALA-01,79.34,2889.04,2.0,52.85,83.41,1656.1,26.19,201.16,2556.4,0,NORMAL
PALA-03,88.25,3306.51,1.08,48.14,79.45,1673.0,25.28,157.86,1272.9,0,NORMAL
PALA-01,79.15,3296.31,1.94,53.43,79.78,1564.7,27.19,164.29,3109.2,0,NORMAL
PALA-01,88.33,3284.38,3.31,59.18,80.4,1811.3,26.62,224.29,1426.0,0,NORMAL
PALA-01,83.99,4316.84,1.12,60.03,75.64,1814.0,26.73,344.54,1956.5,1,FALLA_SOBRECARGA
CARG-02,73.95,3348.91,2.51,46.69,79.17,1813.5,26.05,145.33,945.5,0,NORMAL
CARG-01,78.63,3320.39,3.04,50.16,78.99,1668.5,27.26,112.8,588.4,0,NORMAL
PALA-02,73.97,3212.21,1.26,55.11,92.11,1759.9,26.79,183.85,2318.9,0,NORMAL
PALA-03,87.23,3370.93,2.25,53.83,84.71,1959.4,26.55,109.58,1501.7,0,NORMAL
PALA-03,81.89,3232.79,2.56,46.0,76.71,1754.8,27.2,137.83,2180.0,0,NORMAL
PALA-03,71.97,3345.18,4.2,46.81,74.72,1581.3,25.06,124.52,2149.8,0,NORMAL
PALA-03,83.69,3227.34,3.34,48.66,75.78,1617.5,26.56,115.1,1737.9,0,NORMAL
PALA-03,79.58,3289.01,3.31,45.15,86.65,1611.9,25.86,212.94,1092.1,0,NORMAL
PALA-02,75.32,3353.45,1.57,51.71,75.6,1878.5,25.82,164.77,729.1,0,NORMAL
PALA-01,89.55,3178.38,2.46,59.97,87.44,1767.3,27.04,104.32,678.9,0,NORMAL
PALA-02,82.48,3027.91,1.83,50.67,81.96,1531.1,27.5,171.07,1903.4,0,NORMAL
CARG-02,80.68,3299.69,0.83,59.41,80.02,1876.4,27.42,195.26,1073.6,0,NORMAL
PALA-03,80.2,3464.09,1.15,54.15,76.42,1788.0,26.41,176.52,1978.5,0,NORMAL
CARG-01,75.19,3303.85,1.92,53.08,86.06,1740.9,26.14,199.64,2797.3,0,NORMAL
CARG-02,76.13,3307.27,1.73,45.67,83.18,1902.1,27.39,179.71,1775.7,0,NORMAL
PALA-01,87.78,3242.41,4.02,59.85,84.6,1692.5,25.61,187.54,1675.6,0,NORMAL
PALA-03,79.87,3383.04,2.01,54.58,79.91,1883.4,27.76,156.71,3328.0,0,NORMAL
PALA-03,82.1,3216.53,3.02,46.0,83.67,1454.9,26.09,212.75,1347.0,0,NORMAL
CARG-02,72.8,3168.3,2.27,55.91,86.93,1632.0,26.36,188.49,152.6,0,NORMAL
CARG-02,76.07,3448.95,2.37,51.06,83.38,1815.0,25.97,169.81,3091.9,0,NORMAL
PALA-03,84.74,3154.5,2.8,54.31,76.78,1921.4,26.43,130.42,824.3,0,NORMAL
PALA-01,83.7,3410.1,1.72,55.2,83.08,1573.9,25.67,196.93,2111.1,0,NORMAL
CARG-01,89.89,3449.07,1.88,60.08,84.02,1669.8,26.1,201.72,3284.8,0,NORMAL
PALA-01,88.04,3352.03,1.58,48.36,87.71,1739.9,26.52,235.15,2619.4,0,NORMAL
CARG-01,80.96,3025.14,1.86,56.86,83.34,1607.3,26.31,158.22,2926.8,0,NORMAL
CARG-02,84.13,3254.89,2.03,60.64,85.41,1688.4,24.41,174.16,1511.0,0,NORMAL
PALA-02,80.58,3213.64,2.26,66.6,83.47,1909.9,28.38,173.55,1634.1,0,NORMAL
PALA-03,91.25,3160.72,2.0,59.25,75.58,1596.2,27.67,91.85,255.0,0,NORMAL
PALA-02,87.17,3275.7,2.08,55.81,84.32,1691.2,25.47,190.21,2357.0,0,NORMAL
PALA-02,82.76,3388.46,2.24,55.38,81.48,1752.8,25.9,176.83,2617.7,0,NORMAL
PALA-02,82.9,3167.46,0.29,61.76,88.99,1775.9,26.26,144.7,1877.2,0,NORMAL
CARG-01,88.5,3219.15,1.41,52.57,75.24,1616.2,26.93,131.51,2992.1,0,NORMAL
CARG-02,84.61,3206.61,1.46,57.98,76.47,1698.6,26.78,120.15,427.6,0,NORMAL
CARG-02,89.01,3459.5,2.23,64.97,83.9,1685.2,18.63,182.29,353.5,1,FALLA_ELECTRICA
PALA-01,72.13,3203.72,2.45,53.45,87.05,1756.4,28.27,136.27,495.9,0,NORMAL
CARG-02,84.08,3027.81,1.12,43.93,80.52,1578.9,26.08,178.29,3027.2,0,NORMAL
CARG-01,79.68,2966.78,2.99,49.7,80.54,1872.6,27.84,157.44,694.6,0,NORMAL
PALA-02,89.9,3315.29,2.39,55.47,81.83,1751.0,25.92,169.92,300.2,0,NORMAL
PALA-01,88.96,3113.08,1.18,49.82,79.06,1848.1,27.25,206.24,2787.3,0,NORMAL
PALA-02,82.15,3370.37,7.02,52.26,84.95,1651.4,26.7,178.55,4103.3,1,FALLA_DESGASTE_RODAMIENTOS
CARG-02,88.91,3010.38,1.82,52.52,79.07,1573.6,25.72,175.34,601.1,0,NORMAL
PALA-03,90.02,3153.0,2.83,56.8,83.8,1605.5,26.87,141.34,2683.7,0,NORMAL
CARG-01,82.33,3010.5,2.56,49.27,75.71,1804.1,26.55,177.78,1065.6,0,NORMAL
PALA-02,93.12,3328.23,1.18,51.08,87.87,1667.1,27.14,159.15,151.2,0,NORMAL
CARG-01,81.86,3366.79,3.08,61.04,72.52,1525.6,25.78,114.55,170.3,0,NORMAL
PALA-01,81.03,3310.95,1.98,51.59,76.75,1741.7,26.33,154.58,467.9,0,NORMAL
PALA-02,85.9,3054.53,3.15,57.63,90.01,1681.5,27.05,202.74,2876.7,0,NORMAL
PALA-03,80.41,1576.19,2.07,30.26,81.4,1684.6,24.94,129.08,1421.2,1,FALLA_PRESION_HIDRAULICA
PALA-01,82.38,3292.18,1.1,53.88,78.36,1514.8,25.48,172.29,1353.0,0,NORMAL
CARG-01,88.34,2946.21,2.37,57.69,75.89,1538.9,26.43,156.4,2787.0,0,NORMAL
PALA-01,101.05,3206.6,4.26,44.69,102.33,1654.2,26.54,160.71,2279.6,1,FALLA_TERMICA
PALA-03,74.37,3523.04,1.41,56.22,82.16,1608.7,26.32,153.11,3094.0,0,NORMAL
PALA-02,83.65,3217.61,1.23,56.76,82.95,1651.7,27.04,169.7,135.8,0,NORMAL
PALA-03,78.87,2982.06,1.67,58.24,82.29,1819.9,26.32,124.51,623.5,0,NORMAL
PALA-01,85.89,3140.67,2.4,52.12,73.86,1592.3,27.22,179.6,2995.7,0,NORMAL
PALA-01,85.13,3136.48,4.76,54.0,81.56,1611.3,26.66,144.68,3363.8,0,NORMAL
CARG-02,88.62,3635.26,3.14,41.74,82.36,1656.7,25.51,166.38,1067.1,0,NORMAL
PALA-02,86.08,3549.82,1.08,50.65,82.39,1604.4,26.53,168.32,176.6,0,NORMAL
CARG-01,86.91,3381.57,3.55,54.88,81.12,1694.2,26.34,169.2,87.8,0,NORMAL
CARG-02,78.99,3188.25,2.39,61.35,76.08,1843.3,25.86,151.98,149.8,0,NORMAL
PALA-01,85.62,3466.11,2.35,63.23,77.31,1685.5,25.19,116.2,2323.3,0,NORMAL
PALA-02,90.86,3045.98,1.73,52.29,85.85,1751.0,25.46,140.93,918.3,0,NORMAL
PALA-03,112.16,3443.78,1.6,58.37,99.93,1441.5,25.72,147.56,1329.1,1,FALLA_TERMICA
CARG-02,90.1,3417.04,2.0,53.26,78.11,1729.8,27.25,99.66,1329.3,0,NORMAL
CARG-02,79.53,3222.76,3.9,45.92,79.81,1897.1,26.14,141.28,904.9,0,NORMAL
PALA-03,78.17,3455.05,0.86,57.03,76.13,1731.8,27.38,198.74,670.6,0,NORMAL
CARG-01,83.33,3169.5,2.47,63.16,83.54,1735.4,25.58,123.89,1851.9,0,NORMAL
PALA-01,85.22,3022.28,2.21,52.09,75.93,1754.3,25.84,186.67,286.0,0,NORMAL
CARG-02,86.1,3426.03,1.98,49.46,85.34,1908.2,25.95,140.85,1629.8,0,NORMAL
CARG-02,77.67,3234.66,3.04,54.34,75.62,1882.5,26.17,139.54,1497.4,0,NORMAL
PALA-01,83.96,3358.32,0.91,53.39,79.88,1597.4,26.59,153.33,1052.6,0,NORMAL
PALA-02,78.92,3577.76,3.58,67.05,82.38,1864.3,26.9,170.93,333.3,0,NORMAL
PALA-01,75.3,3119.99,0.36,59.03,84.16,1885.1,27.4,144.73,2315.9,0,NORMAL
PALA-02,77.82,3224.19,1.75,54.65,80.1,1514.8,24.64,141.64,2127.7,0,NORMAL
CARG-01,78.62,3532.53,0.84,39.52,78.19,1723.1,28.02,208.35,2610.5,0,NORMAL
PALA-02,84.35,3370.37,1.68,53.28,86.68,1783.1,25.55,164.38,1885.8,0,NORMAL
PALA-01,87.18,3124.04,3.74,63.26,81.73,1384.0,26.48,110.97,1812.6,0,NORMAL
PALA-02,75.37,3078.1,1.55,54.4,80.32,1638.4,27.17,86.24,891.7,0,NORMAL
CARG-02,83.58,3154.95,1.11,58.11,73.73,1634.1,26.91,210.54,1422.4,0,NORMAL
PALA-03,76.7,3117.09,3.5,55.96,81.77,1642.6,27.3,192.33,1899.5,0,NORMAL
PALA-02,84.83,3292.72,2.19,51.57,80.98,1845.4,27.21,166.27,303.1,0,NORMAL
PALA-01,79.2,3264.12,1.71,62.46,75.58,1713.2,26.73,165.07,2478.1,0,NORMAL
CARG-02,77.27,3300.26,1.24,54.94,77.88,1770.5,27.0,159.64,3262.9,0,NORMAL
CARG-01,85.6,3098.65,2.07,50.47,81.37,1730.7,25.41,163.4,3395.0,0,NORMAL
PALA-02,79.36,3237.25,1.75,54.11,82.87,2016.2,25.83,167.41,2851.6,0,NORMAL
PALA-01,80.58,2879.97,2.4,61.14,76.93,1839.6,25.62,196.52,2842.0,0,NORMAL
PALA-01,72.01,3276.1,0.74,46.6,76.96,1717.9,24.5,193.13,620.2,0,NORMAL
PALA-01,86.26,3461.58,2.18,55.35,81.46,1688.3,25.65,166.89,1180.2,0,NORMAL
PALA-03,85.69,2993.55,3.13,54.37,77.64,1636.4,25.57,167.54,2677.3,0,NORMAL
CARG-02,82.02,3337.02,0.68,46.3,80.2,1603.2,25.66,189.44,178.6,0,NORMAL
PALA-02,75.13,3140.02,4.12,57.83,88.1,1576.4,26.93,180.45,334.6,0,NORMAL
CARG-01,87.44,1957.24,1.23,33.83,80.83,1837.8,25.79,156.98,2253.7,1,FALLA_PRESION_HIDRAULICA
PALA-02,79.0,3278.56,0.82,58.39,85.09,1612.6,27.08,61.86,1548.3,0,NORMAL
CARG-01,79.96,3322.85,1.62,59.69,76.02,1797.0,25.15,184.27,2406.6,0,NORMAL
CARG-01,92.4,3261.67,1.05,53.72,77.93,1659.6,25.88,199.05,935.7,0,NORMAL
PALA-01,78.83,3489.1,1.16,51.22,77.84,1629.9,26.09,150.84,329.7,0,NORMAL
PALA-02,85.34,3312.53,1.63,46.88,76.58,1680.4,27.35,121.12,2911.4,0,NORMAL
PALA-03,84.53,3123.02,1.45,50.78,73.93,1935.0,26.45,192.78,2750.2,0,NORMAL
PALA-01,83.76,3267.77,1.67,54.05,81.77,2084.5,26.63,193.34,1645.9,0,NORMAL
PALA-02,83.27,3183.6,4.26,49.18,82.55,1676.0,25.52,130.05,3087.7,0,NORMAL
PALA-03,83.69,3279.23,0.67,56.92,77.22,1665.0,27.08,176.62,819.1,0,NORMAL
CARG-02,83.22,3174.44,1.3,49.48,78.02,1834.6,26.35,144.05,1316.7,0,NORMAL
PALA-02,81.77,3128.17,2.33,45.19,81.31,1738.3,25.0,172.03,887.3,0,NORMAL
CARG-01,88.8,3285.87,1.9,51.11,81.08,1641.6,26.96,208.84,348.8,0,NORMAL
PALA-02,76.09,3260.04,2.21,54.92,85.13,1778.9,26.63,176.52,2302.1,0,NORMAL
CARG-01,86.6,3441.51,2.02,47.7,85.53,1812.1,26.12,138.18,2090.8,0,NORMAL
PALA-03,85.7,3175.31,1.72,49.56,78.33,1691.2,26.12,141.14,1583.8,0,NORMAL
CARG-02,85.14,2893.45,0.58,50.85,80.73,1694.6,25.54,229.32,3016.9,0,NORMAL
PALA-02,87.03,3184.5,3.62,51.51,77.0,1925.8,27.33,204.73,1753.1,0,NORMAL
PALA-03,81.58,2957.24,1.3,55.49,87.01,1621.5,26.98,144.74,1603.4,0,NORMAL
PALA-03,73.59,3324.82,0.96,57.19,82.07,1655.2,25.55,156.35,2401.1,0,NORMAL
PALA-02,81.67,2948.7,1.9,51.63,84.98,1664.5,26.44,148.0,180.3,0,NORMAL
PALA-01,77.54,1487.5,5.04,18.93,79.55,1923.9,25.83,166.6,1011.2,1,FALLA_PRESION_HIDRAULICA
PALA-01,78.71,3184.78,2.72,54.68,85.08,1482.8,25.38,187.7,2926.2,0,NORMAL
PALA-01,76.41,3527.91,3.02,56.59,83.98,1818.7,27.64,178.15,498.0,0,NORMAL
CARG-02,79.85,3056.88,7.1,62.07,86.12,1716.5,26.12,184.6,2875.6,0,NORMAL
PALA-01,79.32,3252.23,2.19,59.73,75.62,1937.6,25.73,135.35,2239.4,0,NORMAL
PALA-01,71.3,3354.4,0.85,47.71,81.3,1762.7,25.45,164.15,2814.1,0,NORMAL
CARG-01,85.15,3517.13,1.39,53.3,85.39,1461.8,26.21,189.71,319.3,0,NORMAL
PALA-02,91.99,3390.0,1.42,56.28,77.26,1913.4,24.7,213.14,2483.7,0,NORMAL
PALA-03,118.4,3446.9,0.81,49.75,110.21,1691.7,26.28,84.98,2736.3,1,FALLA_TERMICA
PALA-01,81.09,3405.58,1.64,52.25,83.29,1475.1,27.37,176.26,136.9,0,NORMAL
CARG-02,81.75,3032.36,3.49,57.37,83.8,1671.3,27.14,202.62,2559.6,0,NORMAL
CARG-02,80.11,3314.74,3.88,55.25,82.33,1724.3,26.79,89.65,1733.1,0,NORMAL
CARG-02,82.41,3402.76,1.23,54.01,83.47,1594.1,28.32,207.82,94.5,0,NORMAL
PALA-02,81.83,3077.83,3.76,50.73,82.73,1536.2,26.6,237.32,2282.1,0,NORMAL
CARG-01,78.22,3145.64,2.41,46.77,85.74,1755.6,25.67,166.44,883.1,0,NORMAL
PALA-01,89.57,3105.43,0.97,52.44,78.13,1570.7,27.07,178.95,3379.4,0,NORMAL
PALA-01,75.31,3389.07,0.54,53.54,82.36,1596.9,26.51,126.07,3424.4,0,NORMAL
PALA-01,85.23,3237.53,11.37,46.66,85.88,1882.9,26.43,231.65,3024.5,1,FALLA_DESGASTE_RODAMIENTOS
PALA-03,81.54,3192.25,2.06,54.24,77.87,1680.3,26.64,169.91,513.2,0,NORMAL
PALA-02,90.55,3019.3,1.83,55.96,78.24,1573.9,26.08,70.45,1825.3,0,NORMAL
PALA-03,83.53,3237.87,0.8,50.54,83.1,1612.5,27.9,193.82,2218.2,0,NORMAL
PALA-01,80.38,3147.83,0.82,56.02,86.53,1766.3,25.1,128.26,2232.1,0,NORMAL
PALA-02,80.89,3293.8,1.39,55.38,80.46,1770.6,27.05,142.36,2536.8,0,NORMAL
CARG-01,82.18,3044.27,1.08,52.48,81.38,1799.9,26.51,170.13,653.7,0,NORMAL
PALA-02,76.86,3282.02,2.39,51.92,82.46,1816.5,26.76,160.9,1084.6,0,NORMAL
CARG-01,78.55,3170.99,2.26,52.34,79.05,1760.0,26.1,171.64,1906.3,0,NORMAL
PALA-01,73.97,3025.13,1.32,49.72,89.77,1793.0,27.61,175.64,538.6,0,NORMAL
CARG-01,77.85,3011.09,1.85,55.72,77.3,1662.9,27.11,207.1,2849.1,0,NORMAL
PALA-03,82.42,3038.14,3.43,49.77,81.36,1585.9,25.78,112.65,2756.8,0,NORMAL
PALA-01,83.35,3212.85,2.6,50.09,81.42,1883.0,27.3,178.76,2403.2,0,NORMAL
PALA-01,73.09,3271.78,1.35,56.49,72.25,1825.6,26.64,165.84,1196.3,0,NORMAL
PALA-03,81.38,3298.57,2.62,52.79,77.63,1686.2,25.93,152.08,2056.5,0,NORMAL
CARG-01,84.54,3305.36,3.23,54.31,75.59,1640.3,25.05,115.95,68.1,0,NORMAL
PALA-02,81.27,3113.47,3.01,45.44,83.88,1994.3,27.02,173.88,2120.0,0,NORMAL
PALA-02,79.15,3440.51,1.19,51.38,74.23,1611.5,25.82,126.67,221.4,0,NORMAL
CARG-02,80.15,3170.4,1.3,62.4,84.77,1747.3,26.82,100.94,811.4,0,NORMAL
PALA-03,79.57,3331.03,0.66,45.1,76.28,1639.6,27.57,153.22,1251.7,0,NORMAL
PALA-02,79.13,3220.45,2.46,62.75,84.85,1670.7,25.75,180.74,2277.0,0,NORMAL
PALA-02,82.78,3317.61,3.81,55.31,75.41,1630.0,27.48,134.76,884.9,0,NORMAL
PALA-01,92.38,3211.42,2.63,51.34,82.7,1460.3,25.48,95.08,500.4,0,NORMAL
PALA-03,78.65,3320.85,2.07,52.98,84.74,1766.8,27.59,159.11,1762.7,0,NORMAL
PALA-02,80.57,3248.67,4.1,60.15,83.29,1798.8,27.86,201.98,2640.4,0,NORMAL
CARG-02,81.77,3396.49,2.15,42.61,76.12,1640.2,27.12,134.75,1397.6,0,NORMAL
PALA-02,78.91,3102.64,4.86,61.08,85.52,2032.8,26.75,112.12,3011.3,0,NORMAL
PALA-02,86.94,2931.42,2.74,55.33,83.18,1754.0,27.11,103.94,3297.3,0,NORMAL
PALA-03,71.33,3074.8,1.79,59.06,71.57,1740.1,26.13,135.04,2513.5,0,NORMAL
CARG-02,79.61,3442.41,0.58,45.26,81.44,1766.4,25.34,160.9,2835.9,0,NORMAL
CARG-01,85.68,1732.36,0.84,33.12,92.33,1648.8,25.81,143.52,1961.9,1,FALLA_PRESION_HIDRAULICA
PALA-02,80.68,3266.57,4.24,42.36,85.47,1602.7,28.23,168.87,2037.4,0,NORMAL
CARG-01,78.31,3060.35,2.01,59.99,79.0,1628.6,25.47,163.77,176.5,0,NORMAL
PALA-03,83.98,3261.8,3.62,49.09,83.18,1654.6,27.17,194.95,1881.4,0,NORMAL
PALA-02,86.08,3065.89,3.61,49.01,79.43,1787.3,26.31,155.21,1870.4,0,NORMAL
PALA-01,82.95,3092.36,2.17,44.33,85.06,1674.7,26.11,181.67,1979.5,0,NORMAL
PALA-02,78.39,3177.55,3.88,56.22,77.74,1794.2,27.75,161.44,823.4,0,NORMAL
PALA-01,84.05,3330.12,2.84,54.36,85.83,1568.6,26.47,166.34,1385.4,0,NORMAL
CARG-02,80.19,3349.33,3.58,50.26,84.68,1642.7,27.15,165.97,3324.1,0,NORMAL
PALA-02,85.35,3354.23,2.14,55.32,83.57,1634.5,28.32,124.14,2989.5,0,NORMAL
CARG-02,88.67,2964.14,1.76,50.1,89.28,1262.0,26.23,157.04,1614.5,0,NORMAL
PALA-03,70.27,2069.96,1.44,19.91,85.02,1665.0,26.78,137.88,1493.1,1,FALLA_PRESION_HIDRAULICA
PALA-03,82.5,3214.58,1.15,52.18,85.09,1595.5,26.96,130.82,2753.6,0,NORMAL
PALA-03,74.19,2974.21,2.24,62.22,85.51,1774.9,26.14,173.83,1423.3,0,NORMAL
PALA-01,92.99,3252.88,1.19,58.86,83.86,1807.9,26.79,177.24,2122.2,0,NORMAL
PALA-02,79.89,3204.92,2.58,56.28,82.86,1552.0,27.3,137.93,3055.0,0,NORMAL
PALA-01,85.36,3342.07,1.52,55.22,78.29,1690.5,27.03,184.39,716.7,0,NORMAL
PALA-03,81.84,3264.62,1.83,52.18,78.35,1566.4,26.49,144.32,2608.5,0,NORMAL
PALA-02,78.39,3151.12,2.87,57.68,82.73,1758.9,24.09,191.34,3491.3,0,NORMAL
CARG-01,77.85,3416.64,3.41,56.83,83.44,1637.6,25.24,236.63,181.5,0,NORMAL
PALA-01,89.14,2850.18,1.57,53.58,81.07,1655.9,27.87,176.75,151.9,0,NORMAL
PALA-01,86.3,3238.43,1.07,55.0,79.07,1694.0,25.64,156.17,2455.5,0,NORMAL
PALA-02,90.75,2932.61,2.52,45.97,80.46,1754.3,27.33,135.95,1581.8,0,NORMAL
CARG-02,82.25,3085.81,2.4,51.6,80.79,1726.6,25.42,167.1,681.9,0,NORMAL
CARG-01,83.3,3344.47,3.88,48.03,82.1,1767.2,25.63,125.78,1836.9,0,NORMAL
PALA-02,80.8,3020.64,1.47,47.94,80.11,1806.3,26.94,151.68,3124.6,0,NORMAL
PALA-03,80.71,2993.73,1.45,56.35,85.66,1704.0,27.64,128.65,1853.6,0,NORMAL
PALA-01,77.31,3678.75,2.66,47.68,80.56,1595.7,26.92,189.42,3293.6,0,NORMAL
CARG-02,82.38,3005.33,2.1,57.84,78.43,1527.8,26.69,141.44,2015.1,0,NORMAL
PALA-03,78.45,3547.09,3.35,59.16,80.68,1628.5,25.31,158.89,692.5,0,NORMAL
PALA-02,83.99,3219.0,2.39,53.69,76.59,1747.0,24.7,99.73,2942.9,0,NORMAL
PALA-03,82.77,3155.53,2.6,50.97,89.05,1554.0,26.05,148.02,1361.3,0,NORMAL
PALA-01,83.29,3352.02,1.72,59.16,83.62,1848.9,26.52,147.06,2132.5,0,NORMAL
CARG-02,89.54,3490.59,2.11,56.76,80.95,1593.9,26.36,127.86,1406.2,0,NORMAL
PALA-01,81.83,3043.71,2.97,59.98,86.67,1706.5,28.17,149.71,1516.1,0,NORMAL
PALA-03,85.41,3158.16,0.55,48.59,80.18,1897.2,25.17,72.89,647.8,0,NORMAL
PALA-01,91.23,3402.44,5.01,52.7,80.87,1698.1,26.16,119.63,2208.7,0,NORMAL
CARG-01,87.88,3301.84,1.4,52.91,78.18,1588.9,27.74,101.51,1140.3,0,NORMAL
CARG-01,87.19,3448.35,2.23,55.05,77.24,1418.8,26.92,186.62,1259.9,0,NORMAL
PALA-03,80.62,3342.72,1.66,57.12,81.84,1768.7,25.52,159.06,719.6,0,NORMAL
PALA-03,83.03,3575.48,3.55,54.69,85.26,1757.2,24.63,69.94,1232.0,0,NORMAL
CARG-02,76.07,3282.15,2.23,60.68,77.49,1789.1,26.09,194.72,2883.6,0,NORMAL
PALA-01,84.25,3289.93,6.5,52.13,80.04,1733.6,25.59,174.91,3342.8,0,NORMAL
PALA-02,83.24,3307.91,3.41,48.75,80.19,1655.6,26.04,156.24,1566.8,0,NORMAL
PALA-01,82.11,3224.35,0.32,50.67,84.09,1625.6,28.23,171.93,2633.6,0,NORMAL
CARG-02,86.62,2175.5,2.81,23.85,79.27,1725.0,25.59,155.47,3187.9,1,FALLA_PRESION_HIDRAULICA
PALA-02,76.57,3292.67,0.41,51.72,84.01,1838.8,25.88,147.61,924.1,0,NORMAL
CARG-01,89.36,3391.87,9.91,52.65,83.86,1364.9,27.13,162.88,2898.7,1,FALLA_DESGASTE_RODAMIENTOS
PALA-03,86.06,3420.01,1.96,52.87,78.35,1832.6,26.64,162.02,889.4,0,NORMAL
PALA-01,81.68,3327.12,3.4,55.16,79.83,1685.1,27.6,131.42,3121.7,0,NORMAL
PALA-01,81.33,3340.31,1.74,51.69,81.32,1699.9,27.05,186.03,1105.8,0,NORMAL
PALA-02,84.16,3068.14,3.54,59.24,79.25,1803.4,25.85,132.19,1863.8,0,NORMAL
PALA-02,88.84,3150.94,1.71,44.31,77.42,1699.5,26.81,149.39,3379.2,0,NORMAL
PALA-01,82.46,3401.81,1.09,42.87,86.93,1747.1,26.49,189.69,1692.8,0,NORMAL
PALA-01,82.65,3506.25,2.43,59.01,73.87,1523.9,24.99,197.97,1313.5,0,NORMAL
CARG-02,82.08,2900.72,1.44,58.61,81.93,1686.7,28.13,193.03,3232.3,0,NORMAL
CARG-02,90.02,3147.78,0.17,60.2,86.46,1780.8,25.55,100.71,417.8,0,NORMAL
PALA-02,80.34,3254.25,1.6,57.18,77.78,1673.0,26.31,153.43,2492.5,0,NORMAL
PALA-02,81.87,3091.73,2.28,54.01,81.11,1680.2,26.02,119.4,1536.8,0,NORMAL
PALA-01,88.59,3101.95,1.81,52.71,84.61,1739.7,26.49,123.39,2763.2,0,NORMAL
PALA-03,82.66,3335.49,2.0,45.99,68.83,1771.7,26.55,137.59,1676.6,0,NORMAL
CARG-01,87.12,3534.65,4.58,54.74,80.8,1902.6,26.86,149.86,2916.0,0,NORMAL
PALA-01,77.9,2884.27,2.86,46.82,74.71,1772.7,26.02,140.54,1536.3,0,NORMAL
PALA-01,81.08,3219.31,1.16,66.33,84.85,1882.2,27.27,67.55,585.4,0,NORMAL
CARG-01,88.68,3333.39,4.7,48.84,77.83,1708.4,25.86,168.96,1426.0,0,NORMAL
PALA-03,78.96,3390.44,1.75,53.62,88.14,1435.8,25.97,156.75,501.8,0,NORMAL
PALA-01,81.32,3307.44,2.32,61.53,77.18,1668.6,25.02,203.13,245.8,0,NORMAL
PALA-03,83.16,3567.05,2.51,52.17,82.8,1622.8,26.58,156.9,885.6,0,NORMAL
PALA-02,77.55,3255.2,4.81,52.2,77.49,1712.4,27.62,93.87,1491.9,0,NORMAL
PALA-02,80.14,3486.16,7.85,41.07,80.05,1681.5,26.2,112.32,3792.0,1,FALLA_DESGASTE_RODAMIENTOS
CARG-01,82.51,3133.65,0.33,47.45,80.98,1751.6,27.81,100.5,2443.7,0,NORMAL
CARG-01,82.21,3260.44,2.61,56.81,81.1,1639.6,25.53,150.55,2234.5,0,NORMAL
PALA-02,87.76,3031.71,2.43,62.36,87.62,1745.9,25.31,215.47,2825.1,0,NORMAL
CARG-02,88.94,3412.16,3.09,49.54,86.71,1764.4,27.51,177.47,884.6,0,NORMAL
PALA-02,78.15,3228.32,1.45,54.98,78.0,1724.3,26.26,164.92,1355.2,0,NORMAL
CARG-01,82.5,3314.41,2.31,67.54,81.17,1544.4,25.62,121.58,2323.2,0,NORMAL
PALA-02,85.03,3193.59,2.06,56.83,76.35,1827.3,26.61,174.97,1452.3,0,NORMAL
CARG-02,88.82,3355.56,1.8,58.88,75.43,1794.4,26.67,149.8,1375.0,0,NORMAL
CARG-02,85.23,3321.54,1.96,50.17,78.33,1697.0,27.16,169.29,1246.9,0,NORMAL
PALA-01,83.31,3070.96,1.0,61.76,87.73,1502.7,26.14,177.96,1763.4,0,NORMAL
CARG-02,85.0,3081.38,2.94,50.54,74.25,1756.2,25.32,143.62,1457.9,0,NORMAL
CARG-01,106.02,3245.0,0.84,49.66,105.95,1656.7,26.18,169.87,1937.9,1,FALLA_TERMICA
CARG-01,77.83,3368.72,0.78,61.4,82.84,1654.1,26.38,224.63,3455.5,0,NORMAL
PALA-01,82.87,3585.32,0.82,50.82,78.03,1710.6,27.3,204.14,1724.7,0,NORMAL
CARG-01,88.57,3304.54,4.01,53.98,83.58,1894.6,25.19,191.81,2723.8,0,NORMAL
CARG-02,81.07,3431.36,1.9,62.13,83.56,1737.6,26.1,243.33,2356.3,0,NORMAL
PALA-02,82.58,2959.69,2.65,49.43,80.85,1706.7,26.63,228.52,1972.0,0,NORMAL
CARG-02,80.91,2246.43,3.67,27.83,80.4,1657.4,27.64,213.25,2598.5,1,FALLA_PRESION_HIDRAULICA
PALA-01,71.59,3359.02,1.36,50.95,80.02,1723.7,25.86,123.49,2248.8,0,NORMAL
PALA-01,82.09,3241.07,2.59,52.36,77.62,1719.9,25.75,118.44,283.0,0,NORMAL
PALA-03,83.36,3220.35,3.08,54.2,81.66,1792.4,26.93,115.68,2622.7,0,NORMAL
PALA-03,79.69,3050.7,2.24,60.7,78.98,1656.2,24.58,189.92,3172.7,0,NORMAL
PALA-03,76.8,2193.02,1.65,31.61,81.65,1622.6,25.95,186.41,2827.1,1,FALLA_PRESION_HIDRAULICA
PALA-01,78.04,3593.88,2.59,54.78,78.56,1666.9,26.87,175.93,1359.0,0,NORMAL
CARG-02,85.44,3071.98,1.37,50.37,78.37,1709.6,26.68,122.83,3163.6,0,NORMAL
PALA-01,90.88,3068.51,2.6,57.39,78.82,1717.5,26.56,193.77,400.3,0,NORMAL
PALA-01,88.22,3123.6,0.66,54.03,86.08,1718.8,25.09,149.62,1364.2,0,NORMAL
PALA-01,75.95,3034.33,2.48,54.19,75.49,1601.1,25.38,152.55,67.1,0,NORMAL
PALA-03,85.85,3252.76,2.48,48.84,88.09,1709.7,27.47,185.05,1290.4,0,NORMAL
CARG-02,79.02,3446.0,2.18,45.91,84.07,1802.0,26.32,154.24,192.3,0,NORMAL
PALA-03,79.38,3140.11,1.4,53.91,74.75,1872.7,26.23,156.77,2638.8,0,NORMAL
CARG-01,79.92,3002.8,0.85,48.65,78.69,1838.1,25.77,110.26,992.0,0,NORMAL
PALA-01,85.18,3302.54,0.52,51.35,74.51,1712.7,26.41,106.97,1948.2,0,NORMAL
PALA-03,86.32,3239.96,3.71,61.41,83.59,1701.0,26.01,195.85,2091.7,0,NORMAL
PALA-02,81.56,3430.49,1.16,53.65,86.11,1869.2,27.09,171.28,1114.4,0,NORMAL
PALA-02,81.64,4226.56,1.35,59.54,81.92,1706.8,25.56,267.74,897.4,1,FALLA_SOBRECARGA
PALA-01,84.09,3203.17,0.91,55.48,85.88,1824.1,27.07,172.18,1950.9,0,NORMAL
PALA-03,107.33,3223.08,3.24,56.92,107.13,1716.5,27.72,160.92,875.5,1,FALLA_TERMICA
PALA-03,87.29,3266.02,1.58,51.25,84.88,1432.1,26.89,117.24,592.2,0,NORMAL
CARG-01,76.22,3179.34,2.27,59.76,82.17,1799.7,25.41,156.16,2618.3,0,NORMAL
PALA-02,82.09,3150.16,0.94,55.55,81.06,1836.0,27.06,169.45,1154.1,0,NORMAL
PALA-01,77.19,2916.93,2.33,52.68,84.09,1680.6,26.01,101.07,1594.5,0,NORMAL
PALA-03,81.77,3148.23,10.71,55.55,80.37,1581.1,25.98,191.12,3812.5,1,FALLA_DESGASTE_RODAMIENTOS
PALA-01,80.98,3378.74,2.94,50.42,86.83,1902.6,26.51,167.34,489.1,0,NORMAL
CARG-02,81.79,3403.04,3.27,52.53,79.74,1702.5,26.2,219.59,271.3,0,NORMAL
PALA-03,78.4,3165.2,1.29,53.72,83.27,1678.7,26.03,204.47,1532.5,0,NORMAL
PALA-01,75.31,3483.91,2.6,51.37,78.17,1773.9,26.95,216.46,2171.2,0,NORMAL
CARG-02,72.58,3244.83,4.03,61.79,74.71,2048.4,26.49,135.34,1656.0,0,NORMAL
PALA-03,81.41,3009.19,1.39,51.92,82.43,1778.1,24.87,180.72,79.4,0,NORMAL
PALA-01,80.06,2952.57,6.43,64.41,73.78,1741.4,27.22,162.56,1450.0,0,NORMAL
PALA-03,78.96,3469.29,1.29,54.34,89.6,1728.4,27.36,214.1,1709.4,0,NORMAL
PALA-02,87.95,3182.86,2.37,52.83,79.58,1918.5,26.88,207.93,3316.4,0,NORMAL
CARG-01,78.13,3031.47,9.92,51.48,80.69,1783.3,26.93,218.92,3000.6,1,FALLA_DESGASTE_RODAMIENTOS
CARG-01,88.38,2843.33,2.07,56.11,79.76,1823.7,26.22,151.55,2424.1,0,NORMAL
CARG-02,89.31,3178.77,1.88,58.47,81.56,1756.5,25.44,117.0,1411.4,0,NORMAL
PALA-03,73.22,3322.86,3.09,41.31,82.36,1784.3,26.54,128.54,3063.6,0,NORMAL
PALA-02,82.42,3124.42,2.88,54.02,77.64,1686.6,27.64,174.58,2325.0,0,NORMAL
CARG-01,80.2,3060.42,1.62,44.06,70.78,1740.3,26.62,117.28,1408.8,0,NORMAL
PALA-01,68.9,3151.11,0.63,58.91,76.6,1637.7,27.73,167.36,2256.6,0,NORMAL
PALA-03,75.5,3473.77,1.92,59.0,79.06,1659.0,27.77,152.92,1590.2,0,NORMAL
PALA-03,85.49,2999.26,2.16,54.2,82.12,1778.9,26.37,80.15,2525.0,0,NORMAL
PALA-01,91.09,3134.49,3.06,55.04,81.73,1635.6,26.03,169.05,2776.1,0,NORMAL
PALA-02,86.06,3467.94,2.48,46.85,84.01,1735.7,26.06,183.8,2442.7,0,NORMAL
CARG-02,83.46,3338.95,1.69,51.26,74.43,1675.9,26.3,202.17,1338.8,0,NORMAL
CARG-02,81.9,3282.24,2.27,50.94,77.43,1585.1,25.62,140.93,170.2,0,NORMAL
PALA-01,89.57,3133.28,0.77,51.75,79.24,1747.3,26.85,123.19,527.1,0,NORMAL
PALA-01,91.67,3255.49,2.18,58.36,87.1,1813.1,27.17,146.36,1650.3,0,NORMAL
PALA-02,79.36,3153.19,2.37,60.41,91.88,1562.2,24.92,117.79,2069.0,0,NORMAL
CARG-02,73.0,3095.31,1.69,57.05,75.61,1793.1,27.83,179.19,372.3,0,NORMAL
PALA-01,72.56,3055.59,2.65,52.38,85.37,1586.2,25.98,163.87,1647.2,0,NORMAL
CARG-01,87.95,3391.14,4.48,50.27,81.35,1882.7,26.16,118.07,1037.2,0,NORMAL
PALA-01,81.79,3239.13,1.98,54.45,83.22,1788.0,26.65,145.19,285.3,0,NORMAL
PALA-03,82.82,3306.61,2.99,55.48,75.7,1562.2,25.73,214.63,1269.6,0,NORMAL
PALA-02,73.94,3277.3,3.84,52.9,86.42,1822.4,25.93,157.85,2234.6,0,NORMAL
CARG-01,78.61,3329.37,1.08,50.7,72.12,1646.4,25.74,134.62,2727.3,0,NORMAL
PALA-01,80.67,3204.15,0.93,57.08,75.74,1604.1,26.4,141.56,2677.7,0,NORMAL
PALA-03,82.94,3163.3,1.55,57.57,79.92,1806.6,25.93,166.12,1811.5,0,NORMAL
PALA-01,80.21,3103.25,3.93,47.44,78.63,1864.8,26.7,223.77,377.4,0,NORMAL
CARG-01,77.33,2995.49,1.98,52.08,81.1,1777.2,25.35,123.25,2105.0,0,NORMAL
CARG-02,78.47,3048.03,1.77,57.89,78.26,1675.4,26.76,210.0,226.9,0,NORMAL
PALA-01,87.44,3184.22,1.32,58.94,79.57,1740.3,25.5,149.2,1516.4,0,NORMAL
CARG-02,83.1,2961.45,1.0,54.32,80.26,1650.1,27.21,205.04,2323.4,0,NORMAL
PALA-03,84.75,3001.19,1.31,55.83,80.11,1699.1,27.05,119.55,475.8,0,NORMAL
PALA-01,77.96,3437.59,1.73,55.26,81.59,1769.0,24.69,214.32,2194.2,0,NORMAL
PALA-02,68.71,3290.35,1.47,58.77,84.58,1548.8,27.07,222.33,2371.8,0,NORMAL
PALA-01,79.65,3168.67,1.62,48.45,77.99,1773.6,24.31,225.26,3122.2,0,NORMAL
CARG-01,78.1,3658.88,3.69,55.34,86.39,1550.5,25.46,159.86,797.8,0,NORMAL
CARG-01,83.57,2953.32,1.46,49.56,81.2,1567.1,27.23,160.1,2876.6,0,NORMAL
PALA-01,96.79,3425.61,1.07,59.44,86.04,1798.5,25.97,134.14,1236.8,0,NORMAL
PALA-03,85.13,1671.0,2.82,24.37,79.63,1618.7,27.65,125.83,1388.6,1,FALLA_PRESION_HIDRAULICA
CARG-01,94.31,3391.31,1.61,56.04,77.54,1601.1,26.97,191.49,3379.7,0,NORMAL
CARG-02,84.56,3269.61,1.67,49.58,81.32,1684.5,26.06,160.55,1803.2,0,NORMAL
PALA-03,79.17,2913.0,6.3,57.76,91.26,1649.0,25.94,176.81,2921.5,1,FALLA_DESGASTE_RODAMIENTOS
CARG-02,83.57,3267.18,1.95,56.2,75.54,1747.8,27.6,174.88,2460.3,0,NORMAL
PALA-03,90.01,1930.83,4.07,34.49,83.71,1741.0,26.02,114.74,1495.6,1,FALLA_PRESION_HIDRAULICA
PALA-02,110.93,2855.44,3.68,63.8,98.69,1601.7,24.91,117.41,199.0,1,FALLA_TERMICA
CARG-01,79.41,3599.93,2.46,50.49,82.62,1514.7,25.66,187.51,1749.8,0,NORMAL
PALA-02,83.14,3306.02,1.44,58.63,76.18,1695.7,26.5,175.11,1341.9,0,NORMAL
PALA-02,75.57,3370.96,2.58,59.86,82.83,1852.1,25.77,155.82,1860.0,0,NORMAL
PALA-02,85.71,3040.2,4.41,58.63,82.18,1712.1,28.31,173.96,2572.3,0,NORMAL
CARG-01,110.34,3374.31,2.66,50.61,96.46,1678.3,25.88,210.74,1903.3,1,FALLA_TERMICA
CARG-01,82.18,3446.11,2.27,52.83,81.52,1927.6,25.9,192.32,2365.4,0,NORMAL
PALA-02,79.0,3295.64,1.04,50.97,80.03,1810.3,25.61,169.21,2463.1,0,NORMAL
PALA-02,83.62,3248.31,2.63,52.51,79.58,1512.7,27.11,175.66,2739.1,0,NORMAL
PALA-02,83.88,3089.15,2.89,49.79,80.82,1686.5,26.18,211.6,2291.7,0,NORMAL
PALA-03,82.37,3211.08,2.12,52.18,85.35,1746.8,27.05,145.6,3088.5,0,NORMAL
PALA-01,82.8,3157.83,0.67,61.34,82.83,1591.9,27.32,168.06,1085.0,0,NORMAL
CARG-01,81.22,3352.96,3.01,52.4,76.83,1684.9,26.69,159.17,2933.4,0,NORMAL
PALA-02,86.48,3097.02,2.46,54.53,82.99,1722.6,26.65,137.76,2229.3,0,NORMAL
PALA-02,85.31,3351.64,2.27,50.37,80.82,1693.2,25.44,152.98,2165.9,0,NORMAL
PALA-01,77.58,3098.98,2.47,53.93,78.54,1574.7,25.19,124.4,693.0,0,NORMAL
PALA-01,77.45,3202.78,1.15,58.13,76.04,1896.2,25.2,197.19,2962.0,0,NORMAL
CARG-02,80.86,3360.89,6.51,56.45,84.23,1752.0,26.46,144.74,3061.3,1,FALLA_DESGASTE_RODAMIENTOS
PALA-02,85.32,3123.32,2.16,61.09,78.72,1616.9,28.24,167.41,673.9,0,NORMAL
PALA-01,82.67,3367.1,1.73,47.95,84.63,1825.1,25.95,196.62,221.7,0,NORMAL
PALA-02,79.11,3349.54,2.06,50.22,76.69,1710.3,27.22,208.31,1728.6,0,NORMAL
PALA-02,83.18,3201.23,1.38,51.94,88.98,1839.0,26.82,162.07,1025.1,0,NORMAL
PALA-01,80.51,3459.12,1.86,61.62,91.53,1707.5,26.43,156.67,1073.5,0,NORMAL
PALA-02,85.96,3264.0,4.84,55.49,83.17,1542.9,26.21,184.67,315.9,0,NORMAL
PALA-03,83.5,3448.41,2.08,46.91,86.19,1591.9,26.06,174.43,821.2,0,NORMAL
PALA-03,80.58,3572.82,1.67,59.46,79.19,1856.9,26.04,119.93,3387.5,0,NORMAL
PALA-02,83.04,3206.57,1.06,54.55,78.79,1843.9,26.88,217.64,1981.4,0,NORMAL
PALA-02,87.92,3366.09,2.56,58.45,85.78,1560.5,27.09,168.33,1896.2,0,NORMAL
CARG-02,79.44,3135.24,2.06,61.92,81.61,1887.2,26.06,188.6,1794.8,0,NORMAL
PALA-02,83.81,3064.09,2.26,49.11,75.51,1843.1,26.05,172.41,2702.7,0,NORMAL
PALA-02,81.68,3214.82,1.25,61.92,81.31,1643.9,25.93,177.97,2382.2,0,NORMAL
PALA-01,83.92,3004.73,1.76,53.63,76.11,1710.6,27.2,154.23,711.4,0,NORMAL
PALA-02,79.05,3081.23,1.91,51.93,80.26,1455.7,27.1,184.39,1779.4,0,NORMAL
CARG-01,82.5,3356.46,0.55,54.77,85.2,1635.9,27.58,183.72,2495.8,0,NORMAL
PALA-01,86.99,3157.54,2.45,48.04,86.84,1694.6,25.75,189.84,1605.1,0,NORMAL
CARG-01,77.78,3377.89,4.94,53.9,82.11,1757.1,25.91,112.11,1920.0,0,NORMAL
PALA-01,76.02,3303.89,2.38,52.79,86.35,1706.1,27.72,117.38,330.2,0,NORMAL
PALA-02,76.19,3583.21,2.58,49.31,79.16,1736.6,27.46,164.3,91.6,0,NORMAL
CARG-01,76.73,3344.38,1.24,50.77,87.8,1603.8,25.61,145.99,2702.5,0,NORMAL
PALA-02,84.68,3450.56,0.74,59.69,78.11,1758.9,25.68,203.31,2723.9,0,NORMAL
PALA-03,75.67,3322.34,2.44,53.11,77.76,1922.0,26.6,129.35,1805.0,0,NORMAL
PALA-01,80.66,3306.05,1.56,49.1,79.16,1772.7,27.39,191.23,2862.7,0,NORMAL
CARG-01,84.78,3459.65,2.0,56.24,78.01,1724.1,25.68,101.62,2747.2,0,NORMAL
PALA-01,83.87,3370.38,1.18,57.83,83.07,1631.1,26.47,106.86,1284.2,0,NORMAL
CARG-02,80.26,3287.81,1.25,53.99,86.01,1677.2,27.27,159.19,1743.0,0,NORMAL
PALA-01,82.86,3287.02,6.25,47.83,81.06,1562.5,26.24,172.38,1686.4,0,NORMAL
CARG-02,82.48,3346.88,3.03,41.27,82.25,1546.5,26.34,182.56,117.4,0,NORMAL
PALA-02,80.99,3129.15,2.13,49.5,75.47,1711.6,27.54,194.16,50.7,0,NORMAL
CARG-01,81.05,3121.52,1.6,59.27,81.39,1786.5,26.07,171.22,2942.4,0,NORMAL
PALA-02,92.06,3506.57,6.24,58.81,88.08,1617.3,27.41,157.03,3423.4,0,NORMAL
CARG-02,85.64,3585.59,1.9,50.02,86.65,1863.5,26.28,132.15,2658.7,0,NORMAL
PALA-01,93.16,3082.8,2.39,52.82,76.62,1652.7,25.53,98.03,296.9,0,NORMAL
PALA-01,79.76,3129.58,3.91,57.49,79.25,1709.2,26.85,184.0,2150.0,0,NORMAL
PALA-02,81.62,3455.65,1.3,53.31,94.63,1833.5,25.91,129.11,2209.5,0,NORMAL
PALA-01,76.01,3346.03,3.63,58.68,82.67,1682.4,25.46,165.05,978.2,0,NORMAL
PALA-01,78.36,3371.76,3.57,53.51,87.06,1795.3,27.97,190.36,1731.4,0,NORMAL
CARG-02,90.56,3411.39,0.83,56.41,87.38,1788.7,26.74,265.43,94.1,0,NORMAL
CARG-02,79.65,3206.67,2.48,52.39,76.54,1639.1,26.14,157.38,1665.2,0,NORMAL
PALA-02,90.64,3309.39,1.83,50.08,83.9,1642.4,26.16,121.1,980.1,0,NORMAL
CARG-02,76.4,3295.39,1.4,59.83,81.75,1866.7,27.62,165.36,798.3,0,NORMAL
PALA-03,77.26,3095.47,2.12,46.49,87.97,1878.4,27.68,96.32,3411.6,0,NORMAL
PALA-02,80.46,3306.72,3.41,51.0,88.85,1795.1,25.96,154.19,2371.9,0,NORMAL
CARG-01,81.71,3472.79,2.42,53.53,77.67,1615.9,26.61,160.75,3129.1,0,NORMAL
PALA-03,86.15,3189.86,0.88,58.29,94.77,1824.2,26.11,165.41,552.1,0,NORMAL
CARG-02,84.03,3277.46,2.36,49.61,81.68,1686.6,27.01,202.3,841.6,0,NORMAL
PALA-02,80.13,3287.21,1.63,54.63,83.53,1567.8,26.12,185.04,3247.7,0,NORMAL
PALA-03,81.4,3198.76,2.31,47.07,70.39,1643.6,24.85,135.78,1019.5,0,NORMAL
PALA-01,80.56,3371.84,3.43,56.2,85.03,1693.2,25.57,207.13,3083.5,0,NORMAL
PALA-01,77.88,3127.59,3.48,63.12,72.38,1850.4,27.23,204.69,2600.1,0,NORMAL
PALA-01,78.0,3489.88,1.51,44.2,80.42,1623.7,25.82,130.41,180.3,0,NORMAL
CARG-02,86.63,3362.72,1.21,50.36,78.79,1604.1,27.03,102.45,574.5,0,NORMAL
CARG-01,100.36,3081.38,1.94,58.18,100.91,1662.1,26.7,82.77,1974.0,1,FALLA_TERMICA
CARG-01,89.28,1995.37,2.29,38.46,81.72,1705.4,25.83,181.44,3213.8,1,FALLA_PRESION_HIDRAULICA
PALA-03,80.46,3280.26,1.32,56.94,83.35,1800.8,26.28,195.72,2037.8,0,NORMAL
PALA-02,78.52,3119.87,4.16,50.35,85.98,1788.5,25.9,145.85,2460.5,0,NORMAL
PALA-01,85.33,3448.82,1.93,53.26,76.98,1450.0,26.1,159.21,2374.8,0,NORMAL
PALA-02,88.68,3339.04,5.25,47.87,80.18,1677.3,24.97,179.23,443.0,0,NORMAL
PALA-02,87.03,2931.05,1.77,58.03,77.62,1734.9,26.31,170.69,2911.4,0,NORMAL
CARG-01,84.26,3155.38,2.29,59.23,77.32,1615.6,25.94,173.01,2575.4,0,NORMAL
PALA-03,86.89,3300.24,1.21,61.03,88.73,1626.3,26.46,233.99,1154.4,0,NORMAL
PALA-01,74.28,2861.28,3.13,52.35,75.92,1794.9,26.82,154.43,1639.2,0,NORMAL
PALA-01,100.73,3265.31,2.86,49.96,98.23,1802.0,26.9,166.52,1705.8,1,FALLA_TERMICA
PALA-01,77.9,3278.44,1.22,61.47,89.78,1698.7,25.95,140.17,2790.2,0,NORMAL
PALA-02,87.51,3036.97,2.28,60.9,80.49,1768.2,25.88,198.41,3335.1,0,NORMAL
CARG-02,80.27,3298.72,2.55,49.06,80.74,1775.6,26.28,213.45,3009.5,0,NORMAL
PALA-03,85.8,3251.34,2.8,52.12,82.6,1588.4,27.28,168.3,1701.5,0,NORMAL
CARG-01,84.41,3035.57,4.47,57.95,76.18,1590.0,25.99,173.62,1216.4,0,NORMAL
PALA-02,78.12,3415.52,5.58,52.74,77.31,1672.8,25.85,208.31,847.1,0,NORMAL
PALA-02,79.36,3400.81,2.27,54.16,78.53,1636.8,25.52,146.32,2418.3,0,NORMAL
PALA-01,87.82,3197.85,3.36,46.65,85.17,1648.4,26.81,170.98,1490.6,0,NORMAL
CARG-02,78.51,3214.26,1.49,48.39,83.69,1708.6,26.17,103.6,540.9,0,NORMAL
CARG-01,82.56,3380.73,4.75,53.54,78.48,1709.0,25.6,164.74,219.7,0,NORMAL
PALA-01,78.48,3213.88,1.79,50.51,80.47,1412.7,25.76,152.82,2058.6,0,NORMAL
PALA-03,80.59,2902.44,2.64,48.26,84.12,1731.5,26.94,202.07,3063.3,0,NORMAL
PALA-02,81.79,3337.65,1.99,52.43,71.46,1689.8,26.52,154.03,1191.0,0,NORMAL
PALA-03,78.48,3103.61,3.65,49.61,82.21,1747.1,25.86,148.99,779.4,0,NORMAL
CARG-02,77.68,3179.83,0.73,54.14,84.03,1643.1,26.86,216.24,1784.7,0,NORMAL
PALA-03,83.29,3512.42,1.51,58.96,77.33,1643.7,27.23,153.02,2646.7,0,NORMAL
PALA-03,78.2,3225.88,2.62,52.49,83.6,1673.1,26.92,182.46,171.4,0,NORMAL
PALA-01,78.35,3250.31,4.17,51.87,81.06,1848.2,26.57,209.75,3074.4,0,NORMAL
PALA-01,77.77,3341.74,0.83,59.37,88.24,1670.0,27.74,139.61,3469.1,0,NORMAL
PALA-01,81.65,3340.96,2.54,57.67,78.91,1853.3,27.46,190.25,1590.0,0,NORMAL
PALA-01,86.25,3084.54,1.45,57.99,83.36,1837.3,26.45,134.04,2963.2,0,NORMAL
CARG-01,88.78,3239.15,0.94,41.4,75.12,1679.4,27.21,182.76,1493.3,0,NORMAL
CARG-01,78.73,3256.51,2.56,51.76,81.3,1658.7,26.92,190.33,412.8,0,NORMAL
PALA-01,91.68,3298.96,4.63,51.14,84.26,1662.9,25.97,140.76,1783.1,0,NORMAL
CARG-01,77.48,3302.06,2.17,49.87,78.9,1702.7,27.68,80.61,662.5,0,NORMAL
PALA-01,86.88,3715.74,3.12,59.27,85.48,1652.9,27.75,123.0,710.1,0,NORMAL
PALA-02,78.75,3038.35,1.32,51.28,84.68,1808.3,27.36,165.44,2794.0,0,NORMAL
PALA-01,78.08,3426.42,0.82,47.05,81.58,1642.5,26.9,122.7,405.2,0,NORMAL
PALA-02,78.65,3463.01,1.37,55.23,79.91,1823.6,27.16,145.61,1063.9,0,NORMAL
PALA-02,81.76,3338.7,2.28,53.96,68.66,1608.1,26.13,177.89,1299.9,0,NORMAL
PALA-02,84.61,3132.94,1.9,49.39,78.41,1519.9,27.28,150.03,3186.9,0,NORMAL
PALA-02,85.01,3549.64,1.0,59.09,85.4,1504.3,25.37,162.83,2154.6,0,NORMAL
CARG-02,77.75,2855.44,1.18,56.65,79.91,1655.2,26.14,136.73,245.3,0,NORMAL
PALA-01,77.55,3127.01,2.9,56.64,82.81,1623.1,24.39,225.86,1019.7,0,NORMAL
PALA-01,77.88,3460.9,4.03,56.42,79.14,1617.7,26.72,134.73,270.3,0,NORMAL
PALA-01,81.5,3183.38,2.45,59.45,75.29,1838.0,27.22,158.3,2589.0,0,NORMAL
PALA-03,81.05,3537.36,2.13,53.22,83.99,1632.2,27.72,178.91,720.3,0,NORMAL
PALA-01,109.2,2977.88,1.44,47.79,96.13,1484.1,26.23,123.41,819.4,1,FALLA_TERMICA
CARG-01,83.21,3049.82,0.4,52.96,79.95,1787.8,26.59,160.52,466.5,0,NORMAL
PALA-03,92.18,3154.31,3.6,45.72,82.46,1880.3,26.39,152.68,2425.5,0,NORMAL
PALA-03,79.73,3325.13,1.96,48.69,78.29,1774.0,27.85,187.02,1837.1,0,NORMAL
PALA-03,80.05,3210.04,5.81,62.1,87.28,1639.6,26.67,161.34,963.6,0,NORMAL
PALA-01,84.52,3161.73,1.77,48.5,88.89,1740.6,27.88,139.52,2784.4,0,NORMAL
PALA-01,79.49,3505.67,2.2,48.13,77.76,1623.6,27.4,170.39,2058.3,0,NORMAL
PALA-02,85.01,2330.41,1.94,35.94,77.92,1603.4,27.0,199.36,676.6,1,FALLA_PRESION_HIDRAULICA
PALA-03,78.77,3175.41,1.28,58.32,79.25,1696.3,25.95,149.56,113.8,0,NORMAL
PALA-01,90.24,2942.24,3.37,45.67,85.61,1713.2,25.53,162.15,360.9,0,NORMAL
PALA-01,83.55,2861.65,9.77,55.24,82.94,1695.7,26.47,157.22,3217.6,1,FALLA_DESGASTE_RODAMIENTOS
CARG-02,79.21,3293.07,1.92,51.26,84.0,1920.6,26.48,173.9,320.8,0,NORMAL
PALA-01,79.35,3368.07,1.32,55.65,86.26,1725.1,25.47,133.45,890.8,0,NORMAL
CARG-01,98.47,3261.34,1.74,52.49,95.27,1835.2,27.27,225.25,316.8,1,FALLA_TERMICA
CARG-01,88.18,3237.24,2.58,47.17,83.01,1987.8,26.55,207.8,306.9,0,NORMAL
PALA-02,76.29,3105.18,5.37,51.59,81.21,1663.2,26.87,148.08,1113.3,0,NORMAL
PALA-01,78.99,3367.9,3.54,57.13,82.72,1737.8,27.76,234.04,1821.8,0,NORMAL
PALA-01,79.47,3552.07,2.46,63.72,85.6,1818.0,25.78,74.91,1234.7,0,NORMAL
PALA-03,81.93,2850.96,2.46,55.95,80.39,1734.6,24.73,190.38,404.6,0,NORMAL
PALA-03,80.78,3236.05,0.66,52.05,78.21,1686.7,25.93,289.31,241.2,0,NORMAL
CARG-01,75.29,3075.34,3.96,48.1,76.8,2001.2,27.78,151.42,725.8,0,NORMAL
CARG-02,80.2,2981.72,2.84,53.21,88.02,1863.8,26.41,191.08,2464.1,0,NORMAL
PALA-03,81.55,3046.6,2.98,52.11,80.83,1467.8,26.25,191.16,2355.7,0,NORMAL
PALA-01,79.17,3318.34,0.39,55.53,75.53,1882.9,25.99,152.34,3136.0,0,NORMAL
PALA-01,85.09,3322.89,2.35,53.7,86.53,1912.0,26.39,179.81,3197.7,0,NORMAL
CARG-01,86.14,3512.85,1.32,56.4,74.16,1863.4,25.94,219.69,2713.2,0,NORMAL
PALA-01,81.65,3251.58,2.1,52.2,74.8,1810.1,26.01,130.03,108.7,0,NORMAL
PALA-01,83.04,2933.52,1.79,62.55,79.74,1906.1,27.24,178.18,424.2,0,NORMAL
CARG-01,72.28,3207.13,2.44,56.92,78.81,1825.9,28.47,193.93,2602.5,0,NORMAL
PALA-02,80.11,3000.45,2.2,50.47,82.25,1789.4,25.73,136.57,2901.0,0,NORMAL
CARG-02,86.52,3032.78,1.12,59.01,73.29,1736.1,25.97,164.52,2160.6,0,NORMAL
PALA-03,80.09,3354.5,2.91,48.22,82.3,1591.4,25.95,178.39,1304.9,0,NORMAL
PALA-01,78.68,3284.95,1.46,49.73,86.11,1555.3,27.67,136.32,685.2,0,NORMAL
CARG-02,92.25,3355.76,2.93,50.0,77.07,1812.8,27.01,212.54,2383.8,0,NORMAL
PALA-02,90.19,3185.65,1.33,60.64,79.49,1810.6,26.19,170.77,1473.6,0,NORMAL
PALA-02,84.1,3392.3,1.51,53.11,77.79,1714.9,26.0,136.57,1329.6,0,NORMAL
PALA-02,87.13,3175.59,1.98,50.86,82.28,1617.2,27.65,121.44,1671.1,0,NORMAL
PALA-01,71.98,3451.0,2.06,54.82,76.7,1584.4,26.43,151.8,2935.4,0,NORMAL
PALA-02,78.46,3312.04,1.94,56.71,76.2,1676.5,26.37,150.43,2267.3,0,NORMAL
PALA-01,79.89,3212.74,1.3,61.95,80.4,1804.2,24.67,175.29,1966.0,0,NORMAL
PALA-02,80.94,4017.23,5.64,46.52,82.35,1988.6,27.04,249.11,1152.7,1,FALLA_SOBRECARGA
PALA-02,79.8,3246.79,1.44,60.32,81.6,1717.1,26.39,139.0,1173.4,0,NORMAL
CARG-01,70.52,3537.3,1.14,43.66,79.24,1754.5,26.49,214.34,3459.1,0,NORMAL
CARG-01,83.74,3294.18,1.08,58.53,83.67,1855.1,26.48,107.23,1677.5,0,NORMAL
PALA-01,84.45,3249.71,1.33,59.82,81.92,1712.3,27.15,140.08,849.1,0,NORMAL
PALA-02,89.21,3207.07,0.94,60.08,76.32,1764.2,24.61,118.62,2539.3,0,NORMAL
PALA-02,78.45,3401.77,2.58,56.84,70.3,1818.6,25.44,168.66,2639.6,0,NORMAL
PALA-01,78.08,3377.42,1.49,48.67,83.09,1852.2,27.97,186.03,1359.6,0,NORMAL
CARG-01,69.94,3200.71,2.43,57.74,79.97,1726.5,25.42,285.8,2765.1,0,NORMAL
CARG-01,80.68,3041.98,1.42,48.66,76.56,1662.3,25.79,195.08,3051.3,0,NORMAL
PALA-01,86.06,3087.65,2.53,49.31,87.5,1744.5,27.4,118.38,2912.3,0,NORMAL
PALA-02,79.25,3216.85,4.13,51.72,87.46,1516.3,26.44,180.44,299.6,0,NORMAL
PALA-01,91.65,3492.81,1.06,52.17,86.09,1755.2,26.45,156.97,2783.6,0,NORMAL
PALA-03,80.85,3204.97,3.53,55.2,81.9,1824.0,27.67,144.29,1434.2,0,NORMAL
PALA-01,82.66,3143.06,3.49,50.52,68.34,1923.8,25.94,160.82,418.0,0,NORMAL
CARG-02,75.87,2933.07,2.88,55.65,85.7,1831.0,25.97,191.32,3128.2,0,NORMAL
CARG-01,83.29,3522.44,1.36,47.14,77.32,1412.1,27.01,189.24,1738.2,0,NORMAL
PALA-02,73.09,3352.43,0.76,54.19,78.76,1887.0,26.53,112.78,3075.7,0,NORMAL
PALA-03,85.12,3393.28,1.18,52.64,84.6,1896.0,27.22,161.53,2115.2,0,NORMAL
CARG-02,85.26,3423.1,3.73,59.07,89.13,1609.5,25.88,125.15,1172.5,0,NORMAL
PALA-03,88.12,3220.35,3.38,59.57,87.16,1671.9,26.56,165.68,2043.9,0,NORMAL
PALA-01,77.41,3265.23,1.76,53.15,81.69,1892.7,26.34,144.61,3355.1,0,NORMAL
PALA-02,82.72,3517.95,2.54,44.2,83.96,1726.7,26.09,188.7,2196.4,0,NORMAL
CARG-01,84.54,3282.32,3.09,46.63,76.58,1649.5,25.37,150.41,2858.8,0,NORMAL
PALA-03,83.99,3355.75,2.23,59.62,74.51,1629.8,26.06,135.51,3033.6,0,NORMAL
PALA-03,78.11,3406.7,0.95,53.28,85.32,2036.2,25.97,162.11,1400.1,0,NORMAL
CARG-02,71.24,3365.73,1.83,62.75,82.29,1814.5,27.4,159.32,590.3,0,NORMAL
CARG-02,83.56,3226.93,1.43,58.48,75.21,1686.6,26.85,154.45,3415.8,0,NORMAL
CARG-02,81.31,3243.9,1.67,55.28,80.81,1891.4,26.76,144.38,3115.5,0,NORMAL
PALA-01,79.45,4547.16,2.28,54.64,83.47,1709.2,26.25,227.83,2095.1,1,FALLA_SOBRECARGA
PALA-03,85.44,3389.68,2.03,48.26,84.63,1865.4,25.69,228.04,3313.7,0,NORMAL
CARG-01,81.8,3460.28,0.79,50.84,83.51,1789.7,26.58,112.99,2162.2,0,NORMAL
CARG-01,76.06,3349.2,4.16,56.08,79.55,1679.4,27.53,168.44,2196.2,0,NORMAL
PALA-03,73.31,3357.39,1.26,52.27,77.61,1779.8,25.71,173.21,2220.7,0,NORMAL
PALA-01,76.92,3169.68,1.3,56.34,81.47,1784.6,26.76,236.23,2897.3,0,NORMAL
CARG-01,92.77,3145.39,0.85,59.15,84.21,1816.1,26.04,240.95,1129.2,0,NORMAL
CARG-01,85.25,3390.51,2.81,53.1,84.62,1915.4,26.4,174.26,1120.6,0,NORMAL
PALA-01,82.85,3146.65,0.92,51.84,87.32,1985.4,26.28,124.14,162.3,0,NORMAL
PALA-02,81.18,3246.27,1.94,49.52,81.14,1769.3,26.76,125.22,2840.5,0,NORMAL
PALA-01,80.89,3498.22,3.18,58.17,76.56,1491.0,26.28,138.23,958.4,0,NORMAL
PALA-02,87.25,3469.7,7.37,57.77,85.35,1825.2,26.0,158.99,806.3,0,NORMAL
PALA-01,79.79,3304.32,2.56,64.94,81.33,1688.7,25.14,143.74,1689.9,0,NORMAL
PALA-02,84.6,3196.69,2.22,54.88,75.87,1517.1,26.58,126.06,3010.8,0,NORMAL
PALA-03,80.43,3227.79,5.16,53.52,83.49,1802.9,26.89,163.11,2115.6,0,NORMAL
PALA-03,90.73,3406.18,1.53,56.34,86.65,1772.7,26.45,130.52,2956.9,0,NORMAL
PALA-03,85.34,3243.43,3.69,52.56,82.53,1623.3,26.34,208.41,51.4,0,NORMAL
CARG-01,87.61,3149.51,1.73,49.57,86.7,1577.7,27.59,130.81,703.3,0,NORMAL
PALA-01,79.37,3468.84,7.12,54.44,79.06,1887.5,27.7,136.05,2523.8,0,NORMAL
PALA-01,86.76,3282.69,4.39,56.29,78.09,1780.7,27.26,163.93,1029.0,0,NORMAL
CARG-02,80.59,3146.09,1.3,56.62,84.42,1625.1,26.67,114.28,3287.6,0,NORMAL
PALA-01,82.5,3336.21,3.22,56.22,79.59,1799.5,26.48,147.01,2655.8,0,NORMAL
CARG-02,89.36,3424.82,1.72,59.32,85.82,1669.6,25.56,107.38,2466.4,0,NORMAL
CARG-01,77.31,3068.62,2.68,56.6,81.68,1785.4,24.88,157.91,106.7,0,NORMAL
PALA-03,82.91,3213.92,2.63,55.35,85.87,1757.7,27.5,131.01,2436.0,0,NORMAL
CARG-02,83.97,3205.6,9.43,47.67,83.53,1412.3,26.49,142.69,2978.9,1,FALLA_DESGASTE_RODAMIENTOS
PALA-01,84.34,3331.41,3.25,55.23,77.4,1733.0,29.11,164.87,646.6,0,NORMAL
PALA-02,79.97,3363.76,0.75,53.15,73.03,1700.0,25.93,145.96,2074.7,0,NORMAL
PALA-03,91.39,3150.73,2.9,48.39,84.13,1631.2,26.74,185.68,413.8,0,NORMAL
PALA-02,76.17,2981.3,2.83,56.5,83.26,1568.3,27.22,125.38,1728.0,0,NORMAL
CARG-02,88.56,3435.72,2.65,56.59,76.93,1693.9,25.88,143.46,710.4,0,NORMAL
PALA-01,87.47,3048.41,2.2,56.13,84.19,1677.7,26.18,148.63,86.6,0,NORMAL
PALA-03,90.55,3298.81,2.9,56.78,86.56,1798.2,26.24,188.27,1328.2,0,NORMAL
PALA-03,74.85,3226.24,2.53,54.62,78.17,1702.6,26.07,196.95,1321.6,0,NORMAL
PALA-03,78.09,4249.33,1.05,52.77,73.27,1730.6,26.72,301.1,1831.2,1,FALLA_SOBRECARGA
PALA-02,88.71,3547.22,1.49,62.85,84.88,1759.3,26.44,145.88,3368.1,0,NORMAL
PALA-02,73.55,3796.89,1.52,54.74,86.09,1664.3,24.77,92.3,323.9,0,NORMAL
CARG-01,74.77,2955.98,1.15,41.29,78.06,1600.4,26.49,159.97,822.6,0,NORMAL
PALA-01,79.8,3427.1,3.41,41.86,84.1,1985.6,26.7,161.58,1604.5,0,NORMAL
CARG-01,82.86,3221.88,1.83,60.02,82.33,1710.7,26.37,209.58,1255.1,0,NORMAL
PALA-03,89.17,3438.61,1.59,44.83,80.56,1694.8,27.72,153.89,1997.2,0,NORMAL
CARG-01,81.17,3422.31,2.15,51.28,83.32,1889.6,26.68,155.75,2823.6,0,NORMAL
CARG-01,79.26,2263.69,0.35,25.28,78.99,1946.5,26.42,144.39,1492.9,1,FALLA_PRESION_HIDRAULICA
PALA-01,83.4,3301.29,2.01,52.49,76.59,1893.5,27.13,178.51,1116.7,0,NORMAL
PALA-03,84.11,3089.88,3.0,55.93,82.62,1673.2,28.21,169.0,836.4,0,NORMAL
CARG-02,83.99,3416.98,1.79,50.68,82.07,1761.7,26.29,175.05,2768.4,0,NORMAL
PALA-02,81.2,3271.24,1.13,49.92,70.81,1790.1,27.24,234.95,369.2,0,NORMAL
CARG-02,73.2,3207.91,1.28,57.65,76.28,1988.4,27.87,107.91,1725.8,0,NORMAL
PALA-02,77.87,3164.28,2.74,67.16,78.31,1770.4,26.22,64.22,1338.0,0,NORMAL
PALA-01,88.39,3431.14,2.32,56.7,83.1,1775.8,25.46,184.94,2232.7,0,NORMAL
PALA-02,82.84,3538.61,1.38,49.43,74.91,1598.4,26.75,158.37,1922.6,0,NORMAL
CARG-02,80.55,3034.84,3.18,58.36,79.72,1569.4,27.48,139.93,1246.1,0,NORMAL
PALA-02,87.03,3361.95,5.6,62.72,88.75,1882.5,26.17,195.44,414.6,0,NORMAL
CARG-02,76.91,3182.97,2.67,59.32,81.27,1761.5,27.28,165.96,520.4,0,NORMAL
CARG-02,80.99,2985.89,1.83,46.28,81.52,1773.7,25.71,145.77,2400.5,0,NORMAL
PALA-02,82.62,3276.59,0.13,56.64,80.76,1848.8,26.2,191.26,1751.0,0,NORMAL
PALA-01,80.01,3100.04,2.89,51.7,84.93,1822.3,26.33,186.31,2770.7,0,NORMAL
CARG-01,82.45,2966.0,2.34,54.26,81.17,1806.6,26.29,182.79,3242.0,0,NORMAL
PALA-02,81.16,3109.29,1.7,52.13,80.12,1796.3,25.71,115.47,2377.5,0,NORMAL
CARG-01,75.7,3065.0,5.41,57.71,81.61,1736.6,26.13,131.22,3196.8,0,NORMAL
PALA-02,82.82,3133.6,3.85,52.24,86.3,1745.1,24.83,170.3,145.2,0,NORMAL
PALA-02,76.02,3011.34,2.47,61.09,82.61,1829.9,26.95,176.53,1904.1,0,NORMAL
CARG-01,82.75,3178.87,0.7,53.99,81.23,1607.4,26.43,209.15,971.2,0,NORMAL
PALA-02,88.18,3121.62,1.51,52.88,85.71,1593.9,27.32,139.86,728.7,0,NORMAL
PALA-02,80.74,3317.61,1.94,56.86,78.91,1729.8,26.33,159.9,1017.1,0,NORMAL
PALA-02,76.73,3356.84,1.8,55.79,68.19,1737.9,24.96,200.99,2877.2,0,NORMAL
PALA-02,81.43,3296.83,2.48,57.0,82.79,1806.9,26.66,155.14,2223.2,0,NORMAL
PALA-03,78.26,3207.62,1.22,53.33,82.74,1693.3,25.87,165.79,2731.1,0,NORMAL
CARG-01,84.68,3202.76,1.02,60.67,78.51,1626.7,27.26,158.45,1774.4,0,NORMAL
PALA-02,81.33,3099.33,3.87,58.95,79.92,1792.2,26.23,179.94,971.9,0,NORMAL
PALA-03,89.69,3103.66,0.89,53.94,86.03,1881.6,28.01,177.68,1665.2,0,NORMAL
PALA-03,87.23,3376.65,5.61,58.11,82.82,1763.8,25.68,103.76,791.1,0,NORMAL
PALA-02,81.31,2933.25,2.35,52.68,86.9,1545.5,26.6,182.62,3470.5,0,NORMAL
PALA-02,85.22,3235.47,2.79,56.85,82.07,1753.1,26.88,218.7,2717.1,0,NORMAL
CARG-02,80.23,3191.76,1.81,58.13,80.39,1488.2,26.14,111.46,265.3,0,NORMAL
CARG-01,82.15,3357.84,2.81,55.25,83.83,1715.1,25.33,171.9,3492.9,0,NORMAL
PALA-03,80.37,2993.5,3.62,49.9,82.47,1478.8,26.24,180.22,566.9,0,NORMAL
PALA-03,85.45,3252.25,2.64,48.03,82.76,1668.4,24.94,113.79,2320.6,0,NORMAL
PALA-01,88.45,3311.74,1.17,55.47,80.08,1781.3,25.84,133.32,1358.3,0,NORMAL
PALA-03,85.59,2907.15,0.52,50.38,78.71,1685.7,16.78,136.14,1925.6,1,FALLA_ELECTRICA
PALA-03,86.15,3056.62,2.25,59.27,78.86,1857.8,27.2,167.61,2514.3,0,NORMAL
PALA-03,86.15,3233.48,1.9,46.46,83.08,1746.3,26.62,112.25,1093.0,0,NORMAL
PALA-02,84.48,3342.55,2.44,60.59,83.6,1585.2,26.08,135.99,403.0,0,NORMAL
PALA-01,76.87,3282.85,3.04,54.25,70.49,1828.1,26.03,172.73,2316.6,0,NORMAL
PALA-01,89.65,3350.88,1.27,49.73,78.07,1802.7,25.96,190.14,138.2,0,NORMAL
CARG-02,90.12,3055.71,0.48,51.74,74.64,1872.9,27.14,161.08,826.0,0,NORMAL
PALA-02,80.95,2964.02,1.98,52.98,79.01,1805.2,25.21,123.2,80.0,0,NORMAL
PALA-02,80.33,3265.21,1.75,56.42,78.59,1776.4,25.72,150.43,2586.7,0,NORMAL
PALA-01,84.76,3028.72,1.13,47.87,81.59,1600.8,25.21,167.09,3094.9,0,NORMAL
PALA-01,84.48,3094.24,3.07,49.2,81.74,1817.6,26.87,213.28,1170.2,0,NORMAL
CARG-01,81.09,3417.81,2.22,52.38,89.52,1702.4,27.61,174.87,1136.0,0,NORMAL
PALA-03,76.37,3284.04,3.68,53.85,82.49,1816.7,26.86,233.01,386.1,0,NORMAL
PALA-03,83.38,3147.73,3.09,57.58,83.55,1987.6,26.92,188.96,196.6,0,NORMAL
PALA-01,84.48,3124.35,3.27,55.35,75.31,1864.8,25.98,202.52,863.0,0,NORMAL
CARG-01,85.27,3361.77,1.65,52.05,79.66,1754.2,26.79,137.2,3015.1,0,NORMAL
PALA-01,83.57,3288.15,0.77,55.18,76.67,1728.8,25.8,186.63,2126.7,0,NORMAL
PALA-01,80.78,1916.34,1.67,28.39,83.39,1669.9,25.94,166.29,89.2,1,FALLA_PRESION_HIDRAULICA
PALA-02,86.47,2899.39,3.75,52.74,81.21,1441.2,26.37,245.72,2152.7,0,NORMAL
PALA-02,82.3,3588.72,1.17,54.58,79.63,1725.6,26.43,147.85,224.4,0,NORMAL
PALA-01,79.91,3029.95,2.5,43.24,84.83,1658.3,27.83,222.32,1493.8,0,NORMAL
PALA-03,81.19,3344.99,0.8,58.67,79.92,1758.6,27.09,220.12,3274.0,0,NORMAL
PALA-03,74.14,3521.92,1.31,56.74,86.34,1658.0,26.49,139.92,2214.9,0,NORMAL
CARG-01,81.18,3276.57,4.51,61.49,86.28,1746.5,27.77,170.89,2161.1,0,NORMAL
PALA-02,85.1,3141.92,3.61,49.95,78.46,1869.5,28.32,109.87,2377.4,0,NORMAL
PALA-01,83.53,2993.31,2.14,56.86,85.45,1738.8,26.42,223.44,529.2,0,NORMAL
PALA-02,88.84,2990.8,1.82,44.48,81.45,1589.7,26.71,84.84,372.1,0,NORMAL
CARG-02,80.82,3317.81,2.29,45.17,79.42,1620.3,25.41,103.58,1334.9,0,NORMAL
PALA-03,84.19,3511.18,1.41,52.82,82.58,1802.9,26.53,154.59,704.0,0,NORMAL
CARG-01,85.57,3178.82,1.95,51.11,74.65,1810.4,25.86,127.07,129.9,0,NORMAL
PALA-01,92.54,3149.97,2.38,59.24,78.85,1615.4,24.89,125.08,1223.6,0,NORMAL
PALA-03,82.65,3375.55,2.05,59.89,82.67,1716.6,27.19,148.07,1765.4,0,NORMAL
PALA-01,77.3,3126.53,1.75,60.42,79.82,1828.6,26.49,193.51,223.8,0,NORMAL
PALA-03,85.82,3299.41,1.82,56.99,85.31,1926.5,25.7,194.92,3403.2,0,NORMAL
CARG-02,90.4,3257.52,0.89,57.21,79.41,1741.2,24.94,176.06,2689.8,0,NORMAL
CARG-02,80.55,3176.3,5.12,47.59,81.49,1696.1,25.91,177.45,2595.1,0,NORMAL
PALA-03,85.78,3247.2,2.5,61.0,80.52,1675.6,25.86,161.36,3086.5,0,NORMAL
PALA-02,87.53,3567.37,1.42,60.26,74.89,1737.2,26.31,196.29,2086.5,0,NORMAL
CARG-02,112.04,3358.82,0.78,47.1,101.97,1886.7,25.01,164.34,1561.7,1,FALLA_TERMICA
PALA-03,82.57,3446.65,2.42,56.34,82.27,1737.4,26.74,132.54,1721.5,0,NORMAL
PALA-01,78.86,3084.64,2.9,51.27,73.27,1780.0,26.91,150.46,729.9,0,NORMAL
PALA-02,81.63,3447.27,1.28,63.25,71.12,1549.4,25.36,168.44,1361.6,0,NORMAL
PALA-01,84.06,3365.02,2.0,49.12,79.19,1911.3,25.04,190.0,2802.0,0,NORMAL
PALA-02,86.09,2980.07,10.6,54.46,85.92,1880.4,27.21,171.51,3597.3,1,FALLA_DESGASTE_RODAMIENTOS
PALA-02,83.5,4251.12,4.55,54.93,91.87,1684.5,26.28,270.15,682.9,1,FALLA_SOBRECARGA
PALA-03,80.29,3157.61,0.79,53.73,73.72,1707.5,26.91,189.56,3025.1,0,NORMAL
PALA-02,84.5,2971.76,0.82,64.74,87.5,1861.5,26.49,147.14,2292.7,0,NORMAL
PALA-01,85.87,3273.36,1.04,62.46,85.65,2073.4,26.33,178.35,2114.9,0,NORMAL
PALA-03,83.71,3347.03,3.35,45.81,78.67,1517.8,27.23,104.9,3394.1,0,NORMAL
CARG-01,78.24,3277.29,4.0,56.44,88.53,1658.7,27.07,180.24,3242.0,0,NORMAL
PALA-03,81.18,3230.36,3.32,53.94,82.87,1672.7,26.71,193.95,555.5,0,NORMAL
PALA-02,86.27,3190.49,6.06,58.17,80.09,1844.9,26.76,142.1,3986.5,1,FALLA_DESGASTE_RODAMIENTOS
CARG-02,75.78,3693.99,3.76,55.06,73.88,1762.5,26.05,174.1,3167.4,0,NORMAL
CARG-02,103.18,3037.14,1.27,49.94,104.89,1658.5,26.84,166.97,3022.9,1,FALLA_TERMICA
PALA-01,88.79,3407.13,2.51,48.81,81.17,1550.1,27.64,135.25,3116.9,0,NORMAL
PALA-01,105.91,3252.78,1.52,51.99,110.89,1841.4,27.22,193.36,2831.6,1,FALLA_TERMICA
CARG-01,84.73,3096.2,1.68,53.4,77.22,1696.0,24.9,152.59,3461.4,0,NORMAL
CARG-01,77.15,1704.86,1.34,35.25,77.46,1581.1,26.76,146.33,990.9,1,FALLA_PRESION_HIDRAULICA
CARG-02,85.32,2999.27,2.4,51.15,78.96,1638.1,26.83,180.98,599.0,0,NORMAL
CARG-02,83.24,3142.81,2.99,62.53,91.62,1669.0,27.31,167.13,311.6,0,NORMAL
PALA-03,74.87,3241.55,2.1,56.68,76.4,1684.0,27.39,183.57,2891.6,0,NORMAL
PALA-03,88.41,2970.8,1.56,58.37,86.23,1594.6,26.8,165.47,1611.6,0,NORMAL
PALA-01,82.71,3341.15,3.51,53.31,74.77,1596.1,25.41,174.58,940.4,0,NORMAL
PALA-01,80.22,3076.52,3.34,48.81,82.73,2004.3,26.31,157.67,2386.4,0,NORMAL
PALA-02,80.3,2988.69,6.94,58.42,81.39,1759.5,25.77,136.84,52.9,0,NORMAL
PALA-03,72.93,3055.52,1.68,49.03,78.2,1670.6,25.47,135.01,728.6,0,NORMAL
PALA-03,84.67,3641.67,3.21,43.89,83.87,1765.4,27.52,136.65,1355.4,0,NORMAL
CARG-01,83.18,2893.95,2.89,56.83,77.8,1739.3,26.03,142.04,782.3,0,NORMAL
PALA-02,81.13,3328.5,2.87,50.22,74.54,1611.2,27.99,267.65,1231.9,0,NORMAL
PALA-03,87.75,3114.71,1.52,52.33,79.75,1490.1,26.09,179.22,620.6,0,NORMAL
PALA-01,75.77,3186.98,0.78,57.47,77.33,1656.3,25.83,135.09,63.7,0,NORMAL
PALA-02,79.31,3358.71,1.88,49.35,82.04,1698.1,26.88,195.62,1762.3,0,NORMAL
CARG-01,78.17,3349.87,1.06,45.99,79.86,1706.9,26.34,225.8,293.2,0,NORMAL
PALA-03,80.75,3127.47,1.41,60.1,87.26,1500.2,26.62,141.88,2535.1,0,NORMAL
CARG-02,82.3,3005.59,2.14,53.71,79.72,2017.6,25.97,143.98,261.9,0,NORMAL
PALA-02,83.94,3361.99,1.99,60.29,82.1,2008.3,25.97,97.08,2694.5,0,NORMAL
PALA-02,80.44,3349.43,2.39,57.13,76.35,1773.4,26.01,150.18,262.4,0,NORMAL
PALA-02,78.05,3198.71,0.97,57.28,79.29,1723.1,25.57,188.07,3407.6,0,NORMAL
PALA-02,89.59,3329.55,2.09,54.82,77.35,1652.2,27.17,148.23,1297.4,0,NORMAL
CARG-02,92.85,3169.75,3.94,54.81,85.74,1789.4,26.56,123.74,1085.1,0,NORMAL
PALA-03,82.64,3101.13,1.85,59.67,77.97,1706.0,26.52,107.92,1103.7,0,NORMAL
CARG-02,78.59,3250.71,2.58,58.07,78.4,1870.3,26.93,170.89,883.8,0,NORMAL
PALA-01,88.64,3343.43,2.33,51.05,82.2,1829.7,26.69,138.19,661.4,0,NORMAL
CARG-02,75.49,3305.67,3.04,56.47,78.15,1617.9,28.21,230.95,2911.6,0,NORMAL
PALA-01,80.49,3341.65,2.52,50.9,86.64,1637.5,26.74,161.87,1641.5,0,NORMAL
CARG-02,108.71,3113.1,1.13,52.44,108.52,1836.4,24.76,132.77,394.5,1,FALLA_TERMICA
PALA-02,76.78,3534.74,1.02,56.84,77.41,1803.4,26.0,190.85,2875.1,0,NORMAL
PALA-02,80.74,3188.37,1.67,50.83,84.38,1586.4,25.65,231.42,3019.9,0,NORMAL
PALA-03,78.11,3228.6,4.13,54.74,77.62,1665.1,26.77,223.24,3236.1,0,NORMAL
CARG-02,82.06,3012.64,1.84,55.9,79.57,1701.5,26.07,127.81,211.1,0,NORMAL
PALA-01,82.12,3215.11,2.23,52.3,83.76,1715.6,26.8,115.73,1685.9,0,NORMAL
PALA-02,79.2,3345.8,2.11,57.6,81.56,1711.4,25.85,114.69,2135.6,0,NORMAL
CARG-02,80.33,3387.25,0.31,51.8,81.67,1827.9,26.56,184.47,2957.1,0,NORMAL
PALA-02,80.96,3531.15,2.34,58.71,85.39,1737.5,25.98,149.79,2189.7,0,NORMAL
PALA-01,85.64,3343.64,3.26,54.65,85.37,1729.7,26.13,136.02,1629.3,0,NORMAL
PALA-02,81.33,3299.84,2.19,54.86,81.2,1629.2,26.58,188.87,2684.2,0,NORMAL
PALA-02,120.01,3169.67,1.61,49.51,95.47,1740.1,26.76,129.21,1648.4,1,FALLA_TERMICA
CARG-02,84.64,3130.89,2.19,52.83,81.0,1716.6,27.54,195.57,1035.3,0,NORMAL
CARG-01,84.57,3424.64,5.77,54.97,76.96,1662.4,27.3,124.86,3657.7,1,FALLA_DESGASTE_RODAMIENTOS
PALA-03,88.25,3421.19,0.69,59.12,84.14,1581.9,27.15,147.84,1813.8,0,NORMAL
CARG-02,76.96,3056.14,2.09,52.39,80.25,1873.2,26.75,208.55,1733.1,0,NORMAL
PALA-02,79.87,3380.16,2.79,59.1,76.58,1933.6,26.01,164.36,711.2,0,NORMAL
PALA-01,89.93,3367.07,2.78,50.22,86.36,1749.3,26.9,123.86,2966.8,0,NORMAL
PALA-02,80.84,2046.55,4.29,25.88,80.94,1892.2,27.36,213.02,246.8,1,FALLA_PRESION_HIDRAULICA
PALA-02,69.33,3347.28,1.52,51.47,78.01,1747.5,27.36,199.72,234.6,0,NORMAL
PALA-01,81.09,3061.08,1.57,61.72,85.57,1553.6,26.41,210.35,532.7,0,NORMAL
CARG-02,82.61,2812.73,1.88,60.82,86.03,1756.0,26.13,100.2,436.7,0,NORMAL
CARG-01,70.22,3221.18,4.2,55.43,73.45,1679.3,27.03,170.48,3095.1,0,NORMAL
PALA-02,88.0,3296.41,0.72,51.32,85.43,1777.1,24.45,135.37,2776.6,0,NORMAL
PALA-03,78.79,3229.29,3.57,46.42,81.63,1908.5,27.68,138.82,1032.3,0,NORMAL
CARG-01,83.48,3766.08,1.89,55.89,84.89,1659.2,27.38,182.49,966.3,0,NORMAL
CARG-02,80.98,3318.19,1.99,55.04,80.73,1766.5,26.18,98.75,1449.1,0,NORMAL
CARG-02,76.2,4422.15,0.47,58.29,82.52,1823.3,26.13,316.65,1848.4,1,FALLA_SOBRECARGA
PALA-03,77.18,3327.33,2.22,46.67,79.78,1882.5,28.06,213.66,1191.1,0,NORMAL
CARG-01,77.79,3170.56,1.01,54.71,84.97,1838.3,25.57,165.08,3174.4,0,NORMAL
PALA-03,86.89,3417.31,2.86,56.14,78.31,1586.2,26.19,198.28,216.6,0,NORMAL
PALA-03,81.34,3314.98,3.71,49.49,85.1,1586.1,27.8,164.22,3366.4,0,NORMAL
PALA-01,79.65,3306.73,3.23,54.58,81.71,1811.8,25.54,130.16,2014.6,0,NORMAL
PALA-01,77.79,3137.66,0.81,50.37,84.03,1673.8,26.53,227.55,3310.5,0,NORMAL
PALA-03,87.38,2968.42,1.59,49.87,76.96,1601.9,26.21,153.27,2450.1,0,NORMAL
PALA-02,88.59,3159.75,0.79,51.35,82.69,1862.6,28.05,115.92,573.1,0,NORMAL
PALA-01,87.33,3300.87,2.51,52.67,83.13,1675.6,25.97,111.44,2442.4,0,NORMAL
CARG-01,84.22,3169.95,2.18,60.19,88.42,1915.6,25.31,153.5,3392.1,0,NORMAL
PALA-01,83.3,3302.51,3.23,52.39,83.79,1667.1,26.59,190.59,1774.9,0,NORMAL
PALA-03,76.53,3208.17,2.21,49.77,78.65,1630.4,25.97,159.62,3078.3,0,NORMAL
PALA-03,80.89,3327.5,1.63,58.06,78.48,1712.3,26.88,107.59,3465.3,0,NORMAL
CARG-02,78.92,3074.17,0.92,59.14,84.04,1811.0,26.75,162.93,1217.9,0,NORMAL
PALA-02,73.79,3284.72,1.23,58.1,78.84,1755.2,25.46,198.18,1473.2,0,NORMAL
PALA-01,86.76,3134.63,3.22,60.85,78.92,1947.0,27.87,155.54,998.4,0,NORMAL
PALA-03,78.87,2973.11,0.91,54.96,77.56,1740.6,25.91,210.98,3241.7,0,NORMAL
CARG-01,87.38,3220.27,1.95,54.78,81.53,1698.8,26.0,130.74,2211.3,0,NORMAL
CARG-02,85.97,3526.54,1.83,50.48,81.88,1901.1,26.86,191.42,2662.4,0,NORMAL
PALA-02,84.51,2987.46,1.92,61.0,79.7,1791.4,27.71,176.94,737.4,0,NORMAL
PALA-02,84.76,3271.49,1.88,53.54,87.78,1670.4,25.37,178.49,1531.2,0,NORMAL
CARG-02,79.23,3393.56,1.12,52.48,83.28,1748.6,26.03,175.59,2247.6,0,NORMAL
PALA-01,90.36,3664.01,3.07,52.03,88.03,1746.2,27.17,148.49,2588.8,0,NORMAL
PALA-03,82.19,3161.27,2.51,57.18,81.52,1695.3,25.94,170.51,2316.3,0,NORMAL
PALA-02,83.36,3136.24,1.68,54.42,78.07,1741.9,26.53,145.06,2498.2,0,NORMAL
PALA-01,79.08,3040.0,2.24,54.95,77.02,1565.5,26.07,169.6,2174.4,0,NORMAL
PALA-02,77.81,3455.29,1.84,52.38,80.51,1677.3,26.8,170.22,719.8,0,NORMAL
PALA-02,84.15,1561.37,1.75,27.48,84.01,1771.8,25.4,151.84,1933.1,1,FALLA_PRESION_HIDRAULICA
PALA-03,82.98,3183.29,3.52,53.26,79.81,1656.6,26.65,155.02,3136.2,0,NORMAL
CARG-02,78.45,2917.19,2.21,61.11,84.43,1613.0,26.79,110.0,468.2,0,NORMAL
PALA-02,75.53,3409.11,1.65,44.99,86.61,1715.1,26.94,161.83,865.9,0,NORMAL
CARG-01,76.29,3458.49,1.3,56.24,77.77,1663.3,25.98,180.68,1569.7,0,NORMAL
PALA-01,87.38,3402.24,1.86,59.44,76.6,1561.3,27.56,168.45,302.9,0,NORMAL
PALA-03,79.24,2961.04,3.05,44.81,84.79,1564.3,24.72,165.0,1357.4,0,NORMAL
PALA-01,80.47,3359.29,1.6,53.64,82.08,1769.0,25.87,109.73,1488.7,0,NORMAL
CARG-02,88.53,2948.92,2.67,58.91,82.3,1730.9,28.36,173.38,2885.1,0,NORMAL
CARG-01,76.95,3260.45,1.75,50.24,83.79,1757.7,26.42,116.96,3449.4,0,NORMAL
PALA-03,78.73,3286.91,2.11,55.34,74.9,1684.2,27.3,133.7,705.5,0,NORMAL
CARG-01,78.54,3305.83,3.6,49.34,82.76,1538.4,26.55,119.62,769.3,0,NORMAL
PALA-03,89.28,3346.23,1.24,54.17,81.72,1615.1,27.79,123.93,3195.2,0,NORMAL
CARG-02,90.97,3248.55,2.54,60.39,82.85,1681.4,26.25,164.99,3121.0,0,NORMAL
CARG-01,85.38,2896.76,2.59,62.48,77.18,1772.3,26.58,112.62,3370.7,0,NORMAL
CARG-02,115.79,3346.32,0.79,55.28,104.57,1510.2,27.1,116.87,2950.6,1,FALLA_TERMICA
PALA-03,79.39,3267.57,0.93,47.61,79.07,1442.7,27.63,215.38,1936.2,0,NORMAL
PALA-01,90.76,3087.53,0.26,52.45,85.17,1893.9,24.92,225.33,2039.4,0,NORMAL
PALA-03,83.2,2967.51,1.52,44.93,80.65,1791.7,26.81,194.82,1524.3,0,NORMAL
PALA-01,85.84,3527.2,3.03,52.53,78.6,1614.9,25.72,149.52,86.8,0,NORMAL
PALA-03,81.53,3471.63,0.76,58.82,77.04,1691.8,26.36,199.9,1757.7,0,NORMAL
PALA-02,80.79,3377.07,1.91,47.19,84.49,1669.5,25.97,178.72,3083.1,0,NORMAL
PALA-03,89.48,3128.27,3.06,52.96,84.92,1754.8,24.61,91.81,425.2,0,NORMAL
PALA-01,84.43,2796.94,2.85,49.92,88.69,1659.1,27.25,200.6,770.4,0,NORMAL
PALA-01,88.53,3387.64,0.92,62.97,79.71,1582.2,25.35,116.2,650.6,0,NORMAL
PALA-02,83.15,3316.0,10.23,55.99,76.95,1778.7,26.34,142.04,3885.8,1,FALLA_DESGASTE_RODAMIENTOS
CARG-02,78.18,3182.56,2.25,58.25,80.5,1937.7,26.31,170.59,529.2,0,NORMAL
PALA-02,79.37,3452.47,2.01,55.46,78.21,1783.6,25.76,170.3,1613.7,0,NORMAL
PALA-02,82.46,3402.64,1.13,57.8,78.48,1729.0,26.91,173.42,2827.0,0,NORMAL
CARG-01,79.18,3281.7,2.66,59.4,82.9,1694.3,26.11,201.9,188.8,0,NORMAL
PALA-03,77.02,3256.31,2.33,54.19,85.37,1625.4,25.83,169.47,1502.4,0,NORMAL
PALA-02,87.41,3259.17,3.21,51.34,82.65,1671.1,25.24,165.54,2964.4,0,NORMAL
PALA-02,79.55,3372.39,2.93,49.32,81.45,1767.1,25.66,213.67,3243.6,0,NORMAL
PALA-01,82.62,3095.65,2.04,62.79,84.28,1862.5,26.74,157.22,316.2,0,NORMAL
CARG-02,83.33,3326.68,1.4,58.1,80.09,1867.8,24.8,155.96,2339.8,0,NORMAL
PALA-01,79.35,3084.29,1.44,42.88,86.8,1740.4,27.74,175.69,2433.1,0,NORMAL
PALA-02,88.53,3490.58,3.17,52.78,93.0,1742.4,26.28,230.01,3390.6,0,NORMAL
PALA-01,76.97,3345.78,1.22,56.08,78.48,1726.3,25.71,135.91,158.1,0,NORMAL
PALA-01,83.18,3126.12,1.45,62.36,85.84,1788.5,26.88,99.93,2817.5,0,NORMAL
CARG-01,83.11,3264.51,1.38,48.49,85.84,1725.8,26.07,159.64,2172.4,0,NORMAL
PALA-01,101.53,3096.32,1.69,56.13,100.54,1727.7,27.11,208.9,294.6,1,FALLA_TERMICA
PALA-01,76.16,3520.74,1.72,52.0,86.15,1616.8,25.55,180.47,1223.8,0,NORMAL
PALA-02,85.92,3542.12,2.25,48.02,82.42,1613.9,25.61,141.98,1945.6,0,NORMAL
PALA-01,85.35,3375.32,1.8,60.73,83.6,1637.1,26.88,160.23,233.2,0,NORMAL
PALA-01,78.96,3530.2,1.86,49.18,81.33,1748.8,27.36,125.59,2484.6,0,NORMAL
CARG-01,85.18,3277.32,7.98,58.85,81.56,1683.2,26.56,97.61,3876.3,1,FALLA_DESGASTE_RODAMIENTOS
CARG-01,83.69,3387.43,1.93,46.03,83.54,2029.9,26.58,150.05,1939.7,0,NORMAL
CARG-02,76.24,3470.45,1.5,51.55,82.69,1766.6,25.73,125.15,2399.0,0,NORMAL
CARG-02,78.16,3248.97,3.46,56.86,76.81,1908.5,25.99,149.05,2221.8,0,NORMAL
PALA-03,87.12,3262.8,1.33,57.58,83.04,1898.2,25.87,107.93,250.4,0,NORMAL
PALA-01,83.39,3418.06,1.97,56.18,80.02,1771.0,27.44,220.27,1155.9,0,NORMAL
CARG-01,79.46,3366.37,0.79,58.93,78.78,1715.1,27.51,193.19,2953.8,0,NORMAL
CARG-01,78.14,3114.02,2.18,52.56,84.88,1612.1,26.82,141.35,2758.1,0,NORMAL
CARG-01,79.68,2856.37,2.97,60.96,77.26,1647.8,28.01,161.62,1233.0,0,NORMAL
PALA-03,80.0,3218.4,1.49,55.78,79.92,1820.8,26.89,197.16,1846.7,0,NORMAL
PALA-01,78.19,2872.56,1.93,57.67,76.74,1752.4,20.92,170.77,3257.1,1,FALLA_ELECTRICA
CARG-01,74.16,3071.62,4.25,55.82,79.39,1642.9,26.22,147.85,3430.2,0,NORMAL
CARG-01,87.13,3092.63,2.12,56.46,90.57,1695.1,26.27,176.5,2825.6,0,NORMAL
CARG-02,86.37,3147.64,2.91,48.99,77.94,1759.5,26.27,150.78,1004.8,0,NORMAL
PALA-01,76.27,3397.68,6.76,49.29,80.39,1723.0,25.65,154.98,394.6,0,NORMAL
PALA-01,82.61,3436.78,5.5,51.29,86.57,1691.4,26.05,221.16,3142.3,0,NORMAL
PALA-01,77.94,3341.57,2.05,56.57,82.75,1713.4,26.66,174.95,2329.8,0,NORMAL
CARG-01,80.82,3363.85,1.72,51.06,80.45,1430.1,25.92,157.25,2934.3,0,NORMAL
PALA-01,80.45,3368.1,8.13,52.52,78.23,1722.2,26.85,125.16,3096.8,1,FALLA_DESGASTE_RODAMIENTOS
PALA-01,80.07,2800.57,1.83,53.64,83.69,1593.0,25.81,178.94,1992.5,0,NORMAL
CARG-02,91.01,3251.84,2.32,61.09,79.7,1763.6,25.77,196.26,3065.2,0,NORMAL
PALA-01,80.02,2926.64,3.57,57.01,89.7,1736.1,26.41,200.4,261.7,0,NORMAL
CARG-01,78.36,3341.65,2.47,46.69,79.87,1809.8,24.77,249.78,3264.4,0,NORMAL
PALA-02,78.57,1571.69,2.24,24.93,87.76,1811.0,27.26,125.69,2320.6,1,FALLA_PRESION_HIDRAULICA
CARG-01,86.7,3217.52,1.26,52.48,84.51,1926.4,26.96,89.91,1320.3,0,NORMAL
PALA-03,74.57,3348.6,2.11,52.86,84.48,1482.0,27.05,194.95,2385.1,0,NORMAL
CARG-02,78.57,3048.8,1.6,54.0,80.37,1704.9,27.0,118.02,2514.4,0,NORMAL
CARG-02,88.51,3423.11,1.07,59.63,79.16,1475.1,26.31,119.49,2244.9,0,NORMAL
PALA-01,83.1,3341.19,1.27,49.93,79.96,1778.9,26.6,179.5,2557.0,0,NORMAL
PALA-01,82.86,3318.55,3.07,55.02,85.18,1700.0,26.71,170.97,509.4,0,NORMAL
PALA-02,91.59,3375.64,3.77,55.45,83.1,1663.5,25.24,137.58,1908.9,0,NORMAL
PALA-03,83.11,3185.34,2.29,52.89,73.54,1752.0,26.56,131.23,1139.5,0,NORMAL
CARG-02,78.81,3277.35,1.62,50.81,75.85,1593.7,26.1,161.12,495.5,0,NORMAL
PALA-02,80.73,3251.81,2.2,50.22,80.46,1941.7,27.88,143.21,2483.1,0,NORMAL
PALA-03,76.89,3247.74,1.43,51.9,83.15,1690.7,26.25,164.33,2122.3,0,NORMAL
PALA-01,87.65,3129.03,0.63,57.69,80.08,1729.2,26.3,125.02,3498.0,0,NORMAL
CARG-01,84.59,3026.34,0.84,52.21,78.99,1704.6,25.42,129.26,2944.8,0,NORMAL
CARG-02,87.06,3189.37,1.09,53.5,77.06,1830.7,26.09,105.86,1459.1,0,NORMAL
PALA-02,87.46,3179.45,1.19,48.22,84.65,1575.7,24.71,172.82,2739.3,0,NORMAL
PALA-02,80.14,3117.39,3.26,51.63,81.4,1819.4,27.89,137.33,691.8,0,NORMAL
PALA-01,77.75,3403.37,2.21,55.15,87.72,1657.8,26.87,185.51,1672.7,0,NORMAL
PALA-03,81.77,3039.0,0.57,45.66,75.8,1658.8,26.11,82.96,1441.9,0,NORMAL
PALA-03,78.07,3219.13,4.1,59.22,83.76,1825.5,26.8,111.49,2156.9,0,NORMAL
PALA-01,82.74,3459.94,4.5,51.04,83.19,1687.8,25.63,153.89,2826.4,0,NORMAL
PALA-02,87.09,3413.64,1.67,62.81,84.39,1793.7,26.25,136.3,1642.8,0,NORMAL
PALA-02,81.24,3468.93,1.87,56.1,84.31,1795.9,25.51,122.17,3033.5,0,NORMAL
PALA-03,82.67,3143.66,1.67,44.83,78.97,1678.1,25.18,150.19,2648.3,0,NORMAL
PALA-03,81.58,3391.17,3.38,55.39,80.28,1748.0,27.01,149.98,982.1,0,NORMAL
PALA-01,85.61,3058.67,3.0,52.41,81.67,1661.9,26.32,190.47,1888.3,0,NORMAL
CARG-01,78.99,3200.34,1.65,55.45,76.99,1717.7,25.02,169.31,2984.2,0,NORMAL
CARG-01,72.12,3217.28,1.1,62.08,85.13,1776.8,25.74,199.42,2649.2,0,NORMAL
PALA-02,116.34,3146.35,4.2,57.52,94.89,1605.2,27.44,213.73,2882.0,1,FALLA_TERMICA
PALA-01,86.45,3184.87,3.7,52.87,76.35,1772.8,25.82,137.81,940.5,0,NORMAL
CARG-01,84.01,3161.19,1.36,47.02,74.29,1758.1,26.9,198.58,2740.9,0,NORMAL
CARG-02,79.12,3073.17,2.5,58.36,85.4,1541.3,25.81,190.59,1449.7,0,NORMAL
PALA-01,76.89,3404.15,1.59,56.55,81.86,1630.5,26.59,158.56,3362.0,0,NORMAL
PALA-02,84.23,3217.16,3.65,59.79,78.87,1637.0,26.82,178.39,1657.3,0,NORMAL
PALA-01,82.64,3286.26,3.52,53.29,81.39,1666.7,25.87,166.76,3144.5,0,NORMAL
PALA-03,81.43,3279.48,1.82,55.48,82.06,1605.3,26.29,157.96,2337.8,0,NORMAL
PALA-01,90.2,3259.85,3.35,52.77,76.04,1832.7,26.65,169.06,3270.1,0,NORMAL
PALA-02,77.74,3266.7,3.6,54.43,81.58,1847.3,25.95,171.42,2002.1,0,NORMAL
PALA-03,89.99,3195.02,2.38,46.43,86.56,1625.5,26.23,195.73,869.1,0,NORMAL
PALA-03,82.14,3505.31,3.81,55.59,87.26,1581.5,25.65,123.48,2300.1,0,NORMAL
PALA-02,73.74,3386.93,1.81,55.91,84.41,1718.4,26.48,186.68,935.7,0,NORMAL
PALA-02,81.19,3253.31,1.12,51.48,82.03,1879.6,27.26,119.7,2984.9,0,NORMAL
PALA-03,86.32,3169.53,1.17,57.03,84.7,1978.5,25.47,157.06,345.7,0,NORMAL
PALA-01,80.36,3228.61,3.46,58.36,83.82,1639.1,25.84,169.14,877.4,0,NORMAL
PALA-01,75.36,3325.17,1.58,61.0,76.5,1447.0,24.76,72.08,2753.2,0,NORMAL
CARG-02,81.26,3519.99,1.5,48.9,77.35,1541.5,26.81,149.8,1490.6,0,NORMAL
PALA-01,78.14,3002.85,0.87,57.35,83.54,1506.1,25.12,175.6,597.5,0,NORMAL
CARG-01,84.21,3368.76,2.91,60.69,78.33,1770.0,26.8,156.17,3480.4,0,NORMAL
CARG-02,85.48,3452.81,1.88,52.25,76.9,1731.7,26.86,127.88,1624.9,0,NORMAL
PALA-02,77.25,2982.39,3.56,60.97,86.16,1746.1,27.13,185.37,1699.4,0,NORMAL
PALA-02,78.82,3217.39,3.74,50.37,81.25,1855.1,26.7,132.3,1267.2,0,NORMAL
PALA-03,85.4,3058.39,4.75,54.35,80.74,1915.5,25.19,167.28,277.9,0,NORMAL
CARG-02,78.14,3327.5,1.77,45.36,76.19,1821.2,26.29,156.14,884.6,0,NORMAL
CARG-02,110.08,3185.5,1.56,44.66,104.25,1808.2,26.56,157.01,1016.9,1,FALLA_TERMICA
CARG-01,76.7,3226.57,3.11,46.23,79.63,1543.1,26.83,165.91,2020.4,0,NORMAL
PALA-01,83.58,3176.01,7.37,61.09,77.38,1659.0,26.86,138.32,4182.6,1,FALLA_DESGASTE_RODAMIENTOS
PALA-03,83.39,3379.63,2.78,50.12,76.14,1886.2,26.06,191.72,532.2,0,NORMAL
PALA-02,78.92,3291.23,1.63,50.13,87.99,1654.0,26.31,131.57,3412.6,0,NORMAL
PALA-02,82.02,3291.57,2.71,56.04,86.64,1852.7,26.32,189.32,1685.5,0,NORMAL
PALA-01,88.87,3278.91,2.38,50.28,80.58,1734.8,25.39,147.0,2061.4,0,NORMAL
PALA-01,77.62,3353.05,0.75,60.02,75.69,1814.0,25.63,90.4,170.8,0,NORMAL
CARG-01,73.22,3202.85,1.48,63.32,74.1,1615.4,26.34,132.65,2985.7,0,NORMAL
PALA-02,84.05,3556.14,1.78,42.89,79.19,1811.6,25.73,205.8,3041.8,0,NORMAL
PALA-02,81.5,3027.74,1.15,56.6,71.99,1643.3,25.23,200.52,2649.0,0,NORMAL
PALA-02,78.8,2939.33,3.15,43.7,79.19,1747.7,25.18,91.6,551.2,0,NORMAL
CARG-02,84.93,2924.44,1.52,47.2,72.91,1716.5,26.96,134.1,1445.7,0,NORMAL
CARG-01,85.78,2875.67,2.24,56.39,80.62,1863.0,26.68,92.03,3346.3,0,NORMAL
PALA-02,72.06,3371.17,2.07,49.28,81.79,1819.8,26.52,163.5,1506.1,0,NORMAL
PALA-01,79.06,3349.25,2.53,55.3,80.25,1508.1,26.14,136.28,1253.0,0,NORMAL
PALA-02,92.43,3467.4,1.74,54.16,89.69,1622.8,25.93,172.41,345.4,0,NORMAL
CARG-02,84.63,3059.81,2.48,45.76,80.17,1643.7,24.79,183.6,324.9,0,NORMAL
PALA-03,85.04,3384.18,3.72,57.29,87.92,1803.0,26.88,212.93,1542.5,0,NORMAL
PALA-03,87.28,3260.23,1.39,55.49,82.19,1660.6,26.07,220.37,1914.4,0,NORMAL
PALA-03,82.08,3279.99,2.69,54.19,89.05,1589.3,26.9,227.32,2895.6,0,NORMAL
PALA-02,85.59,3362.61,1.98,50.76,73.98,1556.2,25.65,192.53,3179.6,0,NORMAL
CARG-01,85.23,3113.87,2.24,55.95,76.67,1807.3,27.72,154.85,1429.2,0,NORMAL
PALA-03,84.43,3715.7,2.92,47.53,79.85,1471.2,26.55,96.32,2959.9,0,NORMAL
PALA-01,80.55,3489.74,2.36,48.96,87.41,1846.6,26.3,132.21,1925.7,0,NORMAL
PALA-01,82.77,4346.55,3.7,55.6,80.04,1565.6,25.58,294.25,3405.7,1,FALLA_SOBRECARGA
PALA-03,79.35,3053.67,3.44,59.15,78.28,1666.3,26.53,176.08,3255.7,0,NORMAL
CARG-02,82.06,3234.18,2.32,51.61,83.43,1579.8,26.89,232.94,2510.3,0,NORMAL
PALA-02,76.74,3282.81,2.71,56.29,84.62,1609.7,24.61,128.74,702.8,0,NORMAL
CARG-02,78.44,3441.81,2.4,55.02,77.93,1693.2,26.29,108.09,3240.0,0,NORMAL
CARG-01,80.73,3039.63,0.77,56.07,78.25,1703.6,26.31,123.98,452.9,0,NORMAL
PALA-01,77.75,3301.39,2.5,50.54,87.78,1534.4,26.76,221.75,2873.3,0,NORMAL
PALA-01,79.73,2974.78,1.17,53.25,86.0,1671.4,25.06,204.16,1755.3,0,NORMAL
PALA-01,81.26,3328.54,1.98,53.81,87.07,1732.4,27.04,197.43,2159.6,0,NORMAL
CARG-01,83.81,3230.65,0.92,61.49,84.76,1776.2,26.99,112.9,3056.0,0,NORMAL
PALA-01,86.27,3598.6,4.8,48.48,77.59,1474.9,27.02,192.36,2785.9,0,NORMAL
PALA-02,79.91,2971.72,2.35,46.98,80.87,1662.5,25.87,161.95,251.7,0,NORMAL
PALA-03,88.01,3496.71,1.01,69.0,76.75,1473.6,27.3,189.99,1326.6,0,NORMAL
CARG-01,86.22,2943.31,2.74,55.54,84.9,1659.0,25.75,122.76,3398.1,0,NORMAL
PALA-01,84.27,3011.1,4.4,56.74,78.83,1668.3,24.71,159.12,1278.0,0,NORMAL
PALA-02,82.69,2948.12,3.19,57.21,74.15,1795.5,26.65,139.4,2829.0,0,NORMAL
PALA-02,83.44,3295.06,1.64,57.86,81.45,1836.8,26.35,184.15,2563.3,0,NORMAL
PALA-03,87.34,3038.73,1.9,58.49,85.5,1597.4,27.38,237.08,3348.4,0,NORMAL
CARG-01,87.51,3007.3,2.05,57.88,75.49,1755.3,25.57,114.42,3326.9,0,NORMAL
PALA-01,88.01,3286.5,3.42,59.64,80.5,1798.6,26.12,152.63,1627.8,0,NORMAL
CARG-01,111.7,3331.32,3.59,54.84,103.12,1630.4,26.05,196.33,836.2,1,FALLA_TERMICA
PALA-03,84.5,3257.17,2.46,59.36,84.96,1812.8,27.04,145.65,1088.9,0,NORMAL
PALA-03,88.05,3220.8,2.06,63.46,72.81,1736.3,25.53,131.19,1066.4,0,NORMAL
PALA-03,79.19,3579.2,8.5,54.98,85.54,1687.2,27.42,163.37,3281.8,1,FALLA_DESGASTE_RODAMIENTOS
PALA-02,80.57,3276.25,4.72,56.4,78.18,1737.0,25.81,145.9,1316.1,0,NORMAL
PALA-01,82.07,3395.02,2.67,51.1,80.36,1530.4,26.05,221.29,3045.0,0,NORMAL
PALA-03,86.05,2054.17,1.35,33.76,84.43,1736.9,26.43,171.19,1091.0,1,FALLA_PRESION_HIDRAULICA
PALA-03,86.12,3052.38,1.49,55.76,86.92,1618.5,25.59,177.51,3465.9,0,NORMAL
PALA-03,80.96,3348.98,3.14,52.05,81.21,1723.5,26.71,129.72,2336.1,0,NORMAL
PALA-02,75.21,3131.96,1.54,54.46,78.1,1671.3,26.61,164.8,1277.3,0,NORMAL
CARG-02,83.11,3233.62,1.34,55.71,78.87,1754.6,25.9,157.72,2071.6,0,NORMAL
PALA-03,77.87,3304.97,3.45,61.6,85.66,1863.0,26.63,184.02,1297.7,0,NORMAL
PALA-01,75.3,2900.54,2.05,49.68,77.46,1735.3,26.65,183.27,1827.7,0,NORMAL
PALA-02,76.31,2960.29,2.25,56.1,82.32,1840.1,26.86,140.31,1864.4,0,NORMAL
CARG-01,83.47,3413.7,3.78,50.98,81.03,1597.2,27.28,164.52,2690.2,0,NORMAL
CARG-01,88.12,3130.53,3.25,57.83,84.04,1892.0,26.73,194.09,1591.4,0,NORMAL
PALA-02,82.18,3139.06,2.44,58.23,81.14,1598.5,26.79,138.3,3322.8,0,NORMAL
CARG-02,82.95,3279.96,3.15,62.39,79.26,1569.6,25.52,226.69,389.6,0,NORMAL
PALA-02,87.32,3180.58,1.05,51.87,78.98,1687.0,25.17,118.95,1157.4,0,NORMAL
PALA-02,75.05,3325.17,2.8,54.73,78.91,1666.7,25.96,151.0,2627.1,0,NORMAL
CARG-02,84.34,3240.8,1.72,58.02,75.48,1530.2,26.66,128.56,2107.2,0,NORMAL
CARG-02,81.95,3285.75,2.81,57.29,83.02,1584.7,26.73,177.84,477.7,0,NORMAL
PALA-03,84.55,3123.67,1.33,41.56,81.84,1288.7,24.38,160.4,2857.5,0,NORMAL
CARG-02,79.82,3284.85,2.86,50.56,75.14,1557.9,26.51,112.93,2341.1,0,NORMAL
PALA-01,78.32,3448.92,1.13,56.85,79.38,1640.8,27.3,232.91,2064.6,0,NORMAL
CARG-02,82.63,3147.81,1.99,52.95,79.9,1898.8,28.21,139.59,3072.5,0,NORMAL
PALA-02,89.42,3414.76,3.54,58.06,78.66,1805.6,27.55,90.9,2928.4,0,NORMAL
PALA-01,85.87,4197.1,1.99,59.21,80.52,1758.8,25.98,361.47,1140.5,1,FALLA_SOBRECARGA
PALA-01,79.72,3382.21,2.74,52.93,80.57,1979.8,25.94,164.43,1929.6,0,NORMAL
PALA-02,75.97,3273.18,0.6,57.0,84.58,1504.9,26.79,137.95,3014.5,0,NORMAL
PALA-02,74.43,3243.99,1.01,61.28,80.98,1711.9,27.05,130.63,273.5,0,NORMAL
PALA-02,87.92,3312.95,2.64,59.09,83.37,1964.3,27.3,159.22,1183.6,0,NORMAL
PALA-01,77.7,3468.45,0.9,50.15,75.44,1659.1,26.88,123.16,1390.6,0,NORMAL
PALA-02,80.54,3292.5,1.39,53.07,76.75,1620.7,25.42,189.91,989.6,0,NORMAL
PALA-03,87.95,3336.14,1.94,54.14,75.5,1818.1,25.29,187.03,1804.0,0,NORMAL
PALA-02,74.74,3183.67,2.58,49.32,79.42,1653.2,27.57,162.5,2796.9,0,NORMAL
PALA-02,88.72,3532.76,3.12,59.35,81.22,1871.1,26.27,119.5,1704.6,0,NORMAL
CARG-01,107.0,3365.26,1.75,50.78,103.99,1819.8,25.63,120.62,197.2,1,FALLA_TERMICA
CARG-02,76.83,3263.99,2.83,53.49,77.68,1697.1,25.49,172.57,2995.8,0,NORMAL
CARG-01,80.89,3227.92,4.49,59.36,84.4,1837.7,25.97,174.77,757.4,0,NORMAL
PALA-02,78.75,3426.02,3.73,51.75,77.67,1691.7,27.68,160.82,1538.5,0,NORMAL
CARG-01,83.98,3140.88,3.82,52.32,81.1,1735.9,26.21,178.54,121.0,0,NORMAL
PALA-01,79.08,2929.08,1.93,55.69,80.39,1790.2,26.98,178.53,1566.3,0,NORMAL
PALA-01,73.4,3263.03,3.17,51.96,77.3,1673.3,26.68,160.75,1342.7,0,NORMAL
PALA-02,81.01,3464.2,2.54,61.66,77.62,1901.2,26.35,162.8,1047.5,0,NORMAL
CARG-01,75.9,3536.44,3.3,49.42,87.39,1728.4,24.82,103.06,3283.6,0,NORMAL
PALA-01,82.92,3230.69,3.77,42.53,78.87,1754.8,27.07,161.14,2390.1,0,NORMAL
PALA-01,76.66,3257.85,2.36,58.21,84.99,1562.0,25.81,154.51,3208.3,0,NORMAL
PALA-01,79.8,4230.15,2.6,52.21,83.71,1642.7,25.08,291.73,1660.0,1,FALLA_SOBRECARGA
CARG-02,82.82,3202.42,0.77,49.96,78.56,1739.5,24.92,180.61,1830.6,0,NORMAL
PALA-03,81.04,3342.95,4.31,55.92,80.99,1824.2,26.87,157.78,3323.6,0,NORMAL
PALA-02,83.13,3234.63,1.79,56.1,81.48,1889.6,27.04,170.22,1629.3,0,NORMAL
PALA-03,85.06,3432.05,3.84,50.19,82.95,1592.7,24.57,90.68,157.3,0,NORMAL
PALA-03,76.79,3380.14,1.97,59.93,79.38,1620.8,25.98,153.8,2275.8,0,NORMAL
PALA-03,81.71,3395.84,2.17,58.31,74.97,1572.4,26.69,182.5,732.9,0,NORMAL
PALA-01,67.02,3213.04,2.33,63.87,78.2,1779.2,26.52,146.68,3339.2,0,NORMAL
CARG-02,83.11,3596.67,2.58,51.71,85.66,1889.6,25.99,153.87,289.4,0,NORMAL
PALA-02,80.65,3337.1,2.06,54.78,80.87,1701.0,26.33,168.27,3146.5,0,NORMAL
PALA-03,77.57,3294.51,3.42,55.17,79.32,1727.0,27.16,159.71,550.4,0,NORMAL
PALA-01,83.42,3113.03,2.63,52.37,75.1,1735.9,20.09,205.98,940.0,1,FALLA_ELECTRICA
PALA-02,87.28,3232.53,1.97,56.02,85.95,1663.7,26.92,178.77,574.5,0,NORMAL
PALA-02,79.86,3270.59,1.14,56.39,80.17,1573.4,26.05,176.27,1199.5,0,NORMAL
PALA-03,77.75,3108.22,1.72,56.39,85.35,1847.2,25.38,171.32,418.1,0,NORMAL
PALA-01,82.74,3197.38,2.73,52.37,83.73,1738.5,26.59,203.7,1341.5,0,NORMAL
CARG-01,75.99,3220.16,3.54,52.95,84.18,1654.2,27.04,175.21,1120.1,0,NORMAL
PALA-01,79.03,3260.07,1.71,51.16,87.64,2080.6,25.86,121.92,2609.7,0,NORMAL
PALA-03,87.5,2932.71,2.89,50.25,81.48,1719.7,26.59,196.3,2158.8,0,NORMAL
CARG-01,82.28,3225.65,2.06,53.68,80.47,1514.6,26.4,133.01,2407.8,0,NORMAL
PALA-03,73.54,3182.08,1.33,61.58,87.26,1798.6,25.07,180.06,1742.7,0,NORMAL
CARG-01,73.91,3246.24,3.25,64.2,84.34,1499.0,26.27,119.49,2993.0,0,NORMAL
PALA-03,82.73,3436.35,2.29,60.57,78.18,1775.9,26.54,101.84,1270.3,0,NORMAL
PALA-02,85.88,3619.43,0.71,51.68,85.17,1772.7,26.03,150.43,1438.1,0,NORMAL
CARG-01,101.75,3372.11,1.29,56.04,110.84,1885.6,27.27,218.26,383.5,1,FALLA_TERMICA
PALA-02,111.72,3027.8,1.29,43.77,93.45,1599.7,25.4,125.04,3496.7,1,FALLA_TERMICA
PALA-03,87.99,3187.83,3.37,53.22,76.02,1684.8,28.12,121.85,1609.9,0,NORMAL
CARG-01,90.5,3357.27,1.66,52.06,77.76,1711.7,26.4,135.09,3209.1,0,NORMAL
PALA-02,83.49,3336.99,1.64,63.37,83.89,1823.9,26.25,92.26,2991.8,0,NORMAL
PALA-02,84.28,3427.72,1.21,55.3,84.16,1772.1,27.13,206.37,944.7,0,NORMAL
PALA-02,72.4,3232.48,1.56,54.25,83.08,1782.3,25.2,225.59,1779.5,0,NORMAL
CARG-01,113.79,3184.57,1.57,53.66,107.85,1866.3,28.22,153.95,2079.1,1,FALLA_TERMICA
CARG-02,79.41,3565.44,3.94,52.55,76.57,1693.3,25.85,133.36,2965.2,0,NORMAL
PALA-03,77.8,3260.56,2.61,56.66,76.18,1895.5,27.11,143.24,386.0,0,NORMAL
PALA-03,99.28,3067.0,3.15,50.69,111.75,1709.4,26.4,124.52,2907.4,1,FALLA_TERMICA
CARG-02,88.8,3515.52,3.92,56.75,81.42,1827.5,25.59,163.47,436.4,0,NORMAL
PALA-01,91.94,2980.7,1.46,61.16,85.83,1660.5,27.21,191.01,1598.5,0,NORMAL
PALA-01,82.56,2620.89,1.27,54.56,78.21,1791.4,26.82,219.78,3024.5,0,NORMAL
CARG-01,86.49,3388.49,3.1,52.43,76.78,1859.0,28.84,132.79,856.1,0,NORMAL
CARG-01,109.61,3413.93,1.9,53.62,96.49,1590.2,26.71,128.66,209.4,1,FALLA_TERMICA
CARG-02,77.33,3324.52,5.23,60.0,84.2,1833.3,25.89,180.98,214.8,0,NORMAL
PALA-02,88.65,3015.56,1.15,54.7,85.53,1741.5,24.92,150.72,701.6,0,NORMAL
PALA-01,79.2,3239.4,0.99,50.95,83.17,1964.6,25.8,157.76,1916.5,0,NORMAL
PALA-02,88.91,3199.93,2.63,58.04,79.07,1688.3,26.61,150.04,3130.4,0,NORMAL
PALA-01,87.84,3153.29,1.58,50.45,83.55,1755.2,26.1,169.63,2495.9,0,NORMAL
PALA-02,84.76,3504.17,2.0,52.83,83.44,1701.3,27.01,178.01,2827.0,0,NORMAL
CARG-01,90.23,3061.6,11.0,55.15,72.9,1799.5,26.69,159.71,3619.4,1,FALLA_DESGASTE_RODAMIENTOS
PALA-01,92.05,3306.9,2.0,49.96,79.6,1458.0,25.4,134.85,1369.6,0,NORMAL
CARG-01,81.21,3464.93,2.78,45.07,82.12,1550.8,16.97,196.36,1859.0,1,FALLA_ELECTRICA
PALA-02,78.36,3318.66,1.82,56.25,85.43,1800.2,25.71,154.56,1318.3,0,NORMAL
PALA-03,73.61,3473.4,1.62,43.04,80.66,1723.2,26.68,209.81,2645.5,0,NORMAL
PALA-01,92.1,3351.47,1.9,49.37,81.6,1479.6,26.74,123.37,3397.8,0,NORMAL
PALA-02,80.02,3327.28,0.37,57.89,80.73,1643.9,25.92,142.7,2703.6,0,NORMAL
PALA-01,87.11,3316.03,3.11,56.1,82.06,1672.9,25.09,111.21,3293.6,0,NORMAL
CARG-02,78.66,3360.42,3.19,53.21,75.52,1661.8,28.65,184.8,3426.1,0,NORMAL
CARG-01,88.92,3180.6,3.69,49.52,78.58,1831.8,26.66,174.56,1158.6,0,NORMAL
PALA-02,78.85,3015.66,2.03,51.84,72.07,1870.8,26.66,179.44,2175.6,0,NORMAL
PALA-01,76.64,3421.73,1.96,56.88,79.23,1451.5,24.9,147.21,2694.0,0,NORMAL
CARG-02,81.06,3459.11,4.73,53.34,82.98,1705.7,26.98,187.09,2185.5,0,NORMAL
PALA-02,79.61,3295.36,1.21,47.82,77.83,1733.6,27.25,179.45,2114.4,0,NORMAL
PALA-01,84.68,3151.29,4.0,49.6,79.99,1542.2,26.67,140.98,1320.6,0,NORMAL
PALA-03,81.77,2969.61,4.32,51.83,82.56,1870.4,26.51,227.06,1879.0,0,NORMAL
CARG-02,84.82,3265.45,1.52,55.83,91.89,1764.5,26.51,161.14,1225.5,0,NORMAL
PALA-01,80.69,3007.19,1.55,54.52,80.67,1822.1,25.69,166.91,828.9,0,NORMAL
PALA-01,79.01,2981.98,1.25,47.77,83.88,1666.5,25.84,190.91,1361.3,0,NORMAL
CARG-02,79.37,3246.27,1.36,60.74,80.25,1626.5,26.22,133.53,1427.9,0,NORMAL
PALA-01,91.2,3112.52,1.95,50.29,82.42,1651.7,27.28,159.55,547.8,0,NORMAL
PALA-01,83.01,3312.16,1.77,56.21,80.89,1706.8,26.61,136.03,1735.5,0,NORMAL
PALA-03,73.07,3221.33,4.27,49.26,79.31,1668.9,25.81,117.32,2247.5,0,NORMAL
CARG-02,79.66,3140.81,1.73,66.41,80.19,1828.7,25.88,178.87,409.1,0,NORMAL
PALA-02,82.44,2943.12,4.62,60.63,85.99,2039.9,24.67,68.58,1882.4,0,NORMAL
CARG-02,90.3,3096.48,3.25,50.13,82.16,1789.9,26.76,106.23,353.1,0,NORMAL
PALA-03,86.63,3103.1,1.15,54.44,76.21,1486.3,26.23,186.3,3003.7,0,NORMAL
PALA-01,77.85,3029.44,11.25,48.85,79.3,1738.6,26.55,106.87,3299.9,1,FALLA_DESGASTE_RODAMIENTOS
CARG-02,92.88,3190.77,2.31,52.22,77.43,1577.5,28.82,138.86,888.8,0,NORMAL
PALA-02,81.86,3043.49,2.74,56.11,84.71,1671.1,26.04,169.08,1352.2,0,NORMAL
PALA-02,87.61,3220.53,1.56,58.23,77.96,1715.7,26.57,177.67,2298.9,0,NORMAL
PALA-03,76.8,3293.27,3.28,47.81,84.45,1688.9,25.9,177.88,1697.9,0,NORMAL
PALA-02,71.21,3101.29,2.87,50.26,84.91,1595.8,26.27,183.69,2130.0,0,NORMAL
PALA-01,75.66,3326.57,1.96,58.71,81.58,1782.6,25.62,122.79,2106.1,0,NORMAL
PALA-01,67.37,3004.96,0.64,60.62,83.18,1480.7,25.52,177.78,2449.2,0,NORMAL
PALA-02,91.5,3049.81,3.32,50.13,78.99,1766.4,24.96,143.44,3265.5,0,NORMAL
CARG-01,82.97,3229.62,1.11,58.78,84.4,1611.8,25.53,66.29,2302.5,0,NORMAL
PALA-03,77.84,3373.67,1.6,47.82,76.04,1753.4,26.59,217.48,618.9,0,NORMAL
CARG-02,84.04,3406.13,1.11,52.51,79.15,1558.6,26.15,144.37,1624.3,0,NORMAL
PALA-02,82.85,3540.23,2.0,48.28,79.77,1747.8,26.22,160.03,707.4,0,NORMAL
PALA-02,84.79,4339.01,2.73,51.97,84.95,1885.3,26.04,252.97,521.1,1,FALLA_SOBRECARGA
PALA-01,87.44,3227.05,4.51,63.55,87.82,1648.6,26.52,178.34,2618.6,0,NORMAL
PALA-01,80.7,3064.12,1.47,53.73,79.18,1646.0,26.47,145.38,585.7,0,NORMAL
PALA-02,78.04,3024.32,1.19,52.59,80.61,1771.9,26.42,133.32,2744.0,0,NORMAL
CARG-01,85.72,3291.14,2.21,51.18,76.28,1745.3,26.14,248.22,1852.3,0,NORMAL
CARG-02,85.61,3110.34,3.36,52.5,80.67,1554.2,26.98,61.17,1512.5,0,NORMAL
CARG-02,82.45,3471.83,1.87,49.96,85.41,1852.9,24.79,141.45,3063.1,0,NORMAL
PALA-01,91.8,2986.77,2.09,54.68,73.82,1817.1,25.79,166.71,3155.2,0,NORMAL
CARG-02,80.03,3337.54,0.83,53.84,81.07,1873.9,25.76,118.01,793.2,0,NORMAL
PALA-02,77.95,3068.97,1.75,51.71,83.87,1785.5,26.92,133.46,2810.2,0,NORMAL
PALA-01,83.88,3102.32,1.01,51.27,81.23,1946.5,25.97,168.39,2140.5,0,NORMAL
CARG-02,78.96,3347.04,1.94,54.91,80.24,1495.3,25.62,70.89,1762.1,0,NORMAL
PALA-03,84.23,3128.34,2.54,50.35,84.51,1902.9,26.54,211.6,870.5,0,NORMAL
PALA-01,78.25,3157.16,6.05,52.8,77.77,1673.2,27.04,166.29,2818.9,0,NORMAL
PALA-02,80.2,3103.81,2.38,51.74,77.88,1654.7,26.99,165.01,3090.8,0,NORMAL
PALA-02,90.51,3571.31,2.26,42.97,73.62,1634.3,27.14,159.01,2568.0,0,NORMAL
CARG-01,80.17,3138.85,2.12,58.3,82.3,1781.1,26.5,139.15,1002.0,0,NORMAL
PALA-02,78.41,3259.28,1.46,44.84,81.88,1816.0,26.62,149.11,295.0,0,NORMAL
CARG-02,87.27,3213.66,5.32,45.16,78.71,1664.0,26.19,163.56,1702.5,0,NORMAL
PALA-01,100.93,3289.86,3.08,58.48,103.57,1752.8,26.14,140.4,975.7,1,FALLA_TERMICA
PALA-02,78.88,3139.35,3.15,48.46,80.81,2051.7,25.62,146.46,1230.8,0,NORMAL
PALA-02,84.59,3213.85,3.35,43.62,81.38,1639.6,26.95,174.29,1188.8,0,NORMAL
PALA-03,86.22,3320.91,1.41,60.69,76.21,1672.7,24.96,109.93,777.8,0,NORMAL
PALA-02,87.49,3094.66,2.49,50.81,73.22,1890.4,25.35,179.57,3446.8,0,NORMAL
CARG-01,78.64,3446.08,2.02,60.07,74.1,1530.9,27.89,242.33,3001.9,0,NORMAL
CARG-02,84.68,3463.39,1.01,49.42,75.19,1749.4,26.31,230.5,335.4,0,NORMAL
CARG-02,79.9,3359.17,0.57,45.78,76.18,1430.2,26.51,170.32,2943.4,0,NORMAL
CARG-01,79.27,3262.58,2.65,52.39,80.66,1554.5,25.43,116.27,136.6,0,NORMAL
CARG-02,87.41,2711.69,2.51,47.96,81.34,1577.2,26.79,208.41,2922.1,0,NORMAL
PALA-03,79.53,3326.37,2.03,56.02,80.33,1614.8,27.5,153.33,721.9,0,NORMAL
CARG-01,83.25,3179.56,4.01,57.38,82.43,1570.3,27.56,209.79,1667.7,0,NORMAL
PALA-02,82.7,3205.67,1.79,58.65,82.6,1744.1,25.19,133.27,1149.6,0,NORMAL
PALA-02,77.18,2908.47,3.52,52.44,82.32,1888.0,27.33,139.44,2044.5,0,NORMAL
PALA-02,86.35,3338.85,0.61,60.9,81.36,1964.7,26.41,176.85,1589.9,0,NORMAL
PALA-02,84.52,2989.26,1.92,49.36,76.77,1596.5,24.38,135.97,172.7,0,NORMAL
PALA-02,73.06,3271.32,2.69,54.67,75.66,1807.4,25.17,225.7,2641.5,0,NORMAL
CARG-02,83.25,3412.84,6.3,53.31,78.75,1865.0,16.53,179.73,1711.5,1,FALLA_ELECTRICA
PALA-02,78.52,3165.52,2.62,63.86,85.54,1734.5,26.88,222.07,774.5,0,NORMAL
PALA-01,86.94,3468.89,0.61,60.04,90.38,1805.0,26.25,120.25,2104.3,0,NORMAL
PALA-03,75.5,3115.54,2.19,54.16,83.23,1775.2,25.88,129.45,682.9,0,NORMAL
PALA-01,80.4,3358.08,2.34,54.99,82.43,1775.0,26.32,255.34,1925.2,0,NORMAL
PALA-01,83.63,3015.14,2.05,61.68,85.27,1631.6,27.81,103.74,1533.2,0,NORMAL
PALA-01,82.24,3435.6,2.01,50.24,87.05,1480.7,26.16,207.58,1894.3,0,NORMAL
PALA-02,85.43,3407.68,1.79,43.83,77.31,1678.2,26.66,167.01,2029.4,0,NORMAL
PALA-02,75.17,3334.3,0.97,49.16,92.61,1628.0,26.9,145.14,193.3,0,NORMAL
CARG-01,89.43,3179.21,1.43,51.93,87.35,1686.7,25.43,194.85,2248.7,0,NORMAL
CARG-01,84.36,2997.64,3.56,60.8,75.53,1835.4,26.85,216.94,1083.5,0,NORMAL
PALA-02,88.12,3179.68,2.14,59.18,77.01,1892.3,27.14,162.51,1221.3,0,NORMAL
PALA-02,85.93,3449.86,1.64,53.78,92.27,1738.1,27.2,169.93,2719.3,0,NORMAL
PALA-02,81.95,3273.39,2.22,56.33,85.15,1577.9,26.28,165.85,675.8,0,NORMAL
CARG-01,76.22,2970.45,2.69,50.46,78.61,1673.3,27.15,157.4,1217.0,0,NORMAL
PALA-01,79.46,3047.55,0.8,64.44,81.32,1627.3,26.79,101.67,284.7,0,NORMAL
PALA-01,89.15,3475.57,3.07,60.07,84.02,1734.9,26.45,129.54,3381.7,0,NORMAL
CARG-01,88.23,3337.82,2.59,54.27,84.55,1664.0,27.13,203.55,833.1,0,NORMAL
PALA-02,79.21,3027.88,0.62,53.63,86.47,1828.3,27.8,141.68,3074.1,0,NORMAL
PALA-01,69.32,2932.15,3.65,57.51,81.97,1618.2,27.14,123.9,2128.8,0,NORMAL
PALA-01,81.04,3137.49,1.31,53.71,82.12,1982.0,26.34,147.57,1532.5,0,NORMAL
CARG-02,80.71,2916.76,2.9,44.89,79.54,1543.3,26.01,151.35,2054.7,0,NORMAL
CARG-02,80.88,3221.95,2.48,61.67,77.28,1756.7,26.82,109.92,2007.8,0,NORMAL
CARG-01,84.38,3691.29,3.25,59.84,77.1,1526.7,26.52,154.24,2109.5,0,NORMAL
PALA-02,85.94,2962.55,1.86,55.86,80.42,1845.7,27.3,163.25,1218.7,0,NORMAL
PALA-03,86.46,3216.52,3.82,51.9,82.38,1725.6,25.64,134.85,3103.8,0,NORMAL
CARG-02,84.01,3486.15,3.19,54.05,75.18,1744.7,27.23,171.2,2741.3,0,NORMAL
CARG-02,73.9,3384.84,0.67,40.78,89.19,1612.3,25.28,257.56,3423.6,0,NORMAL
PALA-01,80.46,3223.23,1.93,48.46,78.22,1850.3,26.26,149.12,2927.6,0,NORMAL
CARG-01,92.37,3223.66,3.54,62.84,77.57,1797.1,26.87,116.97,1301.4,0,NORMAL
PALA-01,83.68,3041.94,1.15,56.59,80.89,1654.6,26.31,196.86,1147.0,0,NORMAL
PALA-01,83.66,3201.82,2.26,44.26,71.52,1718.0,26.75,193.95,1660.1,0,NORMAL
PALA-03,83.62,3293.82,1.51,49.86,82.45,1613.2,27.51,200.31,256.2,0,NORMAL
PALA-02,83.87,3448.92,2.31,44.37,77.04,1603.7,25.95,172.27,1407.0,0,NORMAL
CARG-02,71.28,3138.37,2.01,50.1,73.31,1646.2,25.28,139.51,163.5,0,NORMAL
PALA-01,80.92,3215.83,1.0,53.17,81.57,1687.1,25.49,165.45,643.6,0,NORMAL
PALA-03,81.83,3079.14,2.76,62.01,81.57,1720.2,26.33,140.01,1132.8,0,NORMAL
CARG-02,87.77,3290.56,0.45,57.93,88.78,1714.7,27.4,207.07,2270.1,0,NORMAL
CARG-02,82.21,3391.08,1.11,52.49,81.72,1616.2,26.15,195.03,3410.6,0,NORMAL
PALA-01,102.05,3363.34,1.91,52.73,107.07,1811.1,28.12,104.63,607.7,1,FALLA_TERMICA
PALA-02,83.94,3039.37,3.28,50.0,81.17,1850.7,25.38,144.48,392.1,0,NORMAL
PALA-03,78.38,3276.44,0.25,59.45,70.69,1829.6,25.0,189.28,3240.9,0,NORMAL
PALA-01,76.52,3128.08,2.21,60.05,81.31,1804.7,26.59,117.09,1764.4,0,NORMAL
CARG-02,78.25,3431.99,0.61,47.31,80.81,1419.7,25.95,160.94,2162.0,0,NORMAL
CARG-02,84.44,3220.96,2.0,45.4,80.42,1600.2,25.8,98.44,121.2,0,NORMAL
PALA-01,87.66,2976.49,0.61,52.41,77.66,1541.4,26.42,145.93,1176.4,0,NORMAL
PALA-01,84.17,3210.44,1.49,53.02,83.26,1507.3,25.41,158.86,1792.1,0,NORMAL
PALA-01,84.84,3332.53,1.66,55.29,77.09,1857.3,26.84,118.92,945.8,0,NORMAL
CARG-02,84.13,3293.92,1.8,45.63,83.82,1923.4,26.56,164.52,2829.1,0,NORMAL
PALA-01,82.46,3157.88,3.34,50.42,82.55,1720.9,26.11,178.39,2143.3,0,NORMAL
PALA-02,85.14,3144.65,2.77,53.59,86.61,1776.6,26.57,127.6,3345.9,0,NORMAL
PALA-02,71.12,3072.25,3.46,50.11,79.14,1676.9,27.93,185.27,2455.9,0,NORMAL
PALA-03,82.5,3178.95,3.29,58.29,86.35,1860.4,26.2,195.96,580.1,0,NORMAL
PALA-01,108.35,3095.98,2.32,63.34,103.56,1753.6,26.01,153.06,1852.8,1,FALLA_TERMICA
PALA-01,87.23,3424.62,0.76,51.31,80.7,1657.4,26.94,97.61,582.1,0,NORMAL
CARG-02,81.34,3087.8,2.11,58.45,77.59,1787.5,25.87,137.55,3020.0,0,NORMAL
CARG-02,82.14,3272.01,3.29,52.21,82.58,1698.2,26.79,169.69,1190.7,0,NORMAL
CARG-01,75.23,3259.77,1.27,49.35,79.1,1743.5,27.06,119.58,1559.0,0,NORMAL
PALA-01,86.58,3420.22,1.3,50.44,80.89,1803.2,27.52,154.38,3055.2,0,NORMAL
PALA-02,84.82,3446.09,1.27,57.84,84.11,2171.2,26.14,129.99,962.9,0,NORMAL
PALA-03,84.51,3375.27,2.09,50.79,80.88,1934.3,25.34,159.41,1636.5,0,NORMAL
PALA-02,78.34,3313.53,2.22,51.77,82.27,1738.0,26.19,152.16,2758.2,0,NORMAL
CARG-02,78.52,3061.24,2.74,48.28,87.05,1607.2,26.54,158.38,278.2,0,NORMAL
PALA-03,83.01,3057.6,3.29,57.17,83.25,1449.6,25.91,176.96,1007.6,0,NORMAL
PALA-01,78.87,3097.78,3.21,56.29,78.28,1874.1,26.51,150.36,431.5,0,NORMAL
CARG-02,83.96,3385.35,1.25,61.28,79.38,1854.4,27.79,218.05,2620.5,0,NORMAL
CARG-02,72.28,3263.2,2.36,56.98,81.56,1644.6,25.94,209.3,556.5,0,NORMAL
PALA-01,79.81,3406.36,1.23,56.06,89.49,1709.5,25.75,175.55,3357.8,0,NORMAL
PALA-03,90.09,3430.5,3.67,56.92,75.66,1745.0,27.15,176.82,1362.7,0,NORMAL
PALA-02,83.98,3119.33,2.36,52.72,81.76,1791.3,25.41,140.64,1875.6,0,NORMAL
PALA-02,82.75,3255.77,2.15,54.55,86.46,1918.5,26.41,172.98,817.9,0,NORMAL
PALA-01,90.93,3247.66,4.86,58.66,83.46,1563.6,25.98,178.9,2960.0,0,NORMAL
PALA-03,71.49,3191.0,0.55,49.9,80.47,1800.8,25.08,179.56,874.3,0,NORMAL
CARG-02,78.33,3153.73,2.64,62.51,74.12,1746.3,26.29,196.65,1706.2,0,NORMAL
PALA-03,80.19,3463.26,2.06,57.19,87.05,1658.8,25.9,174.13,3382.1,0,NORMAL
PALA-01,85.86,3259.35,1.84,64.11,79.11,1816.8,26.81,171.19,1680.6,0,NORMAL
PALA-03,85.94,3252.37,1.26,48.12,77.19,1706.6,26.56,204.54,1787.4,0,NORMAL
PALA-02,78.1,3105.5,2.06,48.12,82.0,1710.4,26.54,163.49,3028.6,0,NORMAL
CARG-02,86.49,3371.54,2.11,55.86,86.71,1757.7,25.64,138.96,3127.7,0,NORMAL
PALA-02,80.19,3069.08,2.69,54.62,82.62,1665.0,25.95,179.98,2482.7,0,NORMAL
PALA-01,87.45,3331.88,2.13,51.71,79.54,1798.5,26.6,183.11,128.3,0,NORMAL
PALA-01,109.26,3336.8,3.33,47.65,103.29,1672.3,25.69,146.97,2547.2,1,FALLA_TERMICA
CARG-01,81.45,3175.75,1.7,52.66,81.47,1922.8,26.37,146.95,2625.7,0,NORMAL
PALA-02,79.79,3307.18,4.88,55.09,79.13,1747.4,26.68,164.6,1275.5,0,NORMAL
CARG-01,86.75,3283.42,1.91,47.46,81.27,1639.6,27.0,204.67,2248.9,0,NORMAL
PALA-01,79.65,3242.92,1.34,51.95,77.7,1757.1,25.97,142.65,982.8,0,NORMAL
PALA-02,81.81,3252.33,0.21,55.91,77.04,1838.7,26.09,111.43,1175.1,0,NORMAL
PALA-02,84.28,3261.12,1.35,57.94,83.21,1531.0,26.56,108.56,1285.1,0,NORMAL
CARG-02,84.45,3273.38,0.48,52.57,79.42,1872.0,25.81,114.59,3049.5,0,NORMAL
CARG-02,85.99,3260.84,2.65,49.99,80.9,1760.8,25.29,118.53,3255.9,0,NORMAL
PALA-01,82.95,3051.3,2.22,54.58,77.91,1716.4,26.68,141.55,2540.9,0,NORMAL
PALA-02,80.12,3222.6,2.61,52.97,78.73,1637.6,26.19,141.81,694.9,0,NORMAL
PALA-01,80.43,3297.69,0.75,46.67,79.07,1761.6,26.83,177.34,2470.6,0,NORMAL
PALA-03,82.12,3267.51,4.05,51.75,78.65,1614.0,25.94,204.14,932.1,0,NORMAL
PALA-02,83.12,3421.68,2.76,51.05,79.36,1481.3,26.47,190.99,542.1,0,NORMAL
CARG-02,81.34,3361.62,1.02,54.11,81.79,1634.4,24.96,135.15,1811.2,0,NORMAL
CARG-02,82.09,3093.33,0.86,50.33,86.56,1687.3,26.89,139.12,3164.4,0,NORMAL
PALA-02,75.17,3220.01,1.53,51.26,84.04,1793.6,25.97,246.79,1325.3,0,NORMAL
PALA-02,85.0,3193.96,3.54,53.09,79.66,1693.7,26.29,107.03,2266.7,0,NORMAL
CARG-02,82.82,3249.22,3.89,57.19,78.47,1582.6,26.28,192.0,2637.5,0,NORMAL
CARG-01,86.51,3249.46,2.6,54.46,73.88,1640.7,26.12,130.07,2975.0,0,NORMAL
PALA-01,82.0,3360.07,1.39,67.32,78.31,1722.5,26.45,187.37,193.8,0,NORMAL
PALA-02,74.18,3281.92,1.17,47.68,76.61,1797.5,26.41,201.46,1790.5,0,NORMAL
PALA-02,80.39,3471.5,1.93,58.56,81.22,1817.6,26.58,166.83,3146.4,0,NORMAL
PALA-01,81.1,3293.38,1.36,53.61,87.67,1556.6,25.39,197.65,1062.2,0,NORMAL
PALA-01,85.34,3100.49,3.48,47.03,79.42,1726.1,27.02,276.12,306.5,0,NORMAL
PALA-01,72.68,3165.89,2.69,52.11,75.19,1812.8,26.3,112.74,1331.8,0,NORMAL
PALA-03,82.19,3358.68,1.48,46.43,80.22,1615.2,26.67,197.56,2518.2,0,NORMAL
PALA-02,84.31,2959.45,0.53,54.41,79.24,1936.0,26.3,201.06,3420.0,0,NORMAL
PALA-01,79.02,3007.74,1.21,52.48,86.04,1660.7,25.55,109.85,1993.4,0,NORMAL
PALA-01,82.34,3251.93,1.91,50.57,73.46,1842.4,28.43,172.91,3261.4,0,NORMAL
CARG-01,79.18,3421.17,1.73,48.7,77.03,1802.9,26.5,154.73,3276.9,0,NORMAL
CARG-02,78.72,3485.27,0.89,59.08,84.04,1637.5,25.14,182.85,2861.6,0,NORMAL
PALA-02,80.16,3210.92,2.98,53.2,74.72,1721.9,26.33,168.31,1585.1,0,NORMAL
PALA-02,78.8,3440.95,1.7,55.05,83.3,1883.7,26.09,190.02,2569.8,0,NORMAL
CARG-02,85.08,3263.01,1.55,54.88,78.34,1655.6,26.27,129.6,3220.9,0,NORMAL
PALA-01,78.69,2974.35,2.73,54.54,85.11,1741.3,25.09,236.1,2987.2,0,NORMAL
PALA-01,77.94,3248.55,1.97,52.37,80.8,1539.3,26.42,167.63,1995.6,0,NORMAL
PALA-02,89.96,3138.6,2.05,61.59,80.36,1763.2,25.7,217.56,3094.4,0,NORMAL
PALA-01,86.32,3415.28,2.44,65.18,83.4,1671.5,27.58,176.49,2949.8,0,NORMAL
PALA-02,73.62,3245.38,3.56,61.24,81.08,1782.9,26.31,206.69,495.2,0,NORMAL
CARG-02,78.56,3019.98,2.79,54.11,76.06,1618.7,26.98,161.5,1023.6,0,NORMAL
PALA-03,83.09,2980.05,1.03,53.76,78.92,1758.4,27.11,203.26,2951.5,0,NORMAL
PALA-02,83.46,3246.22,6.12,59.46,74.49,1678.0,26.76,125.55,2689.1,0,NORMAL
CARG-02,75.29,2814.36,1.99,50.21,77.54,1403.5,19.95,196.27,1373.1,1,FALLA_ELECTRICA
PALA-01,87.21,3156.73,0.44,62.55,72.44,1730.5,27.28,134.93,1870.7,0,NORMAL
PALA-01,85.71,3291.59,1.27,57.96,90.35,1871.3,25.9,154.3,3450.3,0,NORMAL
PALA-03,84.17,3059.74,1.26,52.6,80.89,1588.4,27.0,122.49,1373.1,0,NORMAL
PALA-03,88.11,3428.92,3.65,55.41,83.13,1642.7,26.07,137.29,816.2,0,NORMAL
PALA-01,84.04,3464.38,2.2,57.13,77.66,1879.0,26.47,149.77,2391.0,0,NORMAL
PALA-02,103.56,3066.99,2.12,51.86,110.77,1786.8,25.43,181.49,653.5,1,FALLA_TERMICA
PALA-03,89.01,1960.17,2.26,36.42,84.1,1680.5,25.36,172.81,394.9,1,FALLA_PRESION_HIDRAULICA
PALA-03,86.96,3429.04,2.63,60.36,84.74,1755.5,26.34,146.97,3083.2,0,NORMAL
PALA-03,78.21,3249.76,2.53,52.69,80.67,1644.9,27.26,180.88,3083.1,0,NORMAL
PALA-02,84.85,2998.99,1.22,51.62,85.06,2016.6,26.24,176.98,2701.3,0,NORMAL
PALA-01,79.01,3224.2,4.16,53.47,78.57,1826.4,27.75,148.24,110.1,0,NORMAL
PALA-02,84.27,3096.47,0.71,48.22,82.5,1925.1,26.72,146.49,764.8,0,NORMAL
PALA-01,84.14,3449.48,3.75,45.66,81.19,1731.0,26.27,148.14,2783.5,0,NORMAL
CARG-02,75.77,3359.07,0.69,51.83,76.3,1567.1,27.59,231.28,2833.9,0,NORMAL
PALA-02,81.45,3193.52,1.31,49.2,73.68,1780.4,27.45,137.91,1723.0,0,NORMAL
PALA-02,83.19,3275.59,2.04,62.85,79.8,1870.6,25.31,198.67,2941.4,0,NORMAL
CARG-01,80.04,3014.54,1.8,51.72,79.82,1875.7,26.37,133.78,2997.6,0,NORMAL
PALA-02,83.42,3114.32,1.18,56.28,79.92,1517.5,26.81,145.05,2859.9,0,NORMAL
PALA-02,85.63,3529.59,2.62,50.86,85.2,1745.4,26.98,176.84,2662.3,0,NORMAL
CARG-01,81.86,3259.63,1.66,62.91,86.5,1528.3,26.89,183.9,2891.1,0,NORMAL
CARG-02,83.01,3417.42,2.87,53.03,83.63,1649.7,26.27,171.93,451.4,0,NORMAL
PALA-03,88.23,3291.76,1.43,47.78,83.35,1790.3,26.15,184.85,1842.5,0,NORMAL
PALA-01,84.13,3486.57,1.34,57.35,80.68,1879.8,26.32,182.69,1562.7,0,NORMAL
PALA-03,82.9,2890.21,2.22,55.3,81.71,1746.7,25.8,182.03,243.0,0,NORMAL
CARG-01,77.69,3216.12,3.13,60.02,82.72,1582.3,25.31,141.77,3465.3,0,NORMAL
PALA-01,85.02,3546.06,2.93,53.23,81.56,1791.9,26.81,149.15,1891.1,0,NORMAL
PALA-01,83.49,3422.11,0.9,54.54,83.37,1617.9,26.86,160.18,2924.2,0,NORMAL
CARG-02,87.78,3488.57,1.93,46.46,81.18,1684.9,27.8,199.54,1530.4,0,NORMAL
PALA-01,82.21,3248.78,3.08,58.18,79.02,1730.9,25.93,184.05,1150.1,0,NORMAL
CARG-01,73.83,3153.32,1.71,54.31,82.05,1639.6,26.69,163.75,1832.3,0,NORMAL
PALA-02,74.35,3065.11,3.23,53.38,80.06,1796.4,26.2,166.38,550.6,0,NORMAL
PALA-02,85.31,3052.55,3.76,52.85,86.81,1810.3,26.28,122.72,691.7,0,NORMAL
PALA-01,79.43,3395.27,3.48,52.59,79.29,1843.4,25.89,151.45,251.6,0,NORMAL
CARG-01,83.97,3342.38,2.96,58.25,92.44,1891.0,26.44,142.64,3011.4,0,NORMAL
PALA-02,82.51,3238.02,1.81,49.37,87.56,1702.8,27.51,190.94,1925.0,0,NORMAL
PALA-03,81.25,3341.47,1.84,57.72,76.47,1572.8,26.06,167.38,3452.8,0,NORMAL
PALA-03,103.77,3275.64,1.43,45.97,109.96,1584.3,26.72,203.04,2904.6,1,FALLA_TERMICA
CARG-01,78.11,3423.2,2.26,44.42,80.5,1928.2,25.92,241.28,1958.7,0,NORMAL
CARG-02,81.93,3421.48,2.66,61.05,83.26,1913.8,25.23,189.24,1876.6,0,NORMAL
PALA-03,79.37,3058.14,2.94,48.89,87.31,1880.6,26.28,127.28,1784.5,0,NORMAL
PALA-02,80.32,3299.26,2.1,54.53,77.9,1649.7,27.93,153.27,244.4,0,NORMAL
CARG-02,80.54,2949.6,1.84,52.66,79.15,1922.6,25.75,102.97,235.9,0,NORMAL
PALA-03,80.98,3273.94,2.08,55.72,84.01,1699.6,25.63,222.43,1738.8,0,NORMAL
PALA-02,86.15,3358.77,1.16,54.26,79.53,1761.2,25.7,240.19,3153.7,0,NORMAL
PALA-01,81.42,3013.53,2.99,59.22,72.1,1819.2,27.85,127.35,2291.4,0,NORMAL
CARG-01,86.61,3175.04,2.93,46.85,84.85,1871.3,27.28,145.64,1883.5,0,NORMAL
PALA-02,88.92,3251.71,1.21,57.35,82.48,1784.9,26.91,140.27,2172.5,0,NORMAL
PALA-03,85.85,3292.1,2.5,53.74,80.91,1885.0,27.48,130.48,1131.2,0,NORMAL
PALA-02,84.41,3199.85,0.94,46.34,81.5,1721.6,27.13,108.89,1255.7,0,NORMAL
PALA-01,83.47,3038.99,3.41,51.35,89.95,1695.7,26.31,189.82,2603.9,0,NORMAL
PALA-03,85.89,3240.28,4.83,45.98,85.05,1681.6,26.04,122.49,770.1,0,NORMAL
PALA-01,82.4,2952.6,2.58,45.63,77.56,1582.1,27.22,159.94,640.3,0,NORMAL
PALA-02,86.43,3208.12,2.68,51.82,81.49,1384.2,26.49,132.68,1840.3,0,NORMAL
PALA-03,84.76,3170.55,1.69,59.93,85.74,1845.0,25.67,100.23,2607.2,0,NORMAL
PALA-02,80.38,3225.83,9.51,55.56,85.66,1691.9,26.82,138.23,3877.6,1,FALLA_DESGASTE_RODAMIENTOS
CARG-01,86.03,4078.31,3.8,60.5,74.99,1809.2,26.14,246.84,1482.2,1,FALLA_SOBRECARGA
CARG-01,82.41,2978.62,1.85,54.38,78.99,1791.8,27.29,160.11,1946.0,0,NORMAL
CARG-01,81.52,3184.06,1.95,61.75,76.46,1739.0,25.63,181.09,3114.4,0,NORMAL
PALA-01,79.86,3417.55,2.2,61.23,83.56,1833.3,26.85,180.29,2209.2,0,NORMAL
PALA-01,82.75,3477.06,2.21,49.25,77.37,1848.6,26.53,168.88,2997.2,0,NORMAL
PALA-03,86.48,3689.08,4.17,54.36,87.22,1605.8,26.55,182.71,1383.8,0,NORMAL
CARG-02,86.0,3554.5,3.36,50.39,86.18,1904.0,26.62,127.19,2077.5,0,NORMAL
CARG-01,83.59,3034.55,3.95,53.28,80.01,1823.7,26.25,149.03,2295.0,0,NORMAL
CARG-01,84.7,3176.48,4.88,62.29,75.94,1614.9,26.8,149.05,3204.3,0,NORMAL
PALA-02,87.72,3245.9,2.98,50.79,77.84,1642.1,26.62,109.06,2833.7,0,NORMAL
PALA-02,81.33,3234.6,1.25,48.07,82.8,1570.9,26.49,131.43,554.5,0,NORMAL
PALA-02,76.98,3262.52,1.45,48.4,84.41,1795.3,27.37,121.26,2369.6,0,NORMAL
PALA-01,87.86,3683.37,2.37,52.02,80.85,1698.8,25.33,154.88,229.8,0,NORMAL
PALA-01,79.62,3055.23,0.66,72.73,70.73,1420.9,26.87,179.95,3477.6,0,NORMAL
CARG-02,78.89,3121.56,1.86,61.36,83.72,1653.5,26.58,145.09,1461.0,0,NORMAL
PALA-01,73.92,3545.89,3.0,39.64,72.92,1674.3,26.8,126.41,2355.5,0,NORMAL
PALA-01,84.57,3139.12,2.29,53.82,72.52,1732.7,26.88,163.78,697.5,0,NORMAL
PALA-01,74.7,3320.84,1.72,50.86,84.99,1535.3,26.93,145.04,2747.3,0,NORMAL
CARG-02,78.62,3436.24,3.12,58.93,76.26,1734.0,26.09,136.01,2448.2,0,NORMAL
PALA-03,84.65,3337.57,1.31,48.1,82.0,1900.1,25.88,214.81,1258.1,0,NORMAL
PALA-03,85.25,3284.52,3.44,48.82,81.37,1742.4,26.78,196.79,1291.9,0,NORMAL
CARG-02,79.07,3418.95,2.62,51.14,77.78,1790.7,27.58,165.04,2400.0,0,NORMAL
PALA-02,81.4,3089.25,2.73,50.54,81.82,1907.6,26.23,142.25,1320.3,0,NORMAL
PALA-03,78.07,3160.65,1.7,57.26,78.8,1708.7,25.59,144.42,3326.5,0,NORMAL
PALA-01,79.53,3346.41,9.1,52.33,81.19,1704.8,27.03,130.9,2952.5,1,FALLA_DESGASTE_RODAMIENTOS
PALA-01,83.2,2877.5,2.39,59.02,79.46,1761.4,25.73,134.97,971.0,0,NORMAL
CARG-01,79.74,3504.99,3.24,49.95,78.99,1613.8,26.65,156.36,2675.0,0,NORMAL
CARG-01,80.9,3304.61,5.2,58.33,78.36,1636.7,25.6,73.35,409.8,0,NORMAL
PALA-02,75.41,3277.55,1.29,48.21,77.41,1475.3,26.17,209.15,1991.9,0,NORMAL
PALA-02,87.1,2956.51,4.9,57.07,84.41,1994.6,26.39,173.94,2200.9,0,NORMAL
PALA-03,84.3,3018.41,2.85,51.5,79.19,1819.7,26.16,129.74,1112.5,0,NORMAL
PALA-01,120.04,3178.25,3.15,58.46,104.24,1606.3,26.59,210.31,3331.0,1,FALLA_TERMICA
PALA-01,87.81,3395.34,3.97,41.8,79.36,1842.9,26.66,182.12,1485.4,0,NORMAL
PALA-01,78.29,2876.21,4.45,50.08,78.89,1623.0,25.99,187.07,1016.3,0,NORMAL
PALA-02,80.39,3391.91,0.58,59.84,79.42,1728.2,25.96,147.94,2411.1,0,NORMAL
CARG-01,73.47,3185.19,1.84,52.99,83.85,1727.6,27.41,178.42,2538.2,0,NORMAL
PALA-02,96.13,3209.78,4.18,45.49,78.49,1666.5,26.21,101.43,1522.9,0,NORMAL
PALA-01,81.33,3295.65,1.42,50.47,79.48,1622.5,26.64,171.01,675.6,0,NORMAL
PALA-03,86.67,3298.48,2.33,55.92,83.57,1865.0,25.3,147.73,2229.8,0,NORMAL
CARG-02,76.43,3121.76,1.88,49.95,82.78,1730.1,27.84,193.4,908.1,0,NORMAL
PALA-01,86.48,3362.48,1.37,59.81,78.25,1921.8,26.77,146.7,817.8,0,NORMAL
PALA-01,90.36,2832.51,1.35,59.43,84.86,1595.1,24.78,140.49,2043.7,0,NORMAL
PALA-02,81.73,3168.92,3.3,57.34,84.64,1663.3,25.59,201.3,3451.8,0,NORMAL
CARG-01,77.45,3277.66,2.35,59.15,84.36,1714.5,25.82,199.08,2439.7,0,NORMAL
PALA-03,81.38,3187.91,1.06,51.42,82.21,1852.4,27.77,187.36,2845.3,0,NORMAL
CARG-01,71.98,2921.16,1.69,61.44,80.31,1625.3,28.42,175.55,2510.1,0,NORMAL
CARG-02,81.83,3386.44,1.33,59.38,76.7,1788.6,26.83,184.0,1335.1,0,NORMAL
CARG-01,85.69,3025.29,1.2,53.36,75.47,1761.2,27.28,151.46,3178.5,0,NORMAL
PALA-03,81.84,3237.85,3.06,45.87,80.66,1891.4,27.4,129.65,2839.9,0,NORMAL
PALA-02,80.72,3277.55,2.27,42.17,81.06,1779.8,25.52,171.41,2433.8,0,NORMAL
PALA-01,84.37,3253.57,2.08,58.95,79.96,1504.4,26.34,99.61,1917.6,0,NORMAL
CARG-02,84.72,3460.42,0.65,45.94,80.56,1598.3,26.33,206.52,1298.1,0,NORMAL
PALA-02,74.53,3240.41,3.85,49.39,86.45,1604.4,27.51,156.63,1601.1,0,NORMAL
PALA-01,82.4,3326.94,0.91,56.39,87.51,1665.7,28.08,154.32,1121.2,0,NORMAL
PALA-03,92.96,3239.94,2.23,47.5,76.58,1878.9,28.17,127.27,3224.5,0,NORMAL
PALA-02,75.99,3360.33,2.43,66.17,82.15,1688.2,26.8,205.85,1183.9,0,NORMAL
PALA-03,81.62,3500.83,1.71,55.19,81.21,1724.1,26.71,184.84,3284.6,0,NORMAL
PALA-03,90.74,3274.76,2.47,61.39,83.7,1693.0,26.05,168.84,1578.8,0,NORMAL
PALA-02,86.97,3390.73,3.43,59.21,87.93,1784.7,26.45,179.27,2939.2,0,NORMAL
CARG-01,79.69,3511.96,2.32,41.31,89.75,1633.4,27.25,163.84,917.5,0,NORMAL
PALA-02,82.93,3494.29,1.46,57.72,83.88,1699.5,27.16,189.21,3379.8,0,NORMAL
PALA-02,81.99,3180.65,1.11,53.92,81.16,1698.1,26.84,147.84,3145.0,0,NORMAL
PALA-03,78.63,3436.56,9.93,53.69,79.55,1711.5,25.72,160.75,3507.7,1,FALLA_DESGASTE_RODAMIENTOS
PALA-03,81.67,3294.78,3.4,53.87,90.95,1652.1,27.95,179.18,3221.6,0,NORMAL
CARG-01,80.74,3451.1,2.67,59.27,77.93,1559.8,26.78,110.83,2193.9,0,NORMAL
PALA-02,82.51,3352.35,2.94,62.23,84.29,1831.9,26.56,115.02,99.6,0,NORMAL
PALA-03,78.63,3299.62,1.14,48.04,79.94,1706.0,27.12,224.39,917.3,0,NORMAL
PALA-01,76.26,3328.11,9.72,54.39,75.65,1855.4,25.89,129.65,3084.1,1,FALLA_DESGASTE_RODAMIENTOS
CARG-02,81.81,3295.94,0.64,61.01,87.86,1777.5,25.81,213.51,276.6,0,NORMAL
PALA-02,89.72,3302.98,2.09,52.96,74.03,1781.8,26.11,147.51,1673.7,0,NORMAL
CARG-01,82.37,3221.41,2.88,55.01,72.4,1855.7,25.59,121.54,3420.7,0,NORMAL
PALA-01,80.51,3204.69,1.83,55.09,83.8,2031.7,26.49,201.88,1408.9,0,NORMAL
PALA-01,85.39,3567.37,3.53,64.57,79.78,1876.4,24.77,181.31,3387.7,0,NORMAL
PALA-02,81.29,3335.96,0.88,57.74,82.73,1826.4,26.02,185.27,3123.7,0,NORMAL
CARG-02,90.41,3146.81,2.24,64.35,80.97,1755.1,24.83,118.49,656.7,0,NORMAL
PALA-03,81.98,3200.06,1.46,62.72,83.4,1871.1,26.19,175.64,3098.1,0,NORMAL
CARG-02,85.15,3440.13,1.84,52.86,79.82,1630.4,26.23,53.59,938.3,0,NORMAL
PALA-02,78.6,3117.49,1.92,55.5,84.61,1790.2,27.34,173.91,231.1,0,NORMAL
PALA-02,84.26,2983.24,2.07,64.26,84.72,1873.3,26.63,128.71,464.2,0,NORMAL
PALA-01,83.24,2996.48,2.15,48.29,87.2,1834.3,25.78,210.06,1831.7,0,NORMAL
CARG-01,81.75,2938.78,1.44,57.81,86.06,1710.9,26.09,192.77,2202.0,0,NORMAL
PALA-01,79.74,3016.21,0.68,57.86,80.57,1774.7,27.55,166.46,136.3,0,NORMAL
CARG-02,79.13,3037.44,2.22,52.62,83.78,1680.5,25.53,197.79,2477.2,0,NORMAL
CARG-02,83.27,3499.34,1.83,52.1,82.67,1627.8,28.11,243.86,304.7,0,NORMAL
CARG-02,84.83,3241.69,1.1,52.78,82.68,1894.1,26.74,158.24,2293.1,0,NORMAL
PALA-03,81.43,3184.61,1.8,57.51,75.7,1667.9,25.36,172.06,256.1,0,NORMAL
PALA-03,83.29,2990.19,2.41,61.36,84.01,1666.9,25.57,116.4,1082.4,0,NORMAL
CARG-01,81.83,3224.24,1.0,57.7,83.43,1669.5,27.07,129.69,3099.7,0,NORMAL
PALA-01,82.44,2937.28,3.73,47.71,88.28,1636.5,26.99,127.96,3362.4,0,NORMAL
PALA-03,81.1,3183.5,8.51,61.53,85.66,1633.0,26.74,161.84,3254.8,1,FALLA_DESGASTE_RODAMIENTOS
PALA-01,82.08,3621.61,1.41,59.96,81.6,1513.0,26.49,173.17,2890.1,0,NORMAL
PALA-02,94.14,3369.48,3.35,52.77,80.59,1533.7,26.32,136.31,2122.5,0,NORMAL
PALA-01,83.4,3212.24,3.76,50.73,76.98,1696.9,25.78,169.98,3273.9,0,NORMAL
PALA-01,84.9,3375.66,2.5,49.46,88.27,1774.8,26.71,194.98,1388.3,0,NORMAL
PALA-02,83.97,3156.12,1.78,59.37,76.74,1518.9,27.69,166.32,2415.0,0,NORMAL
PALA-02,80.82,3105.88,2.3,44.6,73.52,1741.8,26.38,198.21,341.8,0,NORMAL
PALA-03,87.82,3556.74,2.99,59.49,84.6,1874.0,26.61,98.63,1094.9,0,NORMAL
PALA-01,80.69,3801.08,4.09,51.74,81.35,1663.4,27.22,277.19,1652.5,1,FALLA_SOBRECARGA
PALA-03,86.75,3186.26,1.43,55.42,82.06,1601.3,25.98,182.22,1542.2,0,NORMAL
PALA-01,80.5,3305.09,1.44,36.89,81.75,1712.8,26.73,168.62,2725.7,0,NORMAL
PALA-03,77.68,3081.48,2.27,45.13,76.77,1782.3,27.04,162.84,386.0,0,NORMAL
PALA-03,83.64,3367.11,1.86,50.6,82.48,1652.9,25.81,164.07,255.0,0,NORMAL
PALA-03,77.03,3194.81,0.8,49.44,79.71,1834.3,25.36,120.35,339.9,0,NORMAL
CARG-01,84.41,3369.5,1.47,57.79,79.15,1776.3,26.22,100.31,60.0,0,NORMAL
PALA-02,76.63,4386.86,1.24,55.52,86.69,1927.7,27.08,338.04,1066.3,1,FALLA_SOBRECARGA
CARG-01,80.56,3206.26,5.27,63.67,84.16,1518.2,25.23,198.43,3216.2,0,NORMAL
PALA-02,75.56,3557.92,2.26,56.57,71.8,1550.6,26.59,136.08,2451.1,0,NORMAL
PALA-02,94.71,4297.1,1.4,50.75,81.87,1669.8,26.25,255.49,1209.8,1,FALLA_SOBRECARGA
PALA-03,74.56,3492.8,2.31,60.12,85.26,1559.3,26.22,155.23,759.2,0,NORMAL
PALA-01,82.04,3461.49,2.52,51.68,76.02,1908.9,26.64,136.3,2559.8,0,NORMAL
PALA-03,87.14,3568.76,2.3,51.4,77.55,1747.9,25.04,189.09,2450.4,0,NORMAL
PALA-03,86.66,3281.33,1.92,54.01,85.0,1680.4,27.35,126.5,2121.4,0,NORMAL
PALA-02,85.83,3108.05,1.97,62.1,79.18,1906.4,25.69,185.0,3062.9,0,NORMAL
PALA-01,80.57,3623.82,2.79,59.26,73.09,1755.1,26.69,163.74,2163.7,0,NORMAL
PALA-01,88.08,3189.75,2.34,59.1,85.8,1694.9,26.96,205.65,1301.2,0,NORMAL
CARG-02,86.11,3103.56,2.23,63.8,80.3,1626.2,27.57,179.55,2588.1,0,NORMAL
PALA-03,82.96,3215.84,2.03,58.98,82.49,1786.7,26.37,146.29,868.3,0,NORMAL
PALA-01,83.08,3073.3,1.78,47.86,80.8,1782.7,25.23,173.08,2173.1,0,NORMAL
PALA-02,80.63,3344.71,2.55,56.69,85.48,1801.8,25.13,160.33,179.8,0,NORMAL
PALA-03,77.91,3140.98,2.18,62.12,76.6,1816.7,27.42,106.67,1523.5,0,NORMAL
CARG-01,87.57,3198.25,2.2,46.41,83.66,1894.1,25.95,181.42,331.6,0,NORMAL
PALA-01,87.9,3424.2,4.65,53.92,86.27,1620.6,26.1,158.4,3374.6,0,NORMAL
PALA-01,78.02,3362.26,1.15,48.66,75.6,1988.4,25.5,85.49,567.2,0,NORMAL
CARG-02,81.31,3252.81,1.53,54.64,78.04,1936.0,26.09,109.58,1097.7,0,NORMAL
PALA-01,81.35,3280.76,14.43,59.68,87.58,1926.1,27.8,140.27,3721.0,1,FALLA_DESGASTE_RODAMIENTOS
PALA-01,103.15,3252.21,1.79,60.71,111.66,1695.3,26.43,190.67,1134.8,1,FALLA_TERMICA
CARG-02,82.29,3172.39,2.08,53.08,77.72,1634.3,25.75,137.71,1580.4,0,NORMAL
PALA-03,86.26,3249.55,1.88,57.31,76.14,1732.6,27.24,186.19,964.0,0,NORMAL
PALA-02,78.64,3338.35,2.5,46.48,82.13,1754.0,24.41,187.71,1349.4,0,NORMAL
PALA-01,78.19,3227.29,1.62,45.26,82.32,1822.9,26.39,153.64,970.2,0,NORMAL
PALA-01,87.56,3325.56,0.62,59.6,80.76,1700.3,26.12,186.76,3418.8,0,NORMAL
PALA-01,79.92,3099.4,3.44,38.87,90.33,1830.6,26.18,158.31,1044.3,0,NORMAL
CARG-02,76.32,3141.3,0.51,50.56,83.59,1678.3,25.25,133.96,1095.2,0,NORMAL
PALA-02,79.82,3117.82,5.23,57.38,77.64,1725.7,26.28,152.3,1327.8,0,NORMAL
CARG-01,80.51,3148.28,2.74,55.1,85.23,1806.7,26.08,132.73,2221.5,0,NORMAL
CARG-02,89.0,3481.69,1.33,39.82,81.23,1734.6,25.64,188.47,3396.9,0,NORMAL
PALA-02,86.16,4128.75,1.36,56.63,78.29,1638.9,26.08,322.28,2079.3,1,FALLA_SOBRECARGA
PALA-01,87.16,3056.15,0.65,49.69,84.6,1611.8,24.85,214.12,3446.2,0,NORMAL
PALA-03,85.69,3328.75,1.24,54.6,86.9,1847.8,28.14,157.84,1244.3,0,NORMAL
CARG-02,86.26,3179.7,1.33,50.88,81.86,1779.6,23.66,173.85,3225.3,0,NORMAL
CARG-01,78.9,3127.17,3.01,50.54,77.09,1886.5,26.28,170.75,1392.4,0,NORMAL
PALA-01,81.11,2982.57,2.32,45.0,81.45,1857.4,26.27,178.96,2219.0,0,NORMAL
PALA-03,77.55,3424.95,0.63,52.2,77.18,1686.2,25.94,175.67,228.7,0,NORMAL
PALA-03,81.05,3004.5,0.66,60.18,81.91,1840.8,26.21,133.81,64.2,0,NORMAL
CARG-02,85.08,3240.65,1.13,51.89,84.02,1762.3,26.91,164.96,827.3,0,NORMAL
PALA-01,82.61,3079.66,1.18,52.11,73.09,1706.4,25.39,161.43,183.4,0,NORMAL
PALA-03,87.9,3389.65,4.0,50.48,83.86,2038.0,24.98,237.6,1511.9,0,NORMAL
CARG-02,76.86,3189.82,1.27,47.57,79.5,2001.5,25.97,99.96,1590.8,0,NORMAL
PALA-02,84.25,3225.8,4.34,49.01,78.75,1798.1,24.22,187.82,3344.4,0,NORMAL
PALA-02,76.38,3231.87,2.43,55.11,75.69,1618.0,25.7,213.94,647.8,0,NORMAL
PALA-01,82.42,4045.28,2.79,66.3,76.71,1662.6,25.97,260.29,1611.8,1,FALLA_SOBRECARGA
PALA-02,85.33,3252.34,1.98,58.88,88.06,1655.0,26.47,236.02,1112.0,0,NORMAL
PALA-02,81.03,3242.21,1.21,57.1,84.4,1817.7,27.43,166.71,256.5,0,NORMAL
CARG-02,84.48,3156.69,1.45,63.96,86.18,1766.1,26.64,153.46,418.4,0,NORMAL
PALA-02,77.68,2966.55,4.31,56.34,77.57,1682.5,26.67,164.13,3076.9,0,NORMAL
PALA-02,74.51,3048.66,2.75,59.37,88.19,1968.0,25.82,167.45,1421.2,0,NORMAL
PALA-03,84.51,3379.33,2.69,55.07,80.73,1668.4,25.91,169.4,2691.4,0,NORMAL
PALA-01,89.85,3194.95,3.37,56.26,77.84,1943.6,25.93,119.59,1598.1,0,NORMAL
PALA-02,77.52,3130.48,2.74,46.96,76.69,1860.5,26.3,176.73,3199.9,0,NORMAL
CARG-01,87.5,2996.97,1.14,52.45,76.81,1797.3,26.05,100.4,2472.5,0,NORMAL
CARG-02,105.56,2940.46,1.37,51.19,102.08,1626.5,26.66,145.96,1226.7,1,FALLA_TERMICA
PALA-03,75.99,3123.42,2.19,50.93,77.42,1912.5,26.9,148.57,3026.5,0,NORMAL
PALA-03,76.91,3409.85,4.89,50.63,84.62,1956.8,27.42,162.62,350.1,0,NORMAL
PALA-01,82.07,3149.73,3.13,61.16,91.4,1748.3,26.62,157.95,312.4,0,NORMAL
CARG-02,80.18,3322.09,1.53,52.16,80.01,1869.7,26.66,170.03,1964.2,0,NORMAL
PALA-01,76.09,3141.45,2.58,53.28,80.09,1731.8,27.33,113.75,2573.0,0,NORMAL
CARG-01,74.38,3365.0,0.64,65.32,73.57,1900.6,26.98,161.46,2123.3,0,NORMAL
PALA-02,78.19,3186.68,1.21,57.88,77.3,1606.2,26.11,129.1,2336.2,0,NORMAL
CARG-02,82.87,3028.26,1.81,54.04,74.52,1838.7,25.57,171.24,949.1,0,NORMAL
CARG-01,81.97,3201.59,2.81,59.29,84.25,1417.8,26.02,221.77,3078.9,0,NORMAL
CARG-01,79.74,3580.12,3.31,50.65,88.73,1579.6,25.74,164.09,3402.5,0,NORMAL
PALA-01,82.91,3572.18,1.4,51.88,76.68,1592.8,26.49,215.19,1389.8,0,NORMAL
PALA-02,112.1,3337.58,1.62,52.19,102.41,1721.6,26.79,169.33,1460.7,1,FALLA_TERMICA
PALA-03,83.77,3225.33,3.34,55.25,80.01,1613.9,26.07,137.46,1615.5,0,NORMAL
CARG-01,81.45,3304.7,1.81,56.33,83.73,1614.9,26.11,168.28,740.4,0,NORMAL
PALA-01,86.18,3307.03,1.38,49.25,81.42,1698.5,24.28,88.49,536.7,0,NORMAL
CARG-02,77.68,3242.82,3.06,56.03,89.46,1704.7,25.94,168.94,2730.4,0,NORMAL
CARG-02,80.99,3329.37,2.35,57.02,78.0,1581.6,28.91,204.65,2141.8,0,NORMAL
PALA-02,81.1,3287.48,2.38,51.66,84.6,1558.8,27.3,125.2,568.6,0,NORMAL
CARG-01,76.43,4256.98,0.77,53.17,78.62,1617.9,27.46,333.66,1761.2,1,FALLA_SOBRECARGA
PALA-03,80.11,3034.85,1.19,48.32,74.59,1840.2,26.79,128.51,3486.4,0,NORMAL
PALA-02,72.66,3167.19,2.1,46.46,86.71,2036.4,27.14,155.32,1866.7,0,NORMAL
PALA-02,90.6,3393.91,1.84,48.26,88.49,1895.1,26.12,123.07,3197.2,0,NORMAL
PALA-03,104.16,3244.34,2.97,57.6,98.74,1677.1,25.75,160.57,2932.5,1,FALLA_TERMICA
CARG-01,89.14,3304.05,2.15,56.62,78.48,1770.0,27.59,264.33,431.4,0,NORMAL
PALA-02,82.17,3199.06,1.1,63.64,76.45,1719.8,25.53,139.69,1445.9,0,NORMAL
PALA-03,84.54,3059.27,1.62,54.19,83.24,1702.8,26.79,154.58,1981.0,0,NORMAL
PALA-03,79.8,3207.05,1.1,54.26,72.49,1733.2,27.83,160.85,2290.1,0,NORMAL
CARG-01,82.94,3065.96,3.32,55.69,84.49,1753.3,27.17,155.32,1055.5,0,NORMAL
PALA-01,84.93,3054.47,1.75,48.67,79.33,1510.5,26.19,200.05,76.5,0,NORMAL
CARG-02,84.99,3467.01,1.81,58.52,79.24,1645.7,27.42,138.29,1118.2,0,NORMAL
PALA-02,85.49,3174.38,1.29,55.91,76.71,1714.9,26.57,171.56,2004.5,0,NORMAL
PALA-02,80.34,3116.53,8.73,49.26,75.25,2006.1,26.29,146.52,3019.9,1,FALLA_DESGASTE_RODAMIENTOS
PALA-01,79.84,3541.23,1.64,55.86,80.77,1796.5,26.99,216.35,1363.6,0,NORMAL
PALA-02,74.83,3396.7,7.61,57.79,81.78,1852.2,25.7,169.09,3773.4,1,FALLA_DESGASTE_RODAMIENTOS
CARG-02,84.35,3183.13,0.41,47.34,80.63,1706.8,25.25,165.14,1488.4,0,NORMAL
PALA-02,86.87,3326.97,1.68,59.29,85.38,1892.7,26.21,185.37,3390.7,0,NORMAL
CARG-01,89.27,3207.56,1.78,51.75,81.24,1754.1,25.88,210.99,615.9,0,NORMAL
PALA-01,83.37,3125.32,1.52,38.65,83.86,1819.1,25.24,195.85,360.7,0,NORMAL
PALA-02,78.55,3335.44,1.05,58.86,75.13,1741.0,26.43,190.84,784.5,0,NORMAL
CARG-02,74.36,3191.63,1.77,60.71,79.23,1786.2,25.97,204.16,353.6,0,NORMAL
CARG-01,86.69,3263.59,1.87,48.38,86.93,1662.9,25.64,160.26,910.5,0,NORMAL
PALA-01,73.92,3433.85,1.18,45.64,84.89,1939.6,26.39,232.34,1926.0,0,NORMAL
PALA-03,80.47,3414.02,1.97,60.64,82.33,1662.2,25.64,189.74,942.9,0,NORMAL
PALA-01,80.99,3150.98,1.08,50.91,79.49,1606.2,27.33,180.1,2872.4,0,NORMAL
PALA-02,81.69,3337.49,12.39,60.72,77.26,1739.2,27.82,156.6,3751.6,1,FALLA_DESGASTE_RODAMIENTOS
CARG-01,82.16,3046.99,1.01,45.04,78.88,1944.8,26.96,107.95,1443.2,0,NORMAL
CARG-01,82.62,3331.07,0.45,61.03,83.55,1638.0,26.06,162.74,349.5,0,NORMAL
PALA-01,71.13,3276.73,1.49,59.37,73.07,1698.3,26.73,129.99,983.4,0,NORMAL
CARG-02,82.07,3318.22,1.99,56.7,88.18,1750.8,25.86,144.53,465.6,0,NORMAL
PALA-03,71.97,3196.46,3.88,43.98,85.96,1561.1,26.93,164.68,852.6,0,NORMAL
PALA-02,116.16,3625.13,1.75,52.19,103.73,1554.9,26.98,207.52,2322.0,1,FALLA_TERMICA
PALA-03,79.5,3087.77,1.23,59.04,83.46,1855.0,27.03,155.93,1367.0,0,NORMAL
PALA-03,72.29,3424.88,2.45,45.57,81.43,1729.1,26.11,125.95,116.0,0,NORMAL
PALA-03,78.34,3064.29,1.71,51.39,82.51,1592.8,26.97,109.79,972.5,0,NORMAL
PALA-02,79.43,3340.78,1.62,55.98,79.54,1682.4,26.79,122.49,3056.6,0,NORMAL
PALA-03,87.36,3353.64,2.37,48.21,89.47,1652.9,26.61,235.27,1353.7,0,NORMAL
PALA-01,82.88,3259.9,2.28,60.5,80.45,1721.0,26.47,140.28,1991.8,0,NORMAL
CARG-01,83.55,3160.84,1.74,59.51,79.1,1743.6,25.54,97.66,1701.7,0,NORMAL
PALA-03,87.32,3275.4,1.82,55.21,79.94,1462.2,26.73,170.5,3409.1,0,NORMAL
PALA-01,81.57,3298.06,3.14,56.17,78.11,1880.1,26.18,138.97,1011.8,0,NORMAL
CARG-01,85.39,3572.19,1.55,51.3,84.24,1728.9,25.37,159.41,2489.4,0,NORMAL
CARG-02,85.08,3092.98,3.27,56.95,78.92,1643.4,25.83,190.94,2107.5,0,NORMAL
CARG-02,76.21,3149.94,1.14,51.01,80.5,1826.1,26.74,203.2,2187.3,0,NORMAL
PALA-02,88.63,3301.25,1.63,53.02,86.35,1595.9,26.01,156.69,2832.3,0,NORMAL
PALA-01,75.61,3203.91,2.37,51.54,85.28,1682.3,25.94,171.98,625.6,0,NORMAL
PALA-03,86.13,3231.99,2.64,61.18,76.9,1574.0,24.74,206.18,2962.2,0,NORMAL
PALA-01,75.17,3442.66,1.81,60.04,85.72,1809.3,27.27,132.88,406.5,0,NORMAL
CARG-02,84.71,2742.35,2.2,48.98,75.33,1863.2,25.52,115.84,2343.2,0,NORMAL
PALA-01,90.38,3142.37,2.05,60.69,75.0,1766.1,26.45,177.29,764.7,0,NORMAL
PALA-02,81.04,2936.37,1.59,50.01,79.69,1697.3,26.02,124.09,2265.4,0,NORMAL
PALA-02,80.85,3034.75,3.57,63.26,82.17,1566.9,26.61,144.82,448.0,0,NORMAL
PALA-02,84.75,3682.83,1.31,61.85,80.1,1665.1,26.6,160.21,2498.1,0,NORMAL
CARG-01,80.52,3357.67,4.05,64.96,82.76,1747.8,26.24,167.22,1160.5,0,NORMAL
PALA-02,90.18,3421.28,0.81,55.46,79.49,1651.1,26.62,149.93,2344.7,0,NORMAL
PALA-01,82.86,3235.5,2.01,52.6,72.76,1665.4,26.42,194.85,1938.6,0,NORMAL
PALA-02,80.56,3386.57,1.82,52.49,80.24,1585.3,25.3,157.31,825.1,0,NORMAL
PALA-03,79.57,2932.02,1.1,55.88,74.92,1630.8,27.37,102.82,1884.3,0,NORMAL
PALA-01,77.8,3436.89,3.93,48.93,81.01,1544.0,27.62,168.02,598.6,0,NORMAL
PALA-03,79.18,3102.43,4.07,41.95,75.99,1753.2,25.7,165.27,3473.4,0,NORMAL
PALA-03,80.42,4026.61,0.85,52.0,83.07,1726.0,25.16,285.32,2107.4,1,FALLA_SOBRECARGA
CARG-01,79.81,3340.93,0.85,54.2,86.42,1731.3,27.4,151.58,1811.8,0,NORMAL
CARG-02,79.04,3306.96,2.23,56.78,74.08,1676.7,25.54,142.65,3219.0,0,NORMAL
CARG-02,91.44,3265.23,4.57,55.99,72.83,1649.1,27.44,130.09,1085.8,0,NORMAL
CARG-02,77.36,3004.64,1.86,54.7,79.8,1684.3,27.33,212.68,837.3,0,NORMAL
PALA-01,82.66,1846.7,3.2,33.18,85.52,1668.8,26.27,181.89,2246.0,1,FALLA_PRESION_HIDRAULICA
PALA-01,84.67,3422.9,0.41,49.64,81.62,1738.4,21.06,183.75,3181.0,1,FALLA_ELECTRICA
PALA-02,84.84,3154.15,1.66,50.64,79.29,1940.0,25.61,152.33,2292.0,0,NORMAL
CARG-02,81.74,3486.69,4.74,64.55,76.7,1697.3,26.45,128.8,125.2,0,NORMAL
CARG-02,80.92,3092.92,2.96,38.08,83.89,1649.0,26.79,53.92,3026.0,0,NORMAL
CARG-02,84.03,3251.18,0.86,59.6,87.15,1690.1,26.69,200.02,1075.9,0,NORMAL
PALA-01,83.2,3526.36,2.59,56.82,73.52,1660.9,26.89,232.25,3048.5,0,NORMAL
CARG-02,80.83,3127.35,1.77,53.99,82.18,1660.5,27.25,112.63,3436.3,0,NORMAL
PALA-02,74.97,3439.72,0.99,58.48,91.18,1649.9,26.36,91.15,2297.1,0,NORMAL
PALA-01,79.89,3605.44,2.95,57.59,78.58,1802.2,28.66,182.92,1018.3,0,NORMAL
PALA-02,76.84,3280.79,1.78,46.7,80.24,1800.7,26.76,222.73,829.2,0,NORMAL
PALA-01,79.0,3155.14,1.85,49.13,80.86,1828.3,26.72,133.65,2480.6,0,NORMAL
PALA-03,82.15,3110.91,1.55,51.6,79.37,1853.7,26.71,228.49,235.5,0,NORMAL
PALA-02,83.61,3484.83,1.41,43.39,85.39,1676.2,26.72,177.23,2293.1,0,NORMAL
PALA-02,90.01,3479.8,4.23,53.96,88.21,1531.9,26.72,72.7,1116.9,0,NORMAL
PALA-03,79.58,3510.88,0.58,57.19,74.18,1956.3,27.24,200.37,59.3,0,NORMAL
CARG-02,85.49,3244.09,4.27,59.83,77.26,1449.1,24.4,151.34,2235.6,0,NORMAL
PALA-03,83.38,3436.81,2.59,54.39,85.98,1679.0,26.21,155.46,2057.7,0,NORMAL
PALA-02,87.83,3241.21,1.83,50.25,83.4,1548.8,25.08,150.52,1874.3,0,NORMAL
CARG-01,84.59,3091.05,4.89,55.12,82.75,1768.3,27.49,162.88,907.9,0,NORMAL
CARG-02,77.46,3452.35,2.58,53.61,83.79,1605.2,25.27,130.08,3205.5,0,NORMAL
PALA-01,74.25,3544.1,1.87,57.93,81.38,1855.8,25.77,119.11,160.7,0,NORMAL
PALA-03,83.4,3066.29,1.3,53.77,82.92,1747.9,25.87,181.14,431.7,0,NORMAL
PALA-02,79.62,3062.9,4.37,58.45,79.7,1901.4,25.43,117.26,1390.4,0,NORMAL
PALA-01,77.59,3257.2,2.15,52.69,80.09,1732.2,26.16,122.52,1391.3,0,NORMAL
PALA-03,76.3,3422.1,3.94,60.45,80.62,1859.1,24.72,90.65,491.6,0,NORMAL
CARG-02,100.89,3045.91,3.35,54.89,107.02,1589.7,27.62,192.81,3442.1,1,FALLA_TERMICA
PALA-01,88.78,3290.86,3.92,51.01,82.88,1838.2,26.74,243.16,3456.6,0,NORMAL
CARG-01,80.16,3143.72,0.74,52.33,82.19,1703.8,25.79,113.17,2717.6,0,NORMAL
CARG-02,84.66,3376.15,3.74,57.64,73.54,1748.5,26.86,134.43,1099.7,0,NORMAL
CARG-02,81.54,3106.38,1.1,47.65,80.19,1831.3,26.66,159.57,1226.8,0,NORMAL
PALA-02,76.2,3388.92,1.29,53.35,81.08,1766.4,25.65,188.76,3126.9,0,NORMAL
CARG-02,85.31,3221.52,11.79,59.35,87.12,1625.1,26.97,157.45,3390.5,1,FALLA_DESGASTE_RODAMIENTOS
PALA-02,77.07,3081.31,2.56,56.58,79.85,1661.3,26.23,217.59,586.5,0,NORMAL
PALA-03,82.1,3261.46,2.41,48.25,81.39,1593.1,27.31,133.81,1012.8,0,NORMAL
PALA-01,80.46,2901.16,1.22,55.56,80.69,1805.8,26.01,160.14,3495.3,0,NORMAL
PALA-01,86.02,3149.36,0.94,47.29,86.29,1678.5,25.32,161.32,206.4,0,NORMAL
CARG-01,77.24,3310.73,3.93,54.93,76.22,1666.1,27.18,98.62,2287.6,0,NORMAL
PALA-02,83.76,2931.08,2.66,60.9,77.86,1744.3,26.22,155.59,2843.0,0,NORMAL
PALA-02,78.22,2787.2,2.08,54.37,77.59,1691.6,26.38,170.86,409.5,0,NORMAL
PALA-01,79.7,2828.91,4.38,48.34,81.06,1860.3,26.61,107.22,477.2,0,NORMAL
PALA-03,65.64,3488.88,3.42,53.05,75.02,1814.2,25.61,133.93,1018.4,0,NORMAL
PALA-01,91.41,3236.18,3.61,54.97,86.86,1806.7,26.17,223.66,2077.4,0,NORMAL
CARG-01,84.48,3154.16,2.41,59.46,82.66,1670.2,25.97,133.78,898.0,0,NORMAL
PALA-01,78.55,3420.13,0.82,59.42,83.34,1805.2,26.08,164.4,1793.3,0,NORMAL
PALA-01,76.94,3177.2,1.07,48.55,89.41,1780.4,27.4,149.35,700.8,0,NORMAL
PALA-02,79.77,3298.32,0.88,52.38,79.62,1574.1,25.78,138.29,2642.6,0,NORMAL
PALA-02,85.23,3254.64,0.53,55.97,84.42,1690.5,25.74,118.07,1446.0,0,NORMAL
PALA-02,73.49,3165.22,1.56,50.98,83.33,1699.4,27.52,172.71,768.7,0,NORMAL
PALA-02,81.36,3302.95,3.05,56.49,87.16,1899.5,25.61,127.37,2800.7,0,NORMAL
CARG-02,89.97,3389.19,1.63,47.26,83.76,1669.6,26.45,145.59,878.8,0,NORMAL
PALA-03,76.9,3216.72,2.55,55.31,78.96,1777.9,26.95,203.08,1842.2,0,NORMAL
PALA-01,82.36,3167.1,1.46,59.14,82.7,1876.1,26.94,129.0,176.0,0,NORMAL
PALA-02,91.91,3188.35,2.02,54.27,78.41,1609.3,25.28,200.12,1121.0,0,NORMAL
CARG-02,84.84,2836.38,1.43,54.88,79.13,1753.5,25.83,144.02,647.3,0,NORMAL
PALA-02,82.57,3300.95,2.14,58.22,80.95,1963.9,25.0,152.71,932.1,0,NORMAL
PALA-01,84.28,3032.36,1.6,51.78,80.26,1531.7,27.07,176.17,3451.5,0,NORMAL
CARG-01,80.2,3363.35,1.48,57.11,77.42,1647.2,27.24,110.63,1326.9,0,NORMAL
PALA-03,87.85,3233.72,2.44,53.85,71.92,1752.8,27.21,185.28,564.2,0,NORMAL
PALA-03,80.2,3268.92,0.57,49.46,82.19,1763.7,26.38,125.12,3457.4,0,NORMAL
PALA-01,73.18,3376.06,2.76,58.51,82.47,1738.9,26.21,166.31,1084.9,0,NORMAL
PALA-01,80.24,3083.23,2.35,61.0,82.45,1785.5,25.95,118.98,2609.2,0,NORMAL
PALA-03,77.65,4094.42,3.26,59.79,88.62,1871.3,25.18,365.27,3103.9,1,FALLA_SOBRECARGA
PALA-01,80.73,3298.17,2.31,58.51,74.86,1726.5,26.82,111.18,1265.9,0,NORMAL
PALA-03,80.83,3216.74,3.27,56.55,87.21,1711.1,25.62,140.28,2275.6,0,NORMAL
PALA-03,87.39,3082.93,2.07,55.81,90.97,1791.4,24.76,140.75,232.9,0,NORMAL
PALA-02,85.13,3357.14,1.11,53.53,88.06,1958.8,27.45,177.87,1407.6,0,NORMAL
CARG-02,83.18,3376.62,1.61,50.69,79.6,1792.0,25.91,210.48,3140.3,0,NORMAL
CARG-01,81.99,3270.45,2.74,43.67,82.81,1844.7,26.6,143.78,2814.6,0,NORMAL
CARG-01,77.24,3057.35,2.39,46.16,77.92,1531.2,26.28,147.74,893.3,0,NORMAL
PALA-01,72.18,3155.06,1.31,54.07,78.3,1698.4,27.31,134.7,114.0,0,NORMAL
PALA-01,82.51,3239.14,1.78,47.62,87.89,1574.4,25.22,214.65,2184.7,0,NORMAL
PALA-02,85.58,3373.93,2.78,56.07,83.8,1721.8,27.01,150.17,463.5,0,NORMAL
PALA-01,81.51,2964.97,1.62,62.74,84.04,1891.2,26.36,176.29,2860.3,0,NORMAL
CARG-02,79.59,3148.52,2.85,37.87,76.51,1565.0,26.76,173.17,1658.5,0,NORMAL
PALA-01,84.09,2077.97,1.51,21.96,75.11,1928.5,26.08,131.6,1420.9,1,FALLA_PRESION_HIDRAULICA
PALA-02,81.63,3235.02,1.24,64.93,85.22,1719.4,26.1,179.07,902.7,0,NORMAL
PALA-02,89.59,3015.76,0.98,58.17,82.69,1827.1,27.14,203.36,1944.9,0,NORMAL
PALA-03,87.55,3210.84,2.66,53.44,79.81,1843.5,25.8,144.36,2879.1,0,NORMAL
PALA-01,86.32,3194.11,1.4,51.34,87.95,1959.5,25.98,193.55,1677.3,0,NORMAL
PALA-02,85.41,3063.23,2.35,56.93,83.37,1789.7,26.21,169.92,385.1,0,NORMAL
PALA-02,76.19,3228.77,0.97,58.9,77.6,1615.4,25.24,118.39,1972.3,0,NORMAL
CARG-02,84.98,3152.59,1.52,47.65,73.25,1841.5,26.19,214.19,1177.5,0,NORMAL
PALA-01,83.69,3339.21,1.92,61.46,83.39,1399.5,26.23,186.41,1831.7,0,NORMAL
CARG-02,84.73,3090.64,2.93,55.99,79.12,1611.1,26.95,115.29,346.7,0,NORMAL
CARG-01,84.22,3266.17,0.82,58.69,80.44,1650.3,25.98,127.17,306.6,0,NORMAL
PALA-02,84.04,3104.49,1.47,59.12,80.11,1467.6,24.89,205.12,2586.4,0,NORMAL
CARG-01,94.15,3142.04,2.31,55.56,86.72,1922.1,26.43,125.55,1735.7,0,NORMAL
PALA-01,110.73,3303.51,2.65,56.23,107.18,1879.5,26.02,113.07,1455.7,1,FALLA_TERMICA
CARG-02,86.21,3292.25,1.31,56.59,80.61,1774.1,25.45,105.05,3341.2,0,NORMAL
PALA-03,79.88,3174.94,3.2,52.21,80.51,1837.6,26.66,136.59,715.0,0,NORMAL
PALA-02,85.56,3201.51,1.57,57.24,82.15,1764.0,26.69,184.7,3174.9,0,NORMAL
PALA-02,86.23,2988.35,1.2,52.7,86.27,1823.7,26.89,168.85,2923.2,0,NORMAL
PALA-01,83.64,3502.5,0.9,54.0,81.33,1871.5,26.7,115.68,1879.0,0,NORMAL
CARG-02,89.51,3373.74,2.84,61.82,78.7,1546.5,26.99,149.96,1608.8,0,NORMAL
PALA-01,78.02,3367.26,3.68,53.82,76.18,1829.8,26.67,181.9,479.8,0,NORMAL
PALA-03,79.81,2962.89,2.37,56.07,80.66,1855.5,28.02,129.92,1329.4,0,NORMAL
PALA-02,82.96,3142.81,4.67,53.13,76.21,1649.1,27.58,153.79,1917.4,0,NORMAL
CARG-02,85.96,3189.78,1.55,52.17,82.37,1692.3,26.59,220.43,1267.8,0,NORMAL
PALA-01,82.81,2902.41,2.13,63.64,82.81,1627.0,25.02,162.33,3216.6,0,NORMAL
PALA-03,87.79,3410.19,1.89,46.68,85.76,1757.3,27.9,216.4,205.2,0,NORMAL
PALA-02,79.02,3511.7,0.52,54.26,80.16,1766.9,26.19,132.55,1091.1,0,NORMAL
CARG-01,76.87,3621.15,0.77,47.99,85.13,1743.5,26.9,145.15,3259.4,0,NORMAL
PALA-01,83.39,3061.74,1.35,60.27,87.45,1628.0,26.78,204.02,331.9,0,NORMAL
PALA-01,81.65,3271.12,3.48,53.69,81.29,1884.6,26.31,162.12,1657.3,0,NORMAL
PALA-01,84.44,3488.11,1.66,51.66,89.94,1650.2,26.02,117.05,2630.4,0,NORMAL
CARG-01,81.88,3204.35,4.1,44.82,86.75,1786.3,26.12,231.14,1216.7,0,NORMAL
PALA-01,80.47,3147.94,1.35,61.88,79.08,1814.6,24.26,169.76,2841.6,0,NORMAL
PALA-03,81.66,2914.12,4.43,47.36,92.78,1514.6,25.47,225.72,564.3,0,NORMAL
PALA-01,82.13,3453.87,1.11,56.43,80.73,1760.2,26.01,136.36,3453.1,0,NORMAL
CARG-02,80.63,3246.53,1.0,58.66,86.6,1870.4,26.44,153.92,2269.3,0,NORMAL
CARG-02,81.09,3118.72,2.71,64.87,83.51,1718.3,26.87,183.59,1063.8,0,NORMAL
PALA-03,80.18,3301.09,0.61,51.24,82.21,1827.9,25.94,209.15,292.3,0,NORMAL
PALA-02,85.85,3277.54,0.8,49.72,86.24,1638.6,26.95,196.36,1972.3,0,NORMAL
PALA-01,82.87,3280.29,2.62,51.86,81.6,1846.5,26.22,75.66,2080.0,0,NORMAL
PALA-01,92.16,3210.92,4.57,51.06,80.69,1583.6,26.11,135.3,1575.3,0,NORMAL
PALA-02,82.72,4375.61,3.49,44.58,80.82,1717.4,26.44,303.89,3286.5,1,FALLA_SOBRECARGA
PALA-03,79.52,3225.94,2.27,62.18,76.42,1868.2,26.99,186.71,1161.8,0,NORMAL
PALA-03,94.02,3541.48,2.46,51.91,85.27,1861.6,26.21,147.52,2049.4,0,NORMAL
CARG-02,83.86,1811.15,1.8,31.32,78.36,1564.0,26.69,146.18,285.9,1,FALLA_PRESION_HIDRAULICA
PALA-02,86.46,3313.21,1.0,57.14,81.84,1694.3,27.0,167.8,1627.7,0,NORMAL
PALA-03,84.66,4286.83,2.04,60.93,81.08,1648.1,26.84,290.92,2758.5,1,FALLA_SOBRECARGA
PALA-02,84.8,3425.31,1.31,48.2,83.43,1861.6,25.87,137.19,2628.7,0,NORMAL
PALA-03,84.41,3270.34,2.66,55.79,80.95,1711.1,26.02,165.61,1698.6,0,NORMAL
PALA-02,77.04,3082.22,3.85,47.92,79.93,1737.8,26.87,158.62,3006.7,0,NORMAL
PALA-02,83.65,3076.21,1.0,55.67,82.66,1777.8,26.29,119.31,3327.0,0,NORMAL
PALA-02,76.04,3326.05,0.63,55.46,82.32,1574.3,25.78,169.17,1547.7,0,NORMAL
CARG-01,81.22,3086.67,5.33,51.63,76.75,1755.9,26.44,174.55,1258.7,0,NORMAL
CARG-02,108.13,3238.8,3.63,55.17,107.31,1598.8,27.02,208.2,2235.7,1,FALLA_TERMICA
PALA-02,83.61,3440.29,0.59,55.26,86.08,1661.2,27.13,158.5,3493.2,0,NORMAL
PALA-01,83.5,3304.71,3.05,53.59,90.83,1666.8,27.22,199.73,187.5,0,NORMAL
PALA-02,84.17,3120.02,1.88,52.98,74.17,1778.1,26.43,89.05,1314.4,0,NORMAL
PALA-03,83.29,3503.8,3.92,47.18,84.31,1624.9,26.71,158.03,1742.5,0,NORMAL
PALA-01,79.27,3348.62,2.62,48.55,81.42,1663.1,27.28,142.51,3431.7,0,NORMAL
CARG-01,80.83,3433.2,2.85,50.93,78.63,1758.9,25.89,142.7,2898.9,0,NORMAL
CARG-02,86.14,2841.84,3.06,48.96,79.29,1886.2,27.18,174.96,1075.3,0,NORMAL
CARG-02,86.81,3309.55,0.43,51.13,77.24,1772.5,26.96,96.08,2750.9,0,NORMAL
PALA-01,76.84,3401.59,2.8,53.62,75.55,1855.7,26.96,100.87,768.8,0,NORMAL
CARG-02,75.11,3556.05,3.84,54.44,82.54,1465.1,25.05,180.7,2086.0,0,NORMAL
CARG-01,78.73,2986.51,2.14,56.81,88.13,1892.2,25.96,166.62,187.9,0,NORMAL
PALA-02,86.7,3467.1,1.03,54.78,82.41,1617.1,25.91,134.43,1514.1,0,NORMAL
PALA-03,87.47,3545.99,1.79,54.6,81.69,1646.9,27.54,205.47,2694.4,0,NORMAL
CARG-01,77.84,2886.89,7.87,56.68,78.51,1953.0,25.69,195.83,3805.2,1,FALLA_DESGASTE_RODAMIENTOS
PALA-02,83.38,3336.15,2.19,49.42,77.28,1740.4,25.55,172.12,2564.1,0,NORMAL
PALA-02,90.25,3361.17,4.28,49.83,81.09,1630.0,25.43,111.19,1179.5,0,NORMAL
PALA-02,83.87,3191.14,1.72,52.13,76.88,1646.6,26.1,206.87,298.7,0,NORMAL
PALA-03,88.4,3161.78,1.31,50.51,85.49,1554.0,26.72,93.62,3159.5,0,NORMAL
PALA-01,86.49,3370.21,3.46,45.23,78.69,1721.8,27.87,120.96,1500.0,0,NORMAL
CARG-02,77.9,3139.3,1.35,56.88,77.63,1679.7,26.09,188.37,2601.4,0,NORMAL
PALA-03,81.15,3210.9,1.99,49.01,90.0,1800.3,25.79,107.68,2099.5,0,NORMAL
PALA-03,82.16,3396.24,10.83,63.06,86.2,1926.3,27.65,208.22,3606.6,1,FALLA_DESGASTE_RODAMIENTOS
PALA-01,82.47,3565.73,1.48,54.83,76.22,1569.5,27.77,227.44,1906.8,0,NORMAL
PALA-03,86.12,3346.84,3.06,46.49,77.47,1791.5,24.99,182.3,1941.0,0,NORMAL
PALA-01,83.84,3274.03,1.78,57.33,80.22,1536.0,25.99,134.17,3042.2,0,NORMAL
PALA-01,68.79,3157.05,0.87,54.17,80.36,1772.2,26.57,114.58,2003.8,0,NORMAL
PALA-03,76.09,3068.09,2.6,55.45,79.16,1579.2,26.55,106.69,2840.7,0,NORMAL
PALA-02,72.16,3449.72,2.29,51.51,86.35,1558.4,28.17,170.54,1592.1,0,NORMAL
PALA-03,82.79,3222.38,2.33,49.34,81.84,2026.1,25.96,163.6,3406.7,0,NORMAL
PALA-01,83.08,3457.13,0.88,46.69,80.85,1977.8,25.48,167.07,264.4,0,NORMAL
PALA-02,83.27,3190.68,2.47,47.59,78.57,1635.0,25.78,208.99,1357.1,0,NORMAL
PALA-01,77.68,3133.13,2.51,47.16,76.79,1948.3,27.27,187.43,665.8,0,NORMAL
CARG-02,85.03,3325.74,4.03,52.21,78.5,1715.3,26.39,170.64,1074.9,0,NORMAL
PALA-03,85.22,3236.22,2.41,53.74,77.5,1555.5,27.68,163.37,470.1,0,NORMAL
PALA-03,76.35,3033.0,1.35,46.26,75.96,1797.9,26.92,124.31,1771.9,0,NORMAL
PALA-02,75.4,3577.13,3.28,58.51,85.31,1833.9,25.86,177.38,96.0,0,NORMAL
PALA-01,82.0,3137.14,4.42,54.71,84.72,1810.3,27.09,168.36,2066.6,0,NORMAL
CARG-02,90.06,3416.97,2.79,66.14,79.5,1517.2,27.36,197.99,3289.4,0,NORMAL
PALA-02,89.65,3401.53,1.93,51.97,86.27,1582.8,27.57,169.46,608.8,0,NORMAL
PALA-02,84.54,3023.3,0.91,65.16,83.36,1832.4,25.28,243.5,2319.9,0,NORMAL
PALA-03,78.72,3069.57,1.83,57.73,76.68,1581.7,26.62,201.76,944.6,0,NORMAL
PALA-01,85.99,3195.73,3.3,44.2,75.17,1842.2,25.51,95.3,551.9,0,NORMAL
CARG-01,79.96,3094.18,1.7,48.05,82.22,1676.5,26.16,168.38,2939.9,0,NORMAL
PALA-03,78.55,3560.76,0.84,55.59,82.9,1522.7,26.21,204.55,1681.2,0,NORMAL
PALA-02,72.35,3213.97,2.69,45.26,75.83,1561.7,26.63,138.49,280.2,0,NORMAL
PALA-01,82.46,3410.15,2.0,49.52,78.9,1774.5,26.78,137.43,1920.3,0,NORMAL
PALA-01,79.17,3342.45,1.53,46.04,84.41,1780.2,25.92,218.89,3426.7,0,NORMAL
CARG-02,82.43,3297.52,1.27,64.69,87.28,1907.4,27.37,125.65,2825.7,0,NORMAL
PALA-03,71.65,3257.26,1.65,59.49,81.34,1722.4,27.47,180.73,1969.2,0,NORMAL
PALA-01,82.76,3472.68,1.08,52.31,81.23,1696.1,26.55,156.35,3330.5,0,NORMAL
PALA-01,71.06,3101.48,2.32,61.56,79.2,1935.7,27.78,184.41,2817.6,0,NORMAL
PALA-03,86.9,3560.74,1.27,60.29,86.95,1619.3,26.34,139.86,1594.1,0,NORMAL
PALA-03,84.35,3018.3,0.55,60.55,83.22,1686.0,24.92,136.7,1672.2,0,NORMAL
PALA-02,80.75,3390.67,2.95,51.2,77.64,1777.0,25.66,198.87,3248.6,0,NORMAL
PALA-02,84.53,2997.07,2.5,52.46,84.13,1612.5,26.04,215.72,206.0,0,NORMAL
PALA-01,77.6,3193.17,1.79,48.52,78.2,1773.6,27.14,153.75,1182.9,0,NORMAL
PALA-03,82.33,3266.8,1.02,53.43,77.19,1720.5,25.61,175.27,1564.0,0,NORMAL
CARG-02,85.58,3162.39,4.05,49.94,79.21,1856.2,26.35,189.65,745.8,0,NORMAL
PALA-01,68.08,3217.3,3.09,48.63,77.56,1669.8,28.38,166.91,662.6,0,NORMAL
PALA-03,79.99,3000.35,0.84,59.66,77.38,1643.4,26.59,184.29,1780.2,0,NORMAL
PALA-02,81.9,3072.26,2.33,57.36,75.4,1950.3,27.69,220.18,2072.3,0,NORMAL
PALA-02,81.12,3339.69,1.47,49.59,78.21,1822.2,25.44,113.96,1634.2,0,NORMAL
PALA-02,88.56,3255.34,1.23,58.73,78.87,1850.4,24.78,195.08,1453.9,0,NORMAL
CARG-01,76.94,3125.7,3.57,55.54,75.59,1820.3,25.11,234.94,2484.9,0,NORMAL
PALA-02,79.2,3488.37,3.27,52.42,83.16,1639.1,27.27,197.45,2606.6,0,NORMAL
PALA-03,73.38,3030.41,1.22,61.95,73.93,1604.8,26.21,116.64,650.4,0,NORMAL
PALA-02,88.8,3184.91,1.84,55.53,79.48,1606.1,26.14,217.89,273.8,0,NORMAL
PALA-01,80.89,3158.98,1.57,62.89,83.64,1650.9,27.78,159.43,274.0,0,NORMAL
PALA-01,80.03,3360.71,1.37,56.83,85.53,1864.0,27.27,181.0,2585.3,0,NORMAL
CARG-01,81.76,3258.67,2.19,57.26,78.7,1716.9,26.77,196.43,104.2,0,NORMAL
PALA-01,84.86,3230.53,1.08,48.62,85.05,1832.8,27.36,211.19,3415.3,0,NORMAL
PALA-03,113.09,2918.04,0.95,51.21,96.92,1818.8,26.28,131.34,2485.8,1,FALLA_TERMICA
PALA-02,93.92,3405.71,1.76,61.29,90.02,1912.3,26.68,162.24,2109.6,0,NORMAL
PALA-02,84.04,3210.79,1.65,59.81,75.16,1816.2,25.43,170.06,160.2,0,NORMAL
PALA-02,79.91,3270.82,0.74,52.21,76.97,1745.6,25.79,129.61,160.0,0,NORMAL
PALA-02,79.47,3115.26,3.24,47.24,81.64,1564.1,26.19,187.51,1625.0,0,NORMAL
PALA-01,80.23,3086.95,5.34,62.3,75.95,1953.0,26.38,150.99,1373.0,0,NORMAL
PALA-02,75.24,3519.87,3.7,59.33,78.17,1847.8,27.19,163.0,1048.6,0,NORMAL
PALA-03,82.18,2930.82,0.9,48.28,82.81,1770.9,27.39,142.83,496.0,0,NORMAL
PALA-03,85.53,3060.24,3.5,48.28,81.76,1745.5,28.69,180.34,990.2,0,NORMAL
PALA-02,79.24,3516.49,1.03,63.17,80.86,1506.3,28.24,139.49,2240.3,0,NORMAL
PALA-02,78.37,3365.33,2.52,51.46,80.9,1770.6,27.32,158.65,1424.4,0,NORMAL
PALA-01,88.82,3191.42,1.58,51.55,71.16,1656.4,25.21,160.41,1126.8,0,NORMAL
PALA-01,75.58,3474.39,2.77,50.6,81.59,1523.2,27.55,141.22,3240.4,0,NORMAL
PALA-01,72.69,3330.43,1.92,55.78,78.46,1661.9,27.91,96.24,1195.5,0,NORMAL
CARG-02,76.81,3291.88,3.09,47.0,79.52,1748.9,26.51,184.0,3192.0,0,NORMAL
PALA-01,75.07,3290.6,3.75,55.19,74.64,1764.8,25.04,158.98,329.3,0,NORMAL
PALA-01,83.74,3333.74,2.12,46.97,83.69,1578.6,26.57,147.77,2901.0,0,NORMAL
PALA-02,80.38,3341.02,1.34,47.0,83.21,1556.5,27.12,158.9,1815.1,0,NORMAL
PALA-01,81.01,3645.28,2.49,47.17,76.34,1683.7,26.6,189.41,1807.8,0,NORMAL
PALA-03,87.19,3214.92,5.7,47.36,81.72,1788.5,26.08,235.45,2108.1,0,NORMAL
PALA-01,78.89,3220.47,1.13,57.61,87.59,1624.8,26.34,99.88,2338.8,0,NORMAL
PALA-01,85.49,3027.36,1.12,57.61,81.56,1666.7,27.43,174.92,2872.9,0,NORMAL
PALA-03,88.8,3240.66,1.68,53.19,72.94,1742.6,26.78,143.49,235.3,0,NORMAL
PALA-02,79.95,3585.32,1.75,50.84,78.72,1621.5,27.58,210.05,1129.8,0,NORMAL
CARG-01,85.32,3427.21,1.83,60.91,81.51,1479.2,27.27,113.97,1648.2,0,NORMAL
PALA-03,80.91,3152.14,3.71,57.47,89.46,1757.3,26.24,163.42,3377.9,0,NORMAL
PALA-02,86.16,3255.41,2.71,48.11,76.16,1510.4,27.07,154.53,261.1,0,NORMAL
PALA-03,74.93,3016.64,2.51,55.75,80.41,1759.6,27.6,120.83,1412.6,0,NORMAL
PALA-01,74.6,3075.56,2.05,55.49,76.73,1693.5,26.52,137.25,2749.8,0,NORMAL
PALA-03,80.24,3276.9,1.36,57.59,84.52,1692.5,26.94,149.27,3260.0,0,NORMAL
PALA-02,78.0,3161.0,1.71,67.75,79.53,1587.7,25.18,165.29,2830.2,0,NORMAL
PALA-02,79.67,3061.97,1.55,49.91,70.07,1680.2,26.05,76.39,3421.0,0,NORMAL
PALA-03,81.01,3338.17,2.05,56.77,79.43,1614.6,26.28,150.12,1868.9,0,NORMAL
CARG-02,85.24,3235.19,0.94,61.48,80.55,2061.7,25.58,186.74,2562.4,0,NORMAL
CARG-02,80.17,2967.84,1.07,62.59,82.55,1623.5,26.51,206.41,3090.3,0,NORMAL
PALA-03,78.29,2876.47,1.04,54.9,81.73,1844.6,27.76,171.08,1479.4,0,NORMAL
PALA-02,80.42,3147.4,0.74,47.46,83.63,1652.2,26.65,179.14,329.8,0,NORMAL
PALA-01,78.54,1939.62,3.15,18.31,80.51,1749.2,27.47,115.76,240.8,1,FALLA_PRESION_HIDRAULICA
PALA-02,111.47,2913.6,3.02,58.13,105.8,1720.9,26.97,148.15,3232.2,1,FALLA_TERMICA
PALA-02,74.74,3453.21,1.84,55.71,81.05,1700.2,27.78,116.47,57.0,0,NORMAL
PALA-02,82.31,3232.41,1.99,54.64,79.34,1696.4,26.35,153.48,1144.1,0,NORMAL
CARG-02,79.44,3202.22,0.96,55.41,83.27,1749.7,25.86,240.35,2984.5,0,NORMAL
PALA-02,86.35,3216.09,6.01,58.89,84.39,1885.2,27.03,211.16,1421.3,0,NORMAL
PALA-02,75.49,3045.19,2.1,56.73,80.83,1584.3,25.15,187.71,729.2,0,NORMAL
PALA-02,79.56,3323.98,2.2,55.93,79.03,1507.8,26.88,171.13,500.6,0,NORMAL
CARG-01,90.16,3226.47,2.48,51.03,76.67,1620.3,24.63,151.21,169.7,0,NORMAL
PALA-03,77.77,3113.67,3.32,59.2,82.42,1735.3,25.7,182.81,2283.4,0,NORMAL
PALA-03,80.94,3140.63,2.57,51.11,76.99,1684.5,26.68,138.92,1173.1,0,NORMAL
PALA-02,76.53,3029.06,2.09,58.84,81.64,1905.0,25.38,235.8,91.3,0,NORMAL
CARG-01,75.93,3176.88,1.96,52.04,81.52,1890.4,26.07,189.06,336.2,0,NORMAL
PALA-01,88.96,3206.87,1.05,56.95,85.27,1665.4,25.35,193.93,2989.3,0,NORMAL
CARG-02,82.77,3172.19,3.34,62.82,86.55,1905.4,26.97,142.74,475.6,0,NORMAL
PALA-03,82.6,3259.93,2.57,57.3,68.85,1770.5,27.31,143.87,1767.2,0,NORMAL
PALA-02,74.37,3235.87,2.12,61.08,80.19,1632.5,26.4,134.12,1246.9,0,NORMAL
PALA-02,83.61,3291.54,1.69,52.14,72.6,1705.6,28.16,116.27,749.1,0,NORMAL
PALA-03,87.21,3419.76,9.88,54.48,85.65,1696.8,26.21,208.7,3336.1,1,FALLA_DESGASTE_RODAMIENTOS
PALA-01,87.17,3356.74,1.9,52.23,80.91,1631.7,25.33,183.94,2254.3,0,NORMAL
CARG-02,85.01,3421.83,1.4,45.7,85.61,1643.9,25.26,145.53,3070.4,0,NORMAL
PALA-02,76.92,3097.41,2.92,59.34,82.03,1774.2,26.28,138.9,2124.7,0,NORMAL
PALA-02,83.41,3158.45,1.3,56.84,75.6,1672.0,26.66,211.16,1347.2,0,NORMAL
PALA-01,85.0,3367.65,3.1,56.49,77.13,1686.1,28.4,178.17,1107.5,0,NORMAL
PALA-02,73.93,3370.87,2.71,60.16,80.46,1695.1,25.54,145.21,1301.7,0,NORMAL
PALA-02,76.95,3127.85,1.97,48.32,83.28,1699.8,25.89,200.68,1313.9,0,NORMAL
PALA-02,86.0,3360.09,0.91,47.12,81.23,1830.5,26.78,226.62,1811.5,0,NORMAL
PALA-03,85.94,3080.16,2.2,60.21,81.71,1620.8,26.48,139.78,1318.9,0,NORMAL
PALA-02,75.03,3336.59,1.67,53.65,79.57,1747.6,25.92,145.37,2073.1,0,NORMAL
CARG-02,85.58,3245.27,2.94,55.07,85.52,1538.4,26.37,152.23,410.4,0,NORMAL
PALA-03,82.43,3000.8,2.06,46.66,81.58,1657.4,25.49,170.4,998.8,0,NORMAL
CARG-01,85.51,3171.87,2.86,61.36,81.19,1563.1,26.04,158.78,2539.7,0,NORMAL
PALA-01,79.14,3642.81,1.0,57.36,82.18,1914.2,25.51,108.91,2665.3,0,NORMAL
PALA-02,84.9,3286.5,1.91,51.12,79.34,1736.1,27.23,127.96,2382.4,0,NORMAL
PALA-02,85.8,3664.08,1.04,64.43,79.6,1668.9,26.99,164.46,1226.4,0,NORMAL
PALA-03,80.42,2990.09,1.25,47.18,82.93,1511.6,26.36,212.83,1589.5,0,NORMAL
CARG-02,82.08,3385.13,2.33,52.35,84.11,1559.3,26.41,167.51,678.4,0,NORMAL
PALA-01,79.08,2793.82,1.06,58.93,84.52,1822.2,26.58,192.46,3383.2,0,NORMAL
PALA-01,89.43,3249.96,1.07,59.77,80.22,1762.6,26.04,171.97,3051.9,0,NORMAL
CARG-02,81.46,3363.62,2.16,46.53,81.49,1547.1,25.05,154.39,3298.9,0,NORMAL
PALA-01,77.85,3400.82,1.08,52.58,78.57,1547.6,26.13,129.36,2014.8,0,NORMAL
PALA-03,78.78,3106.13,3.41,57.73,84.15,1941.8,26.79,173.12,1656.7,0,NORMAL
PALA-03,82.57,3437.04,0.67,61.37,77.22,1882.6,27.16,203.11,3047.6,0,NORMAL
CARG-01,85.39,3153.93,3.56,60.94,81.89,1755.4,26.46,115.66,1458.6,0,NORMAL
PALA-01,75.99,3220.46,2.73,57.5,84.52,1733.9,25.92,180.02,975.2,0,NORMAL
PALA-01,90.31,3172.0,0.86,54.45,81.5,1699.8,26.85,140.5,1783.4,0,NORMAL
PALA-03,83.39,3045.45,1.45,53.1,82.2,1569.1,26.54,172.33,635.2,0,NORMAL
CARG-02,84.1,3532.55,4.32,56.49,79.91,1823.2,25.57,134.07,2703.5,0,NORMAL
PALA-02,81.56,3258.64,2.19,61.17,73.58,1696.5,24.96,165.08,1573.0,0,NORMAL
PALA-02,82.09,3445.72,1.89,52.93,78.31,1807.6,25.97,126.87,2309.4,0,NORMAL
PALA-03,81.33,3438.05,4.64,52.63,81.18,1671.5,27.62,193.95,2065.0,0,NORMAL
CARG-02,86.58,3075.77,2.88,59.73,78.24,1763.6,26.84,161.94,2068.1,0,NORMAL
CARG-01,81.96,3468.9,1.78,59.31,82.94,1662.4,27.59,222.61,3262.1,0,NORMAL
CARG-02,85.45,3340.61,2.5,51.5,75.14,1728.3,26.37,170.68,242.6,0,NORMAL
PALA-01,80.05,3062.64,1.48,47.41,73.25,1815.7,26.37,125.04,2167.2,0,NORMAL
PALA-01,82.88,3330.79,2.13,45.43,83.78,1655.8,24.24,104.38,955.5,0,NORMAL
PALA-03,78.38,3065.87,3.56,54.65,79.75,1962.4,24.87,209.72,480.3,0,NORMAL
CARG-01,87.47,3539.16,1.85,48.48,82.39,1650.6,26.77,139.08,238.7,0,NORMAL
PALA-02,78.25,3396.48,2.1,58.48,78.92,1736.4,26.55,125.49,2913.8,0,NORMAL
PALA-01,80.54,3237.19,1.28,45.42,83.26,1885.8,24.59,207.06,1425.9,0,NORMAL
CARG-01,80.58,3477.66,3.52,62.07,86.43,1894.0,26.51,144.78,2461.2,0,NORMAL
PALA-01,80.41,2965.24,1.87,52.32,86.71,1776.1,27.2,191.95,3266.1,0,NORMAL
PALA-02,85.25,3115.12,1.46,50.01,78.41,1752.3,26.65,172.35,2998.8,0,NORMAL
PALA-03,80.58,3204.56,1.44,51.29,79.31,1728.3,25.97,92.97,885.5,0,NORMAL
PALA-03,88.27,3652.42,3.4,49.68,81.68,1882.8,24.41,182.41,2241.9,0,NORMAL
CARG-01,78.32,3057.31,2.0,61.57,88.48,1834.9,20.04,125.95,1078.3,1,FALLA_ELECTRICA
PALA-02,82.76,2942.68,3.03,57.36,76.39,1850.8,25.69,116.83,219.1,0,NORMAL
PALA-03,78.51,2990.01,1.47,54.48,76.42,1916.1,26.81,82.42,3182.5,0,NORMAL
PALA-03,113.09,3413.12,2.37,47.99,102.25,1775.0,26.96,119.56,2481.7,1,FALLA_TERMICA
PALA-03,81.93,3143.05,3.35,53.72,78.34,1671.2,27.14,147.49,2931.0,0,NORMAL
PALA-03,81.3,3221.36,3.82,50.15,83.64,1762.2,26.7,162.78,991.8,0,NORMAL
PALA-02,87.35,3387.31,2.05,40.85,78.66,1726.7,26.12,165.27,1012.5,0,NORMAL
PALA-01,79.06,2274.31,2.08,26.1,82.41,1697.3,26.87,190.91,755.4,1,FALLA_PRESION_HIDRAULICA
PALA-01,84.64,3286.75,3.01,57.03,78.96,1671.5,25.59,100.46,1032.8,0,NORMAL
PALA-01,78.54,3346.34,1.83,51.87,76.98,1785.7,27.46,87.16,415.7,0,NORMAL
PALA-03,82.51,3172.48,2.57,53.28,81.59,1796.5,25.85,246.87,2577.1,0,NORMAL
CARG-01,76.62,3220.06,2.71,59.2,76.15,1636.5,27.85,158.0,3399.7,0,NORMAL
CARG-01,79.02,3293.55,0.79,58.31,82.83,1757.9,26.2,178.7,3183.0,0,NORMAL
CARG-01,81.63,3406.27,3.03,63.8,80.06,1914.8,26.8,109.63,556.4,0,NORMAL
PALA-02,90.17,3107.37,3.52,43.03,75.56,1630.4,26.5,183.86,778.0,0,NORMAL
PALA-02,82.45,2706.3,1.76,49.79,82.2,1884.3,24.96,196.69,1293.6,0,NORMAL
PALA-02,89.45,3372.32,3.25,58.54,82.12,1615.1,26.83,93.17,738.6,0,NORMAL
PALA-01,82.99,3416.99,2.03,56.16,71.59,1763.4,25.78,177.09,2418.6,0,NORMAL
PALA-01,80.26,4371.11,3.03,54.5,80.8,1506.3,26.3,360.62,2627.7,1,FALLA_SOBRECARGA
PALA-03,88.93,3298.29,10.71,50.98,81.04,1796.8,26.44,72.72,3459.2,1,FALLA_DESGASTE_RODAMIENTOS
CARG-02,83.97,3148.42,1.72,55.13,81.37,1693.5,25.58,166.38,2063.2,0,NORMAL
PALA-01,79.11,3340.03,1.08,54.84,73.72,1510.6,25.92,137.16,925.4,0,NORMAL
PALA-01,84.12,3403.57,2.18,44.74,82.41,1663.5,27.4,176.12,466.9,0,NORMAL
CARG-01,80.68,3260.17,0.22,55.07,83.05,1931.9,25.35,184.45,1733.7,0,NORMAL
PALA-02,73.05,3698.42,1.77,51.41,77.25,1788.4,26.87,176.41,3117.1,0,NORMAL
CARG-01,86.21,2968.53,0.75,58.21,75.4,1733.6,26.1,149.27,996.9,0,NORMAL
CARG-01,86.93,3279.33,3.44,55.72,77.08,1783.6,27.2,144.85,1175.9,0,NORMAL
CARG-02,90.27,3038.62,4.45,63.78,81.52,1841.2,26.96,167.41,2525.6,0,NORMAL
PALA-02,83.9,3408.37,2.51,54.0,76.05,1902.8,25.84,150.95,1231.8,0,NORMAL
PALA-03,80.88,2965.33,3.34,48.54,75.59,1685.1,26.95,108.24,3058.8,0,NORMAL
PALA-02,85.76,3009.89,1.29,41.56,89.4,1791.1,25.94,166.79,3036.3,0,NORMAL
PALA-03,85.82,3136.03,1.71,49.31,80.98,1777.0,27.77,153.61,3154.4,0,NORMAL
PALA-02,89.37,3297.85,2.57,55.89,79.76,1732.8,26.5,153.56,2706.9,0,NORMAL
PALA-01,81.8,3142.82,2.16,57.16,78.32,1697.6,26.13,147.5,253.8,0,NORMAL
PALA-03,81.25,3144.62,1.7,50.97,79.31,1912.5,26.06,153.07,1880.7,0,NORMAL
PALA-03,78.78,3217.44,5.73,51.85,88.21,1751.6,26.12,137.22,1693.0,0,NORMAL
CARG-01,84.42,3206.4,1.2,54.35,84.27,1573.9,26.17,189.99,1643.8,0,NORMAL
CARG-01,75.03,3517.74,5.51,55.9,90.55,1371.4,26.97,144.74,2309.9,0,NORMAL
PALA-03,85.49,3373.46,2.58,59.1,82.57,1834.5,26.0,162.8,2644.2,0,NORMAL
PALA-01,84.65,3191.58,2.16,51.06,77.18,1668.4,25.73,135.25,1917.7,0,NORMAL
CARG-01,84.63,3627.46,1.83,50.29,82.08,1701.7,27.26,121.69,2651.2,0,NORMAL
PALA-03,82.62,3338.5,1.25,64.12,83.19,1768.9,27.49,156.02,888.1,0,NORMAL
CARG-02,88.9,3075.59,1.35,62.92,83.46,2015.3,25.78,183.68,2259.9,0,NORMAL
CARG-02,85.92,3296.17,4.0,51.35,79.23,1882.4,26.17,196.29,2160.3,0,NORMAL
PALA-01,79.27,3346.39,13.38,59.71,88.22,1692.8,27.39,185.03,3297.8,1,FALLA_DESGASTE_RODAMIENTOS
CARG-01,79.35,3126.23,1.62,65.02,75.92,1807.7,26.77,126.94,1788.5,0,NORMAL
PALA-01,78.04,3060.55,1.83,60.58,82.36,1647.7,27.68,161.94,3464.2,0,NORMAL
PALA-02,84.48,3265.56,3.74,50.19,79.83,1812.9,26.96,157.06,2464.1,0,NORMAL
PALA-03,77.5,3185.16,1.52,54.52,77.89,1621.3,26.79,185.46,1584.0,0,NORMAL
PALA-01,86.88,3516.24,0.63,45.24,81.99,1741.9,26.11,177.82,2492.4,0,NORMAL
CARG-01,116.52,3383.41,1.12,49.18,110.09,1745.9,25.62,138.11,1371.2,1,FALLA_TERMICA
PALA-01,78.04,3134.66,1.57,53.92,82.62,1593.8,25.43,172.17,1145.0,0,NORMAL
PALA-01,81.17,3326.67,1.84,55.1,82.09,1649.4,26.38,180.0,1782.8,0,NORMAL
PALA-03,82.07,3478.08,1.55,50.54,72.92,1459.1,27.53,171.51,1598.5,0,NORMAL
CARG-01,85.98,2999.12,2.09,40.24,84.68,1674.5,25.56,158.72,3329.0,0,NORMAL
CARG-02,89.24,3065.9,1.41,54.97,79.38,1853.9,26.3,137.01,3427.0,0,NORMAL
CARG-01,74.42,3247.99,2.74,57.64,83.14,1959.9,25.07,145.93,1167.8,0,NORMAL
PALA-03,80.57,3256.41,3.65,57.83,84.68,1899.0,27.51,235.75,279.8,0,NORMAL
PALA-02,80.8,3240.6,1.21,52.97,81.77,1673.7,25.75,118.55,746.7,0,NORMAL
PALA-01,75.7,3194.06,1.86,53.32,73.0,1719.2,28.21,225.87,3247.2,0,NORMAL
PALA-01,79.82,3191.31,1.43,55.23,86.67,1711.5,26.77,225.61,572.9,0,NORMAL
PALA-03,83.92,3319.17,2.96,56.04,88.22,1694.9,27.63,114.49,2181.2,0,NORMAL
PALA-03,80.75,3454.11,1.17,53.53,84.25,1836.9,25.01,138.22,184.8,0,NORMAL
PALA-02,75.05,3163.43,2.88,42.39,78.09,1653.8,24.42,149.23,1799.0,0,NORMAL
CARG-01,114.25,3688.91,1.79,60.99,108.13,1894.3,26.09,138.46,1453.9,1,FALLA_TERMICA
PALA-03,83.2,3602.92,4.75,51.68,79.87,1736.6,26.43,138.8,2501.5,0,NORMAL
PALA-01,82.5,3489.27,2.89,47.88,80.73,1580.1,26.9,184.39,1813.5,0,NORMAL
PALA-01,77.06,3362.05,3.88,52.04,85.79,1708.3,27.63,168.95,1723.5,0,NORMAL
CARG-01,83.17,3611.44,3.91,54.56,83.59,1777.5,26.15,179.25,2204.7,0,NORMAL
CARG-01,81.26,3197.78,1.52,50.95,71.59,1837.2,26.06,154.62,2469.0,0,NORMAL
CARG-02,73.5,3100.13,2.49,51.3,81.83,1810.5,26.22,152.18,2284.5,0,NORMAL
PALA-01,77.18,3155.33,3.56,52.38,85.74,1682.1,26.69,133.79,3098.2,0,NORMAL
CARG-02,85.58,3069.47,2.8,55.81,75.55,1657.8,25.41,176.77,444.4,0,NORMAL
PALA-01,90.75,3271.92,0.42,50.01,84.91,1927.7,24.96,195.67,3355.3,0,NORMAL
PALA-01,83.65,3303.97,0.91,55.69,74.32,1723.2,26.66,119.84,2387.1,0,NORMAL
CARG-02,86.96,3286.15,1.46,47.1,80.14,1584.0,25.32,187.49,732.4,0,NORMAL
PALA-02,81.3,3247.76,0.82,64.03,83.17,1649.8,27.31,169.61,1476.4,0,NORMAL
PALA-03,81.61,3273.97,4.9,59.36,79.99,1484.6,24.63,119.52,1116.2,0,NORMAL
PALA-01,86.91,3562.54,4.78,52.63,85.71,1524.5,25.77,109.5,2523.3,0,NORMAL
PALA-03,89.48,3361.61,1.24,55.67,75.34,1656.4,25.32,150.32,3484.6,0,NORMAL
CARG-02,87.85,3416.05,2.16,48.16,84.26,1624.5,25.86,141.91,3046.1,0,NORMAL
PALA-02,77.2,3284.34,1.23,56.81,81.21,1637.6,25.7,196.49,3023.8,0,NORMAL
PALA-03,81.7,2959.19,2.62,58.23,77.59,1812.4,27.3,146.3,1471.4,0,NORMAL
PALA-01,83.25,2923.5,1.52,55.33,82.76,1824.9,28.65,141.03,1553.9,0,NORMAL
PALA-03,80.83,3624.91,1.65,58.51,80.72,1580.2,25.42,144.53,752.5,0,NORMAL
PALA-02,83.75,3154.27,5.17,53.96,86.92,1947.0,25.85,151.77,1331.8,0,NORMAL
PALA-01,85.69,3138.98,2.54,53.49,83.33,1732.1,26.28,169.78,2219.9,0,NORMAL
PALA-02,86.51,3294.22,3.51,50.7,82.65,1720.9,25.55,197.3,2954.4,0,NORMAL
PALA-01,89.59,3349.07,3.1,56.78,78.31,1625.0,26.85,116.84,252.9,0,NORMAL
CARG-02,80.52,3371.84,2.42,49.82,81.59,1684.0,25.29,173.87,3314.3,0,NORMAL
PALA-02,75.86,3569.4,1.21,56.07,78.7,1963.4,26.89,113.17,887.6,0,NORMAL
PALA-01,83.61,3520.13,0.36,55.52,80.75,1590.2,26.47,196.6,740.8,0,NORMAL
PALA-02,90.48,3104.03,1.89,60.72,85.98,1752.1,21.0,105.58,1422.8,1,FALLA_ELECTRICA
PALA-02,79.85,3424.37,1.57,56.92,79.86,1654.9,26.39,202.84,2248.2,0,NORMAL
CARG-01,85.09,3180.86,0.83,45.22,75.22,1502.8,26.99,193.02,2013.7,0,NORMAL
CARG-02,85.13,3225.25,2.2,50.68,82.98,1535.7,26.83,132.54,920.5,0,NORMAL
PALA-02,82.86,3053.08,1.25,50.55,84.15,1793.3,26.26,141.3,3356.4,0,NORMAL
CARG-02,82.03,2945.25,4.91,50.34,87.36,1513.3,26.85,93.64,2112.8,0,NORMAL
PALA-03,77.84,2144.96,2.04,33.65,84.46,1571.8,27.54,98.36,2884.7,1,FALLA_PRESION_HIDRAULICA
PALA-01,71.73,3077.92,0.51,42.98,79.91,1818.6,24.97,149.52,3206.4,0,NORMAL
PALA-03,77.0,3417.01,2.65,61.12,82.04,1804.1,24.78,166.7,1430.8,0,NORMAL
PALA-03,80.24,3199.41,2.74,58.99,82.56,1727.0,27.44,196.4,847.9,0,NORMAL
PALA-03,86.94,3305.55,4.0,54.93,82.74,1578.6,27.12,150.13,2258.1,0,NORMAL
CARG-02,81.54,3496.15,2.22,55.75,71.1,1578.2,27.54,155.28,1211.1,0,NORMAL
PALA-02,79.66,2982.65,3.01,54.38,78.71,1561.1,26.31,116.0,1376.4,0,NORMAL
CARG-02,77.99,3119.57,2.06,54.79,82.91,1704.0,27.8,154.86,524.4,0,NORMAL
CARG-01,84.96,3282.56,1.46,59.63,85.4,1796.9,28.71,163.39,2879.0,0,NORMAL
PALA-02,88.11,3306.25,3.36,52.88,78.46,1669.1,27.32,180.56,2741.4,0,NORMAL
PALA-03,86.79,3448.63,0.98,57.0,79.34,1826.2,26.87,158.36,2249.9,0,NORMAL
PALA-02,84.73,3406.09,3.04,49.64,80.05,1913.2,26.99,192.87,1363.3,0,NORMAL
CARG-02,75.36,3267.45,1.17,56.66,80.46,1766.9,26.53,160.75,3395.3,0,NORMAL
PALA-03,80.42,3304.61,4.02,52.64,84.42,1569.6,26.66,155.27,1288.6,0,NORMAL
PALA-01,90.76,3309.59,1.51,56.14,78.05,1730.3,26.76,187.99,2185.1,0,NORMAL
PALA-02,87.05,2985.45,1.62,49.68,84.46,1882.4,28.22,188.24,563.0,0,NORMAL
PALA-03,75.08,3221.85,0.9,56.25,86.68,1644.3,25.79,148.72,535.4,0,NORMAL
PALA-01,81.75,3294.73,2.05,53.77,79.43,1641.1,26.22,223.05,3346.3,0,NORMAL
PALA-01,83.63,3332.54,2.07,61.82,79.28,1856.8,26.4,169.17,2559.3,0,NORMAL
PALA-02,78.57,3083.61,5.58,55.29,81.63,1547.7,26.9,163.97,139.8,0,NORMAL
PALA-02,71.61,3021.62,3.53,56.47,78.65,1743.8,26.6,149.01,2253.0,0,NORMAL
PALA-02,82.44,3207.78,1.38,51.79,80.65,1645.9,25.37,175.67,213.3,0,NORMAL
PALA-02,78.46,3604.13,2.37,55.56,75.12,1668.1,26.46,190.5,2618.0,0,NORMAL
PALA-01,78.47,3102.54,1.78,56.37,84.42,1924.4,26.32,163.27,239.5,0,NORMAL
PALA-03,80.4,3461.31,1.32,52.23,87.65,1662.3,26.39,167.62,1319.6,0,NORMAL
PALA-03,81.4,3535.25,1.45,51.84,78.31,1734.6,27.07,120.87,1351.8,0,NORMAL
PALA-01,81.96,3258.18,1.62,49.97,74.42,1843.8,27.36,130.69,2091.8,0,NORMAL
PALA-02,78.02,3127.63,10.24,53.62,84.68,1566.1,25.73,133.0,2899.7,1,FALLA_DESGASTE_RODAMIENTOS
PALA-03,81.01,3342.31,1.62,50.73,79.33,1820.3,27.94,168.65,2440.4,0,NORMAL
PALA-01,74.09,3285.1,0.44,55.46,78.33,1666.2,25.2,120.39,1898.4,0,NORMAL
PALA-01,83.4,3095.36,1.86,50.05,80.51,1566.4,25.83,89.61,1206.3,0,NORMAL
PALA-01,69.15,3131.42,2.05,53.39,76.12,1660.9,26.22,111.09,2718.3,0,NORMAL
CARG-01,80.7,4333.25,3.17,49.27,82.93,1727.5,26.96,358.06,2131.3,1,FALLA_SOBRECARGA
CARG-01,86.14,3418.02,1.18,59.72,75.94,1748.8,25.02,218.66,3148.0,0,NORMAL
CARG-01,77.23,3191.9,2.6,54.12,76.26,1630.1,28.17,193.21,1843.1,0,NORMAL
CARG-01,85.22,3237.56,5.26,54.08,76.21,1694.1,24.96,122.14,1142.7,0,NORMAL
PALA-03,87.2,3370.35,1.46,56.98,81.66,1552.9,27.64,130.01,69.0,0,NORMAL
PALA-02,67.11,3218.95,2.07,62.88,73.75,1635.1,26.07,137.96,2019.1,0,NORMAL
PALA-03,81.32,3196.12,4.64,54.41,89.35,1556.6,26.48,105.82,3163.7,0,NORMAL
PALA-01,69.06,3114.04,2.01,46.55,79.5,1710.5,24.62,152.89,499.5,0,NORMAL
PALA-03,81.47,3110.92,0.95,59.91,72.54,1619.5,26.99,175.94,3422.0,0,NORMAL
CARG-01,81.97,3730.4,1.91,47.21,76.76,1969.0,26.28,125.52,2268.8,0,NORMAL
PALA-03,70.83,3214.68,4.5,51.52,83.4,1766.0,27.34,118.09,897.7,0,NORMAL
PALA-02,90.66,3495.71,4.76,59.96,86.39,1524.8,25.29,187.25,3314.7,0,NORMAL
PALA-02,83.29,3553.12,3.28,52.32,81.65,1630.4,27.54,128.26,3464.8,0,NORMAL
PALA-03,78.18,3216.96,2.75,51.14,81.34,1804.3,25.03,132.29,154.6,0,NORMAL
PALA-03,88.59,3316.32,1.68,55.41,74.88,1749.4,26.6,76.16,3341.9,0,NORMAL
CARG-02,73.92,3268.45,1.79,54.05,86.96,1531.5,25.23,192.17,957.8,0,NORMAL
PALA-02,76.47,2959.81,1.21,50.53,83.22,1625.5,27.97,206.06,2588.5,0,NORMAL
CARG-01,71.65,2970.64,1.1,58.39,82.28,1797.2,27.16,148.56,1019.4,0,NORMAL
PALA-03,90.1,3258.79,2.88,60.14,81.07,1764.5,27.68,157.71,1619.8,0,NORMAL
CARG-02,83.5,3173.52,1.77,60.94,83.12,1789.1,26.19,176.77,980.5,0,NORMAL
PALA-03,84.97,3590.48,2.85,56.76,77.8,1686.4,26.15,183.1,2535.6,0,NORMAL
PALA-03,83.35,3207.42,0.84,50.49,84.76,1617.2,26.37,157.18,2822.0,0,NORMAL
PALA-03,84.58,3601.17,1.53,47.72,84.21,1566.9,26.29,139.46,2573.6,0,NORMAL
CARG-01,82.35,3164.25,0.75,42.42,80.61,1833.9,26.08,154.39,3359.0,0,NORMAL
CARG-02,83.22,3594.2,4.13,59.17,79.91,1953.2,26.23,146.44,544.1,0,NORMAL
PALA-01,82.48,3341.16,2.96,54.97,72.37,1753.2,27.34,168.29,2044.1,0,NORMAL
PALA-01,79.26,3351.39,2.02,51.91,74.07,1832.3,27.18,122.09,3312.7,0,NORMAL
CARG-02,81.79,3157.88,3.87,44.33,83.18,1624.1,17.63,200.84,1649.8,1,FALLA_ELECTRICA
PALA-03,83.23,3353.85,1.21,48.08,84.62,1717.5,26.97,228.99,3114.7,0,NORMAL
PALA-03,82.5,3554.69,3.87,45.17,85.28,1712.4,25.28,134.67,86.4,0,NORMAL
PALA-02,75.35,3223.93,0.34,61.21,75.61,1766.2,27.59,132.54,3310.8,0,NORMAL
PALA-01,75.95,3188.91,2.45,57.18,90.17,1729.3,25.64,130.2,224.6,0,NORMAL
CARG-01,86.87,3205.58,0.83,47.47,85.0,2053.2,27.04,143.37,252.9,0,NORMAL
CARG-01,80.62,3541.62,2.24,62.18,78.71,1816.0,26.91,221.01,1294.9,0,NORMAL
PALA-02,84.63,3403.96,1.62,50.39,81.65,1875.9,26.16,139.85,2937.1,0,NORMAL
PALA-02,77.09,3510.58,1.86,55.75,74.21,1752.5,26.09,164.48,348.3,0,NORMAL
CARG-01,75.37,3306.45,4.08,55.76,78.53,1464.9,26.22,143.58,3254.4,0,NORMAL
PALA-01,78.2,3257.08,3.81,53.53,83.15,1773.8,26.79,88.19,819.1,0,NORMAL
CARG-02,81.0,3326.31,3.75,52.48,81.25,1851.4,27.07,140.54,220.4,0,NORMAL
PALA-02,79.01,3442.63,4.5,54.17,87.97,1887.2,28.17,158.34,1994.7,0,NORMAL
PALA-03,87.82,3205.52,1.91,52.6,75.08,1711.9,27.79,213.24,2911.0,0,NORMAL
CARG-02,82.81,3496.36,2.02,55.25,80.53,1547.8,26.86,98.75,3404.6,0,NORMAL
PALA-03,90.32,3315.85,1.76,55.44,76.45,1685.3,26.61,193.04,867.6,0,NORMAL
PALA-02,83.82,2816.87,2.09,51.38,87.14,1546.0,25.97,167.89,2977.7,0,NORMAL
PALA-03,71.14,3409.03,5.78,59.51,82.06,1874.5,26.92,156.43,539.2,0,NORMAL
PALA-02,86.75,3020.99,2.81,49.81,81.03,1774.5,27.5,123.39,2633.3,0,NORMAL
PALA-02,75.21,3404.65,1.27,55.95,80.47,1658.5,27.32,202.9,162.4,0,NORMAL
CARG-02,83.04,3412.27,0.79,52.3,77.49,1809.1,26.63,171.59,1388.9,0,NORMAL
CARG-01,78.51,3309.38,0.68,49.66,85.79,1896.3,25.92,158.31,2849.5,0,NORMAL
PALA-03,91.64,3347.86,0.9,52.61,81.68,1814.1,26.51,156.24,494.1,0,NORMAL
PALA-02,88.48,3447.8,2.21,50.7,81.98,1960.0,26.98,192.39,2123.3,0,NORMAL
PALA-01,78.66,3160.79,1.19,57.29,83.33,1613.7,27.35,129.8,2912.1,0,NORMAL
PALA-01,81.43,3392.82,2.28,53.53,77.55,1836.8,26.59,209.8,764.7,0,NORMAL
PALA-03,83.1,3459.34,0.94,60.85,88.98,1544.9,27.16,236.64,2818.6,0,NORMAL
CARG-01,85.89,3566.81,2.14,49.24,87.28,1947.3,27.25,149.12,1106.6,0,NORMAL
PALA-03,82.13,3050.96,1.07,43.02,80.86,1807.4,26.17,205.11,1437.4,0,NORMAL
CARG-01,77.39,3323.53,1.2,55.97,79.8,1675.2,25.94,139.31,2641.4,0,NORMAL
PALA-01,78.77,3076.93,2.01,62.61,83.56,1581.3,27.76,120.12,2890.1,0,NORMAL
PALA-02,81.98,3069.29,1.48,56.44,85.48,1655.2,26.97,139.4,1093.1,0,NORMAL
PALA-01,111.95,3314.62,2.99,49.29,110.37,1688.9,26.85,174.17,810.3,1,FALLA_TERMICA
PALA-02,83.93,3263.94,2.96,48.89,83.58,1745.9,25.97,151.37,1979.3,0,NORMAL
PALA-01,78.52,3456.1,2.16,64.13,81.55,1718.0,24.76,173.9,2037.4,0,NORMAL
CARG-02,84.92,3187.69,3.73,52.1,81.55,1644.0,26.78,168.87,354.4,0,NORMAL
PALA-01,80.26,3225.87,1.18,48.93,73.48,1858.9,26.79,144.77,2007.6,0,NORMAL
CARG-02,86.01,3288.07,1.05,59.95,79.28,1516.1,26.95,116.81,2244.8,0,NORMAL
PALA-02,93.37,3094.87,0.74,53.26,82.44,1788.8,26.4,158.62,389.2,0,NORMAL
CARG-02,80.39,3119.85,2.25,43.86,71.97,1742.3,25.95,111.58,2866.9,0,NORMAL
PALA-03,85.61,3450.9,0.88,64.41,81.72,1719.2,26.62,162.17,1778.7,0,NORMAL
CARG-02,78.65,3151.19,1.56,56.92,77.75,1795.6,27.41,171.45,2123.5,0,NORMAL
PALA-01,81.49,3462.85,1.29,46.44,87.31,1639.9,26.84,78.22,1839.9,0,NORMAL
CARG-01,82.13,3359.32,0.81,60.98,79.86,1627.6,25.33,204.15,1713.3,0,NORMAL
CARG-02,81.13,2971.44,1.6,48.76,79.95,1685.3,26.26,147.9,1081.0,0,NORMAL
PALA-01,93.08,3345.47,1.36,48.46,80.45,1656.8,25.88,177.61,1312.1,0,NORMAL
PALA-01,80.62,3344.05,1.73,49.54,80.98,1691.6,27.68,136.93,2505.3,0,NORMAL
PALA-02,84.64,3326.13,2.22,63.7,84.17,1806.4,26.23,145.5,2228.8,0,NORMAL
CARG-02,73.31,3224.46,4.73,64.23,79.62,1733.3,27.6,215.99,2142.8,0,NORMAL
PALA-03,83.94,3080.79,1.33,51.26,81.09,1723.6,26.58,112.42,2821.3,0,NORMAL
PALA-03,87.14,3492.32,2.61,62.53,84.2,1747.7,26.07,141.92,1904.0,0,NORMAL
PALA-01,79.63,3231.72,1.04,42.56,81.03,1680.4,25.63,161.57,1089.7,0,NORMAL
PALA-01,70.7,3090.99,4.32,58.57,83.62,1828.4,26.12,73.39,2099.3,0,NORMAL
CARG-01,81.83,3332.34,1.78,60.82,79.22,1787.9,26.41,127.32,2736.2,0,NORMAL
PALA-01,82.08,3116.3,3.72,61.53,82.4,1720.7,25.51,188.28,3093.4,0,NORMAL
PALA-03,85.26,3079.16,2.34,54.38,86.24,1584.1,26.91,114.94,1752.4,0,NORMAL
CARG-02,91.05,4234.9,2.57,56.83,83.41,1877.1,25.72,305.67,1283.3,1,FALLA_SOBRECARGA
PALA-01,80.29,3130.23,0.31,50.41,73.52,1799.7,25.23,171.72,2980.7,0,NORMAL
PALA-03,78.15,3085.8,3.95,54.13,83.22,1788.1,25.34,177.57,1506.8,0,NORMAL
PALA-01,76.75,3395.15,2.9,53.18,76.38,1923.9,26.02,122.86,3377.9,0,NORMAL
PALA-03,82.89,3229.51,6.0,52.89,77.3,1803.5,26.84,165.49,1540.2,0,NORMAL
PALA-01,84.16,3475.41,2.1,59.67,82.97,1714.2,27.71,118.86,3453.1,0,NORMAL
CARG-01,79.54,3096.19,3.37,55.07,77.12,1658.7,26.21,149.52,389.0,0,NORMAL
PALA-02,85.5,2939.04,3.13,62.47,76.56,1654.0,26.67,190.27,1240.2,0,NORMAL
PALA-02,84.09,3276.78,3.02,55.24,80.99,1753.1,26.34,130.15,1008.0,0,NORMAL
PALA-03,108.87,3584.08,2.9,64.96,97.69,1836.0,24.7,178.53,3478.6,1,FALLA_TERMICA
PALA-01,77.94,3345.58,1.18,60.14,74.48,1837.4,26.7,157.24,3012.4,0,NORMAL
CARG-01,79.83,3828.77,2.03,53.57,83.22,1554.3,26.38,186.5,2596.9,0,NORMAL
PALA-02,71.07,3309.77,1.16,54.87,84.94,1830.9,25.14,91.03,3216.0,0,NORMAL
PALA-03,83.06,3292.4,2.28,49.8,84.62,1684.4,27.75,201.16,3209.0,0,NORMAL
PALA-01,82.12,2862.03,2.46,54.8,77.41,1649.4,26.88,96.83,735.1,0,NORMAL
PALA-03,82.85,3327.03,0.95,49.09,82.64,1763.9,25.07,116.98,1227.3,0,NORMAL
PALA-01,84.27,3280.36,1.24,60.65,79.02,1814.5,26.82,199.99,216.3,0,NORMAL
PALA-02,83.74,3176.66,1.68,52.28,75.93,1572.0,28.82,157.33,1114.5,0,NORMAL
PALA-01,81.5,3225.38,1.16,55.78,78.01,1746.1,26.41,144.47,2512.4,0,NORMAL
CARG-01,82.22,3237.74,1.3,42.59,69.72,1525.5,26.95,192.94,2509.8,0,NORMAL
PALA-02,75.68,3217.61,2.42,52.66,76.77,1815.0,25.95,155.47,1584.4,0,NORMAL
CARG-02,79.37,3626.15,1.73,52.14,75.13,1586.8,26.04,125.27,632.2,0,NORMAL
CARG-02,82.23,3183.24,3.0,58.6,81.81,1742.9,27.65,203.64,206.4,0,NORMAL
PALA-01,78.69,3280.48,1.71,56.61,82.17,1676.0,26.91,169.19,909.1,0,NORMAL
PALA-03,85.87,3177.3,2.58,59.09,74.24,1651.5,27.26,115.2,336.2,0,NORMAL
PALA-01,79.04,3391.02,1.3,56.21,84.31,1479.9,26.21,133.02,3466.8,0,NORMAL
PALA-02,82.97,3281.82,1.67,60.15,78.57,1552.1,26.76,124.85,555.5,0,NORMAL
CARG-01,82.52,3199.62,2.27,56.1,76.72,1711.0,26.34,118.57,2851.8,0,NORMAL
PALA-03,85.36,2903.33,2.01,47.12,73.84,1608.4,26.89,155.25,1335.6,0,NORMAL
PALA-03,86.05,3293.8,0.75,53.55,77.8,1681.8,26.31,157.33,2186.3,0,NORMAL
PALA-02,85.12,3194.28,0.22,53.81,80.44,1625.6,27.82,174.84,1904.6,0,NORMAL
PALA-02,72.52,3239.07,1.86,37.67,84.98,1686.6,26.21,179.58,243.9,0,NORMAL
PALA-01,87.37,3037.16,2.86,48.92,80.58,1575.8,26.74,189.59,3178.0,0,NORMAL
CARG-01,88.87,3507.99,2.03,64.21,79.74,1662.9,24.96,195.67,3156.3,0,NORMAL
PALA-03,79.83,3404.21,0.94,52.63,83.32,1687.8,27.35,177.03,1078.2,0,NORMAL
CARG-01,83.06,3507.53,3.16,53.47,81.56,1723.5,25.46,172.47,510.4,0,NORMAL
PALA-01,77.99,3456.46,0.55,43.11,74.98,1501.0,25.88,193.87,400.1,0,NORMAL
PALA-02,73.23,3356.62,2.56,47.26,79.25,1726.1,25.41,174.45,2964.1,0,NORMAL
PALA-02,78.68,3044.39,1.21,56.42,78.7,1586.6,25.26,126.65,2063.2,0,NORMAL
PALA-01,79.57,3581.81,2.17,51.68,80.4,1556.1,27.18,111.25,1341.8,0,NORMAL
PALA-02,80.4,3083.03,0.79,48.46,79.1,1867.8,25.77,124.1,1226.0,0,NORMAL
CARG-01,77.68,3201.69,2.12,60.49,77.77,1807.5,25.23,171.03,1935.0,0,NORMAL
CARG-02,78.7,3377.24,4.25,50.49,86.86,1786.1,25.18,149.3,988.4,0,NORMAL
PALA-03,81.95,3386.18,1.69,47.5,80.82,1693.5,27.29,167.95,117.6,0,NORMAL
PALA-02,78.53,3353.0,1.96,54.2,82.91,1650.3,26.11,150.98,1481.9,0,NORMAL
PALA-01,84.45,3177.95,2.42,49.93,80.53,1898.5,26.36,127.82,3072.5,0,NORMAL
CARG-02,85.07,3140.75,1.78,49.92,84.26,1736.2,27.14,69.24,2820.4,0,NORMAL
PALA-01,92.71,3706.22,3.95,53.69,80.64,1612.1,26.87,117.3,3195.0,0,NORMAL
CARG-02,87.07,3242.92,0.81,50.78,84.89,1600.6,26.55,221.16,2341.9,0,NORMAL
PALA-02,83.09,3220.88,2.03,45.67,69.52,1757.3,27.42,193.7,221.9,0,NORMAL
PALA-02,79.21,3121.56,2.55,56.79,81.4,1678.2,25.37,133.79,1659.7,0,NORMAL
CARG-02,83.32,3294.04,2.45,58.33,82.04,1844.0,26.15,141.28,123.3,0,NORMAL
PALA-01,83.47,3285.64,1.45,52.75,82.22,1728.7,27.13,142.42,3395.6,0,NORMAL
PALA-03,79.69,3247.08,3.65,57.1,76.66,1575.9,27.88,198.16,2399.9,0,NORMAL
PALA-03,85.53,3318.71,3.09,52.16,78.11,1943.3,27.96,191.82,106.0,0,NORMAL
PALA-01,75.71,3567.44,1.12,44.45,76.83,1597.5,25.44,193.73,3370.5,0,NORMAL
PALA-02,80.9,3142.89,3.7,58.48,82.95,1573.4,26.46,124.55,1336.7,0,NORMAL
PALA-03,84.5,3257.76,0.92,53.5,84.62,1709.9,26.79,222.5,564.2,0,NORMAL
CARG-01,80.71,3133.39,1.83,54.75,74.42,1775.9,26.27,149.83,2562.3,0,NORMAL
PALA-01,81.07,3303.05,2.91,53.47,81.82,1612.1,26.96,189.32,577.1,0,NORMAL
CARG-02,81.38,3147.68,1.08,53.09,77.54,1803.5,28.21,170.23,814.8,0,NORMAL
PALA-01,78.24,3155.42,3.22,54.71,87.99,1660.8,25.68,100.13,351.8,0,NORMAL
PALA-01,87.28,2987.29,1.72,54.81,83.25,2013.4,25.4,141.97,2471.2,0,NORMAL
PALA-02,77.42,3267.6,2.74,60.32,79.59,1760.0,26.91,158.59,782.4,0,NORMAL
PALA-01,83.43,3327.36,3.48,56.19,80.46,1589.8,26.03,131.14,2864.4,0,NORMAL
PALA-01,83.86,3584.89,1.66,59.88,86.19,1635.6,26.94,108.18,2189.3,0,NORMAL
CARG-02,77.73,3334.51,3.68,61.54,81.23,1779.2,26.56,143.92,1393.7,0,NORMAL
PALA-02,82.33,3169.06,1.75,45.94,73.85,1622.5,26.25,205.77,3403.6,0,NORMAL
PALA-01,77.91,3005.26,4.49,60.38,87.07,1710.8,25.85,179.31,730.9,0,NORMAL
PALA-01,88.26,3030.17,0.73,57.27,84.25,1956.4,26.48,140.57,2677.6,0,NORMAL
CARG-01,76.88,3016.79,2.08,56.44,78.85,1796.8,26.09,167.68,578.5,0,NORMAL
CARG-02,79.06,3588.05,3.13,58.95,83.4,1791.4,27.29,112.34,819.2,0,NORMAL
PALA-02,76.49,3301.81,2.59,52.68,78.55,1958.1,26.48,159.18,492.5,0,NORMAL
PALA-01,75.89,3145.07,1.35,57.01,78.44,1628.9,25.38,91.89,3278.0,0,NORMAL
PALA-01,89.16,3077.23,4.68,48.71,80.52,1718.0,27.52,118.29,1687.5,0,NORMAL
PALA-01,84.44,3095.9,1.39,46.94,83.4,1683.6,26.29,187.78,2939.6,0,NORMAL
PALA-01,82.63,3140.33,3.02,56.66,82.88,1644.8,28.07,138.76,243.9,0,NORMAL
PALA-02,79.05,3486.93,1.82,53.65,84.75,1689.4,26.18,143.65,2065.0,0,NORMAL
PALA-01,86.08,3244.61,1.84,53.99,82.9,1665.3,25.76,156.07,1604.4,0,NORMAL
PALA-03,78.29,2989.46,3.78,50.01,86.81,1641.0,26.16,213.51,3456.4,0,NORMAL
PALA-02,85.57,3665.88,1.62,55.96,87.9,1684.5,26.32,30.92,2786.0,0,NORMAL
CARG-02,78.07,3044.77,1.78,51.87,82.21,1641.5,26.19,126.86,3250.5,0,NORMAL
CARG-02,79.1,3143.65,1.13,53.77,79.65,1758.9,25.89,242.52,1686.7,0,NORMAL
PALA-03,85.41,3485.83,3.23,51.57,80.28,1605.4,26.04,199.8,2847.2,0,NORMAL
PALA-02,85.89,3324.73,1.23,49.99,73.3,1842.0,27.72,177.34,767.3,0,NORMAL
PALA-02,84.69,3165.41,4.54,52.96,81.08,1807.1,26.2,168.25,2470.9,0,NORMAL
PALA-02,77.28,3028.35,3.83,59.93,78.53,1773.5,28.12,150.3,3397.7,0,NORMAL
CARG-01,79.99,3076.0,2.64,51.64,78.18,1665.0,27.24,110.95,2156.7,0,NORMAL
PALA-02,82.71,3086.83,0.79,53.37,80.85,1725.3,26.35,144.25,126.4,0,NORMAL
CARG-02,78.18,3251.27,1.31,52.67,72.6,1705.0,26.93,154.7,1240.8,0,NORMAL
CARG-02,88.17,3284.39,4.17,50.81,80.28,1723.2,25.98,199.05,2106.8,0,NORMAL
PALA-02,71.19,4289.13,1.33,60.15,81.82,1559.3,27.25,309.6,450.0,1,FALLA_SOBRECARGA
PALA-03,78.5,3242.94,1.51,47.19,74.86,1732.5,27.46,161.25,1436.1,0,NORMAL
PALA-01,79.71,3060.87,2.12,53.57,86.42,1759.0,26.88,136.06,1605.7,0,NORMAL
PALA-01,69.2,3302.76,2.5,49.78,82.77,1893.3,26.0,142.48,3084.2,0,NORMAL
PALA-02,75.72,3480.49,1.97,56.84,86.16,1599.2,26.88,97.87,2018.0,0,NORMAL
PALA-01,84.81,3220.7,3.95,54.67,82.74,1577.7,25.84,166.98,1939.3,0,NORMAL
CARG-02,82.14,3217.19,3.57,59.91,82.44,1838.0,25.29,115.52,1310.2,0,NORMAL
PALA-01,113.14,3264.94,1.44,57.67,114.17,1538.5,26.61,146.75,1374.7,1,FALLA_TERMICA
PALA-02,88.95,3451.28,1.69,54.41,86.26,1894.7,25.1,194.83,1993.6,0,NORMAL
PALA-03,83.95,3088.95,2.12,57.72,88.77,1862.0,26.07,168.18,614.1,0,NORMAL
PALA-03,83.41,3511.15,3.04,58.18,80.5,1789.7,26.69,170.66,1666.7,0,NORMAL
PALA-02,82.3,3325.82,1.44,49.44,77.82,1537.9,27.65,201.88,1800.5,0,NORMAL
CARG-02,70.05,3255.16,2.41,57.87,76.37,1700.9,25.89,182.91,2419.2,0,NORMAL
PALA-03,75.72,3468.38,3.17,55.49,77.09,1713.7,25.59,154.32,2102.2,0,NORMAL
PALA-02,82.45,3037.23,1.64,56.45,83.71,1754.7,27.03,89.1,1178.4,0,NORMAL
PALA-01,84.77,3343.97,3.63,51.96,91.91,1786.5,26.57,144.39,1880.9,0,NORMAL
PALA-02,83.3,3327.46,2.03,49.73,87.03,1630.1,26.46,156.09,117.4,0,NORMAL
CARG-01,77.98,3081.62,2.64,48.83,80.28,1847.3,25.21,159.29,2421.2,0,NORMAL
PALA-03,86.22,3332.91,3.09,36.96,84.07,1782.5,27.27,102.5,851.4,0,NORMAL
CARG-01,88.67,4101.88,1.0,50.45,78.79,1781.3,24.71,328.52,2923.0,1,FALLA_SOBRECARGA
PALA-02,86.22,3217.83,2.65,66.2,79.04,1693.2,26.56,184.88,2545.7,0,NORMAL
PALA-01,86.45,3405.31,1.85,58.11,76.86,1766.6,27.38,146.08,601.2,0,NORMAL
PALA-01,79.48,3147.08,1.56,55.59,77.13,1462.9,26.49,174.75,1160.9,0,NORMAL
PALA-02,86.84,3298.66,8.92,58.81,83.22,1767.7,26.2,135.62,4174.3,1,FALLA_DESGASTE_RODAMIENTOS
PALA-03,82.66,3226.3,4.47,52.7,86.93,1918.9,25.57,167.42,2481.8,0,NORMAL
CARG-01,84.3,3139.35,3.23,52.04,85.16,1813.7,25.94,224.65,1907.5,0,NORMAL
PALA-02,83.64,3340.52,1.28,52.55,86.83,1799.7,28.15,144.5,1066.8,0,NORMAL
PALA-02,81.45,3212.61,0.45,50.32,84.14,1812.7,25.96,118.79,1852.2,0,NORMAL
PALA-02,78.13,2984.86,2.73,50.73,80.86,1865.1,26.76,184.94,3470.6,0,NORMAL
PALA-02,81.63,2925.81,4.17,53.92,78.9,1696.1,25.73,149.47,1440.5,0,NORMAL
PALA-01,86.44,3392.03,1.92,54.32,83.31,1838.2,26.16,131.66,1861.2,0,NORMAL
PALA-01,80.01,3030.29,2.28,60.63,74.28,1774.9,25.1,132.75,2819.7,0,NORMAL
PALA-01,86.02,3300.29,4.65,59.12,78.58,1727.7,26.36,167.33,147.3,0,NORMAL
PALA-01,85.32,3259.89,4.33,46.57,77.85,1882.1,26.11,160.51,3213.8,0,NORMAL
PALA-01,80.65,3183.66,2.26,52.53,85.98,1637.5,27.48,203.94,2974.7,0,NORMAL
PALA-01,88.25,3602.2,2.79,48.47,75.49,1642.0,25.72,173.59,1944.0,0,NORMAL
PALA-03,80.4,3282.34,2.16,40.96,84.72,1437.2,26.06,192.61,1897.3,0,NORMAL
PALA-02,88.79,3386.01,1.2,54.44,82.55,1608.5,27.12,159.71,3198.9,0,NORMAL
CARG-02,83.95,3301.27,1.77,56.89,82.6,1667.2,26.37,176.11,2483.4,0,NORMAL
PALA-01,81.93,3208.32,2.04,54.36,79.13,1714.0,26.27,157.27,2691.5,0,NORMAL
PALA-02,78.0,3246.56,1.94,56.18,75.15,1773.9,26.26,222.34,842.5,0,NORMAL
PALA-02,81.6,3512.54,1.22,52.33,83.0,1825.7,25.61,175.37,83.9,0,NORMAL
PALA-01,81.08,3445.86,1.37,48.86,84.54,1560.5,26.05,108.19,1565.8,0,NORMAL
CARG-01,76.34,3601.36,1.09,52.16,82.99,1733.2,26.46,152.43,423.7,0,NORMAL
PALA-01,81.02,3289.9,3.44,60.84,80.42,1602.0,25.47,167.04,1482.4,0,NORMAL
CARG-02,78.38,3092.15,0.88,55.87,76.45,1560.4,25.55,158.58,2228.7,0,NORMAL
CARG-02,84.64,3170.71,4.23,46.4,78.51,1758.9,27.37,188.24,2137.9,0,NORMAL
PALA-03,87.88,3036.2,2.34,54.65,82.8,1732.2,26.8,142.23,2429.0,0,NORMAL
PALA-03,76.48,3388.07,0.62,60.37,77.84,1779.2,26.64,160.16,538.4,0,NORMAL
PALA-03,89.71,3144.54,0.75,57.81,77.15,1789.6,25.97,191.22,890.4,0,NORMAL
PALA-02,81.42,2700.04,2.64,60.43,75.21,1662.1,26.58,110.4,2454.0,0,NORMAL
PALA-03,77.61,3693.48,1.9,46.56,83.14,1851.3,24.48,125.95,684.9,0,NORMAL
PALA-01,85.41,3147.29,0.52,54.63,83.06,1609.8,25.43,226.77,793.7,0,NORMAL
PALA-01,79.99,3146.21,3.75,52.26,85.62,1593.3,26.9,146.75,2378.6,0,NORMAL
PALA-02,81.63,3550.89,1.91,56.97,72.42,1767.8,25.86,189.25,2558.8,0,NORMAL
PALA-03,80.18,3032.51,1.53,49.75,85.69,1745.8,26.23,197.51,1057.2,0,NORMAL
CARG-02,78.32,3454.59,2.24,49.67,85.45,1622.8,26.69,114.58,3057.8,0,NORMAL
PALA-01,85.26,3144.26,1.85,53.98,85.83,1620.1,25.8,129.89,2929.7,0,NORMAL
CARG-01,80.71,3011.72,1.11,49.39,81.48,1765.6,25.9,160.32,2118.8,0,NORMAL
PALA-01,75.54,3557.03,2.42,55.3,81.89,1750.0,26.11,136.35,2901.1,0,NORMAL
PALA-02,84.48,3416.16,1.74,43.8,81.87,1595.4,26.52,174.08,3424.1,0,NORMAL
PALA-02,76.57,3415.6,0.64,59.88,77.35,1642.8,25.1,178.45,3293.5,0,NORMAL
PALA-02,76.81,3316.18,2.4,40.07,77.52,1610.7,26.64,167.16,490.6,0,NORMAL
PALA-01,87.37,3357.84,1.24,58.52,81.9,1465.6,26.38,158.26,1360.0,0,NORMAL
PALA-03,76.62,3028.21,11.99,51.1,80.0,1883.7,26.49,180.15,3987.1,1,FALLA_DESGASTE_RODAMIENTOS
CARG-01,71.58,3270.09,2.01,46.75,83.86,1748.6,25.81,201.76,354.0,0,NORMAL
PALA-02,84.8,3082.82,2.01,54.85,79.57,1859.0,26.36,205.56,522.3,0,NORMAL
PALA-02,80.63,2999.99,0.99,58.43,75.13,1683.3,27.16,169.43,1436.0,0,NORMAL
CARG-01,81.02,3323.97,2.71,59.79,75.31,1603.4,26.94,129.31,71.4,0,NORMAL
CARG-01,80.58,3458.47,2.08,59.63,77.95,1615.1,27.38,153.86,1571.7,0,NORMAL
PALA-02,83.04,3180.99,2.67,49.71,83.9,1615.0,25.68,183.69,1405.1,0,NORMAL
PALA-02,78.61,3211.84,1.79,55.02,78.92,1657.8,26.95,198.46,2493.0,0,NORMAL
CARG-02,88.64,3045.13,0.94,45.11,82.19,1534.3,25.9,197.33,361.7,0,NORMAL
PALA-03,75.36,3251.3,12.28,54.4,74.31,1673.6,24.59,153.83,3732.4,1,FALLA_DESGASTE_RODAMIENTOS
PALA-01,84.0,3386.81,3.24,55.69,81.65,1651.0,27.15,167.89,3370.9,0,NORMAL
PALA-02,84.89,3392.47,1.41,52.12,81.15,1824.8,27.02,178.2,3077.4,0,NORMAL
CARG-01,78.58,3348.13,1.62,44.82,85.76,1784.5,27.59,211.13,2515.5,0,NORMAL
PALA-01,77.39,3138.68,0.93,51.03,81.62,1674.1,25.23,133.56,3424.2,0,NORMAL
CARG-02,86.58,3132.98,0.93,63.54,84.05,1777.1,26.53,176.09,367.0,0,NORMAL
PALA-01,77.54,3393.17,2.21,55.96,88.78,1588.6,26.22,141.99,916.2,0,NORMAL
CARG-01,79.27,3396.16,2.59,51.58,81.16,1568.5,27.32,200.9,535.1,0,NORMAL
PALA-02,85.99,3219.04,2.47,53.2,87.14,1708.7,25.29,158.86,2684.7,0,NORMAL
PALA-02,82.16,3173.29,2.67,55.92,81.5,1732.3,26.2,168.34,3010.0,0,NORMAL
CARG-02,73.91,2122.67,4.17,26.95,78.86,1703.2,26.48,130.68,2262.1,1,FALLA_PRESION_HIDRAULICA
PALA-02,89.86,3185.21,1.8,46.51,80.57,1882.7,26.99,145.03,940.3,0,NORMAL
PALA-03,79.61,3384.27,3.53,50.32,78.97,1802.5,26.73,229.46,473.6,0,NORMAL
PALA-01,80.19,3225.37,4.87,51.44,79.12,1844.2,26.37,181.53,1928.9,0,NORMAL
PALA-01,83.15,3061.44,0.91,62.97,78.71,1653.6,26.15,166.54,561.4,0,NORMAL
PALA-01,84.81,3540.22,2.42,54.35,79.79,1759.9,26.33,208.0,608.5,0,NORMAL
PALA-03,90.82,3271.61,1.95,51.42,83.84,1594.8,27.0,212.81,1973.8,0,NORMAL
PALA-01,74.53,3122.07,1.4,54.28,74.19,1632.2,25.74,158.6,385.1,0,NORMAL
PALA-01,85.72,2999.65,1.62,43.88,82.15,1759.7,20.24,133.28,3201.2,1,FALLA_ELECTRICA
PALA-02,85.34,3017.8,0.66,49.48,81.48,1613.2,26.21,154.67,760.8,0,NORMAL
PALA-03,81.38,3182.88,1.0,50.26,86.54,1625.0,24.73,147.37,2901.7,0,NORMAL
CARG-01,85.54,3596.52,2.65,48.9,79.54,1771.7,24.84,163.55,2032.2,0,NORMAL
PALA-01,86.2,3144.76,2.76,60.17,85.53,1628.3,25.21,169.53,584.9,0,NORMAL
PALA-01,75.78,3510.54,2.0,57.3,77.56,1835.5,26.23,248.29,3406.0,0,NORMAL
CARG-02,89.87,3226.46,2.91,47.95,79.18,1694.3,26.8,123.64,1842.7,0,NORMAL
PALA-02,74.99,3037.39,1.71,47.67,82.67,1699.3,25.91,114.21,897.2,0,NORMAL
CARG-02,76.89,3164.82,1.75,47.7,83.43,1750.2,25.1,139.41,832.9,0,NORMAL
CARG-02,80.82,3019.42,1.7,53.07,79.94,1703.8,27.16,53.78,497.4,0,NORMAL
CARG-01,90.66,3095.93,1.63,55.0,81.89,1753.6,26.62,93.77,1984.9,0,NORMAL
PALA-01,80.61,3090.57,1.25,56.08,80.34,1609.9,26.22,113.6,2189.5,0,NORMAL
CARG-01,81.86,2907.32,1.61,48.93,84.17,1393.5,26.59,199.66,2052.3,0,NORMAL
CARG-01,88.44,3522.3,3.07,53.11,80.41,1550.5,25.56,112.69,2953.8,0,NORMAL
PALA-03,80.65,3287.98,3.38,53.72,80.11,1665.4,27.23,100.6,288.7,0,NORMAL
PALA-02,76.7,3126.47,0.72,59.98,84.97,1778.9,26.66,130.46,147.5,0,NORMAL
PALA-02,80.12,3289.92,3.48,57.87,81.84,1979.0,26.28,173.99,2967.3,0,NORMAL
PALA-01,88.17,3099.61,1.27,46.82,83.67,1648.8,26.13,142.06,463.7,0,NORMAL
PALA-03,82.32,2769.21,1.7,44.58,90.99,1641.5,26.46,148.04,548.7,0,NORMAL
PALA-03,90.69,3782.2,2.3,53.44,73.06,1760.5,26.79,139.91,1907.2,0,NORMAL
PALA-02,85.32,3284.13,5.25,50.81,76.89,1746.6,25.01,113.66,1453.1,0,NORMAL
PALA-02,79.1,3143.98,1.54,49.2,77.29,1750.7,25.77,127.66,2349.8,0,NORMAL
PALA-02,82.23,2901.9,3.71,50.22,77.59,1689.3,26.14,131.38,706.2,0,NORMAL
PALA-03,78.16,2981.05,1.22,56.9,86.69,1482.3,26.1,182.19,2950.0,0,NORMAL
CARG-02,78.99,3547.81,0.79,46.48,70.33,1743.7,25.83,120.8,799.1,0,NORMAL
PALA-01,102.16,3520.35,3.25,63.24,82.93,1714.3,27.02,195.71,1539.4,0,NORMAL
PALA-02,86.58,3385.58,1.79,50.41,74.87,1529.3,25.85,183.93,127.1,0,NORMAL
PALA-01,85.87,3049.29,3.67,57.16,81.1,1789.8,25.54,105.25,3376.3,0,NORMAL
PALA-03,79.2,3521.8,4.0,50.65,82.04,1807.6,26.03,173.51,1052.4,0,NORMAL
CARG-01,89.06,3330.96,1.23,46.41,84.63,1787.0,27.61,161.94,1887.6,0,NORMAL
CARG-02,86.95,3367.89,1.22,53.27,79.94,1671.2,26.41,207.62,1696.5,0,NORMAL
PALA-02,90.47,3330.31,2.02,47.73,80.31,1746.5,26.01,131.39,1435.1,0,NORMAL
CARG-02,90.25,2978.74,3.64,54.74,72.8,1612.3,26.14,182.89,674.0,0,NORMAL
PALA-01,75.34,3034.33,3.28,53.87,90.12,1553.7,25.0,187.86,2186.6,0,NORMAL
PALA-03,77.01,3158.16,1.05,50.53,82.23,1708.1,26.25,98.92,1966.9,0,NORMAL
PALA-01,77.48,3365.86,1.39,54.76,82.76,1539.7,26.59,205.82,1568.4,0,NORMAL
CARG-02,98.53,3001.52,2.27,59.19,106.9,1704.0,26.75,134.29,1945.3,1,FALLA_TERMICA
PALA-03,83.46,3218.44,0.62,53.45,80.73,1713.8,26.27,176.42,2293.8,0,NORMAL
PALA-03,79.45,3218.21,0.68,50.36,82.7,1621.9,25.8,152.28,3018.5,0,NORMAL
CARG-01,91.33,3392.69,3.76,56.0,83.86,1952.9,27.12,153.3,841.6,0,NORMAL
PALA-01,90.57,3371.44,1.33,56.21,75.1,1648.2,26.1,131.81,2709.2,0,NORMAL
PALA-01,81.97,3068.16,2.12,52.58,83.12,1745.5,25.62,139.23,2864.1,0,NORMAL
CARG-02,90.8,3510.4,1.09,60.87,89.3,1697.1,25.78,175.74,2618.7,0,NORMAL
PALA-02,88.7,3040.62,4.15,52.5,87.99,1832.7,26.13,209.61,2872.6,0,NORMAL
PALA-01,79.97,3446.6,1.72,61.44,87.13,1679.9,26.16,117.38,2044.7,0,NORMAL
PALA-02,72.96,3150.97,1.98,50.73,88.64,1568.0,25.97,141.4,125.7,0,NORMAL
PALA-03,81.02,3279.51,1.99,58.25,75.96,1769.8,26.65,169.15,2450.1,0,NORMAL
PALA-01,79.1,3290.68,1.26,52.9,78.9,1539.7,26.33,167.29,3024.2,0,NORMAL
PALA-02,82.93,3285.59,2.47,55.34,77.35,1618.2,27.11,177.53,959.7,0,NORMAL
PALA-01,82.4,3371.41,3.89,43.87,94.98,1658.8,26.46,200.65,2618.0,0,NORMAL
PALA-02,82.28,3320.46,5.32,64.84,81.98,1663.3,26.11,99.98,435.9,0,NORMAL
CARG-02,84.36,3391.06,1.04,55.58,75.34,1678.4,26.0,140.01,2279.3,0,NORMAL
CARG-02,76.54,3333.63,1.89,59.08,76.59,1668.9,26.08,196.55,247.1,0,NORMAL
PALA-03,83.85,3022.4,0.29,47.11,81.43,1735.1,15.92,153.73,1938.7,1,FALLA_ELECTRICA
PALA-01,80.02,4139.19,0.88,54.86,75.55,1638.4,26.21,318.2,3075.5,1,FALLA_SOBRECARGA
CARG-02,82.9,3148.5,2.26,53.1,88.47,1772.2,26.78,115.71,1357.0,0,NORMAL
PALA-03,86.31,3050.33,2.28,48.71,84.16,1619.0,27.02,159.56,694.8,0,NORMAL
PALA-01,76.49,3197.83,1.48,60.43,82.25,1567.7,26.54,145.53,2390.6,0,NORMAL
CARG-02,80.73,1845.43,1.61,32.57,76.79,1584.2,29.11,235.5,2967.0,1,FALLA_PRESION_HIDRAULICA
CARG-01,81.47,3294.94,0.81,53.73,75.72,1670.6,26.66,154.51,1093.7,0,NORMAL
CARG-01,79.69,3440.08,2.59,57.12,82.4,1836.5,25.01,133.27,2025.7,0,NORMAL
CARG-01,86.05,3485.32,1.16,49.73,81.55,1716.7,26.73,203.7,2326.8,0,NORMAL
PALA-01,78.76,3310.53,5.33,54.81,75.87,1664.7,27.3,157.23,1396.7,0,NORMAL
PALA-01,79.5,3343.08,4.15,54.45,80.78,1715.2,26.19,187.12,282.7,0,NORMAL
PALA-03,78.81,3267.16,1.42,54.67,80.79,1574.8,25.23,225.87,2914.0,0,NORMAL
PALA-01,86.91,3388.1,1.22,59.14,83.95,1515.2,24.95,211.73,2940.3,0,NORMAL
PALA-02,79.78,3337.66,3.03,51.88,89.43,1601.5,26.32,173.04,402.4,0,NORMAL
CARG-01,84.07,3240.19,1.43,51.35,72.68,1594.1,25.59,185.46,2078.9,0,NORMAL
CARG-01,90.89,3637.36,0.57,50.93,84.2,2007.9,26.23,207.14,2575.8,0,NORMAL
PALA-02,81.66,3151.69,2.96,50.72,78.21,1950.6,26.1,126.53,370.3,0,NORMAL
CARG-01,87.0,3511.8,2.04,59.51,82.69,1949.4,27.57,114.3,2969.9,0,NORMAL
CARG-01,89.52,3006.23,2.21,53.65,81.52,1574.1,27.07,230.48,1272.3,0,NORMAL
PALA-03,86.62,3396.45,1.27,59.11,83.0,1930.6,25.95,116.2,2080.1,0,NORMAL
PALA-01,81.92,3508.58,6.4,55.36,76.03,1634.5,26.07,239.39,1349.0,0,NORMAL
PALA-02,84.89,2906.7,4.84,49.63,84.88,1917.4,27.14,135.68,1872.8,0,NORMAL
PALA-02,76.21,3275.01,0.64,46.47,81.16,1772.6,26.5,128.4,2320.2,0,NORMAL
PALA-01,78.49,3378.77,1.51,46.74,86.57,1600.9,26.65,187.78,2493.3,0,NORMAL
PALA-02,79.28,3295.35,1.05,49.55,87.37,1918.6,27.34,103.8,1438.3,0,NORMAL
PALA-01,92.08,3318.07,2.32,59.1,81.95,1913.8,25.78,250.01,434.1,0,NORMAL
PALA-02,78.34,3274.52,2.75,60.5,84.96,1592.7,27.16,227.34,1234.2,0,NORMAL
CARG-02,78.28,3053.04,3.78,54.46,84.61,1759.1,26.08,213.9,2929.7,0,NORMAL
PALA-01,77.3,3676.25,6.35,58.63,86.35,1487.6,24.6,106.61,2085.0,0,NORMAL
CARG-01,84.52,3159.36,4.04,51.23,86.07,1672.6,25.47,205.32,1594.4,0,NORMAL
PALA-03,82.64,3328.15,1.66,50.86,76.34,1673.4,25.66,201.63,2361.8,0,NORMAL
PALA-01,86.89,3133.57,4.22,57.85,82.11,1670.9,27.47,165.82,2870.5,0,NORMAL
CARG-02,85.02,2840.34,1.68,54.83,75.45,1913.4,26.3,189.44,3091.8,0,NORMAL
PALA-03,75.79,3083.59,2.48,57.67,78.91,1559.7,26.16,181.61,2540.0,0,NORMAL
PALA-02,78.37,2989.43,1.06,54.26,79.07,1693.1,27.6,117.6,360.7,0,NORMAL
CARG-01,88.14,3446.48,1.37,52.12,83.34,1810.6,25.78,144.71,821.4,0,NORMAL
PALA-02,81.09,3140.76,1.22,52.92,80.08,1562.2,26.08,149.45,3380.2,0,NORMAL
PALA-03,87.34,3157.46,2.05,55.54,80.36,1614.0,26.42,106.91,2545.8,0,NORMAL
PALA-01,81.33,3058.42,2.82,55.2,85.0,1853.8,26.36,186.38,3126.5,0,NORMAL
CARG-01,77.65,3266.93,1.94,49.34,84.52,1881.4,26.67,199.53,1880.4,0,NORMAL
PALA-02,80.64,3121.04,3.46,53.39,82.1,1668.0,26.84,175.85,396.0,0,NORMAL
PALA-03,77.64,3428.62,2.3,46.4,84.0,1822.9,25.74,225.58,540.3,0,NORMAL
PALA-01,79.46,3304.37,3.28,52.25,83.58,1906.8,24.9,172.19,3354.9,0,NORMAL
PALA-03,82.9,3147.07,1.68,49.4,88.86,1671.1,26.72,160.73,1229.3,0,NORMAL
CARG-01,84.3,3403.04,0.91,38.77,80.16,1815.0,24.92,140.68,1386.8,0,NORMAL
PALA-02,74.84,3251.43,1.58,65.05,77.99,1669.3,26.66,169.67,3411.2,0,NORMAL
PALA-03,81.92,3253.87,1.73,50.14,81.82,1557.6,26.99,65.67,1693.6,0,NORMAL
PALA-02,79.36,2986.73,2.02,49.29,77.2,1720.4,27.3,221.72,97.7,0,NORMAL
CARG-02,79.08,3237.2,3.67,62.11,79.53,1690.7,26.3,173.73,1934.1,0,NORMAL
PALA-02,82.6,3307.88,2.66,48.14,82.8,1608.8,28.01,199.68,2569.6,0,NORMAL
CARG-01,79.52,3490.04,1.99,46.74,78.97,1679.3,25.29,200.12,1918.4,0,NORMAL
CARG-01,88.22,3114.66,1.54,52.97,80.09,1692.8,27.56,185.78,2284.3,0,NORMAL
PALA-02,87.35,3660.06,1.04,51.53,79.91,1753.4,25.79,124.26,1828.3,0,NORMAL
PALA-01,87.32,3350.24,1.7,50.8,79.27,1844.7,26.43,42.38,827.3,0,NORMAL
PALA-02,79.77,2976.51,5.18,49.41,76.61,1844.9,26.53,236.4,354.8,0,NORMAL
CARG-01,77.67,3097.86,0.86,53.06,85.05,1709.6,27.48,160.64,104.3,0,NORMAL
PALA-01,82.37,3505.78,1.78,62.18,86.48,1654.4,25.52,148.17,2419.3,0,NORMAL
PALA-03,81.32,3473.78,8.47,45.95,84.81,1880.8,28.11,150.77,2953.7,1,FALLA_DESGASTE_RODAMIENTOS
CARG-01,79.26,3253.26,1.57,58.2,84.77,1708.0,24.69,143.84,1815.7,0,NORMAL
PALA-02,76.71,3276.99,1.9,61.67,79.34,1648.3,26.34,159.47,454.6,0,NORMAL
PALA-03,81.81,3040.37,1.32,50.87,81.7,1740.4,26.86,157.37,1963.8,0,NORMAL
PALA-01,80.18,3487.86,3.95,55.88,77.88,1500.9,27.23,164.09,904.5,0,NORMAL
PALA-01,85.1,3072.2,1.06,53.39,80.46,1663.6,25.26,151.5,2862.9,0,NORMAL
CARG-01,84.99,3402.05,1.26,45.4,80.82,1655.5,24.82,191.1,2110.5,0,NORMAL
PALA-01,86.95,3493.37,1.34,60.09,75.46,1625.2,27.45,185.43,266.5,0,NORMAL
PALA-02,76.33,3258.67,1.06,54.18,81.53,1765.6,26.59,141.29,791.5,0,NORMAL
CARG-02,83.8,3424.17,1.61,51.4,78.88,1849.3,24.88,166.79,858.4,0,NORMAL
PALA-02,78.73,3582.58,3.46,46.39,82.06,1923.1,25.99,119.25,2821.4,0,NORMAL
CARG-02,76.51,4257.53,0.88,56.6,80.06,1660.5,25.81,306.16,1736.3,1,FALLA_SOBRECARGA
CARG-02,80.07,3218.45,2.5,54.76,82.39,1686.1,27.31,219.14,2270.7,0,NORMAL
PALA-02,86.81,3237.97,2.0,57.03,83.79,1638.4,26.11,190.92,1730.8,0,NORMAL
PALA-01,80.32,3116.26,2.9,56.78,75.99,1784.6,26.25,157.15,1451.5,0,NORMAL
CARG-01,89.04,3112.19,1.88,49.93,79.72,1495.9,26.2,126.18,2890.9,0,NORMAL
PALA-02,84.47,3329.63,3.27,36.9,78.41,1673.3,27.74,183.96,2888.2,0,NORMAL
PALA-01,80.23,3220.49,1.85,53.45,85.71,1755.0,27.13,139.2,2953.2,0,NORMAL
CARG-01,87.22,3308.96,0.75,53.11,87.79,1645.2,26.95,161.0,3351.5,0,NORMAL
PALA-01,84.0,2981.81,2.1,54.82,81.17,1668.5,26.56,186.83,1191.4,0,NORMAL
CARG-02,77.8,3233.33,2.93,61.59,82.62,1839.0,26.55,131.9,2487.5,0,NORMAL
PALA-01,90.36,3435.42,0.68,53.76,75.1,1713.2,25.67,163.67,1215.9,0,NORMAL
PALA-01,83.17,3048.59,2.59,57.46,82.21,1863.4,27.1,123.67,3129.7,0,NORMAL
PALA-01,82.08,3252.97,1.69,55.89,79.96,1916.5,26.1,148.67,1874.3,0,NORMAL
CARG-02,78.15,2916.17,1.73,47.08,86.43,1783.7,25.38,144.36,1333.2,0,NORMAL
PALA-03,87.31,3015.02,1.59,47.55,80.09,1685.1,26.28,202.9,76.2,0,NORMAL
CARG-01,84.33,3395.38,2.14,59.77,77.72,1909.8,26.41,167.6,2377.3,0,NORMAL
PALA-02,84.83,3194.33,3.17,49.6,75.63,1416.8,27.48,136.84,1619.8,0,NORMAL
PALA-02,79.72,3577.97,1.36,55.85,81.72,1533.8,27.09,145.66,379.9,0,NORMAL
PALA-01,85.75,3327.84,2.7,48.88,78.83,1812.4,25.61,195.96,1365.8,0,NORMAL
PALA-02,86.1,3345.51,1.13,57.73,85.87,2016.9,27.23,105.4,1820.4,0,NORMAL
PALA-03,78.99,3056.23,2.64,55.24,83.53,1801.9,24.32,131.9,1193.9,0,NORMAL
PALA-03,75.62,3180.68,2.69,52.51,80.6,1742.2,26.73,123.65,2706.3,0,NORMAL
PALA-02,84.62,3118.13,2.98,57.33,83.51,1664.0,25.85,166.17,2588.3,0,NORMAL
CARG-02,74.92,3058.22,2.2,55.3,87.97,1786.7,25.28,164.73,451.5,0,NORMAL
PALA-01,82.68,3369.5,8.86,50.39,76.36,1859.0,25.46,155.09,2902.6,1,FALLA_DESGASTE_RODAMIENTOS
CARG-02,79.99,3405.61,1.02,54.06,78.46,1809.8,27.57,157.56,1635.7,0,NORMAL
PALA-01,87.48,3321.81,3.57,57.35,88.77,1727.5,26.76,113.35,2647.7,0,NORMAL
PALA-02,80.23,3100.95,2.05,59.54,77.98,1844.0,26.7,127.59,1728.0,0,NORMAL
PALA-02,86.98,3309.53,4.03,53.36,83.65,1756.6,27.18,180.74,1146.2,0,NORMAL
PALA-02,79.69,2905.72,1.83,62.93,85.75,1781.2,26.21,109.18,1668.5,0,NORMAL
PALA-03,86.5,1892.01,1.69,20.61,80.94,1836.5,27.5,150.96,1690.1,1,FALLA_PRESION_HIDRAULICA
PALA-02,91.27,3016.33,1.29,46.22,83.76,1607.9,26.22,193.84,677.7,0,NORMAL
PALA-02,77.19,3048.32,2.16,46.94,79.82,1717.3,23.88,167.72,1283.5,0,NORMAL
CARG-01,83.31,3270.75,2.41,53.95,88.27,1733.7,27.69,136.34,1477.9,0,NORMAL
PALA-03,94.37,3286.75,1.17,54.06,79.23,1575.9,14.28,185.38,240.8,1,FALLA_ELECTRICA
CARG-01,82.3,3236.91,1.29,54.63,77.18,1589.2,26.19,134.96,2222.1,0,NORMAL
PALA-01,82.28,3050.18,1.01,50.66,84.55,1644.9,27.0,162.14,778.1,0,NORMAL
PALA-03,85.55,3454.0,1.94,65.13,83.84,1845.0,24.52,133.01,1221.2,0,NORMAL
PALA-03,82.18,2946.53,3.87,61.55,81.6,1696.5,26.28,108.19,669.5,0,NORMAL
PALA-02,74.32,2983.01,1.65,48.28,81.13,1735.6,26.27,155.99,2613.3,0,NORMAL
PALA-02,87.1,3230.74,1.22,53.49,79.02,1757.0,27.13,202.47,1957.6,0,NORMAL
PALA-02,72.99,3022.44,1.29,54.25,78.06,1795.7,26.79,200.08,734.5,0,NORMAL
PALA-01,80.12,3470.07,1.3,57.43,78.58,1780.1,25.33,185.86,730.5,0,NORMAL
PALA-01,87.43,3037.92,3.18,46.38,82.25,1728.1,25.88,185.23,834.1,0,NORMAL
PALA-01,80.4,3530.26,3.14,45.43,80.17,1703.4,25.54,186.7,3357.3,0,NORMAL
PALA-03,78.88,3436.32,1.68,47.91,75.04,1851.3,24.91,153.02,1686.7,0,NORMAL
PALA-03,85.96,3472.31,3.42,61.52,79.32,1660.9,25.88,116.52,3256.3,0,NORMAL
CARG-02,78.17,3589.68,1.92,50.73,80.15,1883.2,27.59,165.92,3470.5,0,NORMAL
CARG-01,76.5,3264.62,1.6,58.04,83.04,1651.5,26.76,192.96,1809.3,0,NORMAL
PALA-01,107.79,3067.66,2.38,56.94,102.71,1686.0,26.74,190.26,343.8,1,FALLA_TERMICA
CARG-02,81.18,3231.46,4.18,53.1,88.02,1805.0,25.43,168.27,2848.5,0,NORMAL
CARG-02,76.4,3148.0,1.1,58.14,77.08,2003.8,24.84,171.9,2156.1,0,NORMAL
PALA-02,84.87,3122.35,2.68,47.86,83.21,1487.7,26.85,111.06,303.7,0,NORMAL
PALA-03,84.09,3277.15,3.12,51.64,83.54,1823.9,27.21,214.61,1738.3,0,NORMAL
CARG-02,80.38,3193.89,3.61,42.92,82.12,1776.7,26.53,156.02,2335.5,0,NORMAL
PALA-03,80.69,3114.6,3.06,54.49,79.81,1665.6,27.01,86.24,1579.5,0,NORMAL
CARG-02,84.12,3205.83,0.9,50.04,78.27,1763.1,26.13,155.21,2040.0,0,NORMAL
PALA-01,87.36,3348.82,2.6,64.95,80.84,1575.9,26.44,162.8,3275.9,0,NORMAL
PALA-01,80.73,3422.16,1.93,54.29,73.85,1624.9,25.82,178.79,535.4,0,NORMAL
PALA-02,84.95,2961.47,6.2,58.1,77.3,1771.4,26.71,157.47,1721.0,0,NORMAL
PALA-03,84.54,3195.42,4.81,57.26,77.1,1599.0,26.25,139.8,79.0,0,NORMAL
CARG-01,85.96,3224.56,2.03,53.61,83.01,1738.1,26.88,141.47,1557.1,0,NORMAL
CARG-02,82.18,3037.15,1.82,58.96,83.5,1640.3,27.03,160.06,764.2,0,NORMAL
PALA-02,77.89,3228.45,3.67,54.17,76.71,1665.6,26.12,153.61,833.5,0,NORMAL
PALA-01,79.92,3276.64,0.95,56.38,75.77,1849.1,26.81,229.76,847.2,0,NORMAL
CARG-01,83.54,3343.39,1.77,65.79,75.15,1580.2,25.84,148.55,2669.9,0,NORMAL
PALA-03,90.18,3263.89,2.83,54.96,84.91,1715.9,27.84,133.09,1802.8,0,NORMAL
PALA-01,79.82,3091.43,1.17,51.36,84.66,1777.4,27.53,197.99,1362.4,0,NORMAL
PALA-02,85.62,3612.17,0.72,50.46,83.6,1751.0,26.64,160.07,52.7,0,NORMAL
CARG-01,80.52,3399.24,2.64,53.58,87.01,1649.0,25.79,191.87,2933.1,0,NORMAL
CARG-01,82.5,3349.49,2.27,54.59,88.11,1763.8,26.6,156.95,50.3,0,NORMAL
PALA-02,88.82,3430.87,3.55,54.3,77.03,1596.4,25.43,185.09,2837.1,0,NORMAL
PALA-02,85.44,3294.03,1.11,46.09,79.42,1661.6,26.73,204.19,2559.4,0,NORMAL
CARG-02,76.41,3481.53,1.63,42.68,84.12,1910.9,24.7,209.94,467.5,0,NORMAL
PALA-03,79.42,3260.24,1.12,49.16,69.96,1796.7,25.54,186.65,2190.3,0,NORMAL
PALA-02,87.65,3250.31,2.66,54.29,80.0,1720.3,26.69,87.36,88.5,0,NORMAL
PALA-02,82.64,3364.34,0.57,54.32,84.85,1774.0,27.51,107.03,821.4,0,NORMAL
CARG-01,76.83,3533.74,2.3,56.27,79.61,1623.3,26.69,170.55,881.5,0,NORMAL
PALA-01,78.31,3522.17,4.17,55.82,83.93,1753.8,26.14,108.95,3434.0,0,NORMAL
PALA-01,85.17,3356.71,4.54,51.5,73.0,1665.8,25.63,122.04,2019.3,0,NORMAL
PALA-03,86.47,3342.99,2.75,48.9,82.14,1650.4,25.99,191.47,81.0,0,NORMAL
PALA-02,82.08,3375.29,2.26,56.61,79.16,1705.1,24.99,136.76,494.5,0,NORMAL
PALA-03,93.14,3427.41,3.95,55.13,80.1,1647.8,26.08,140.11,711.9,0,NORMAL
PALA-01,85.71,3483.77,1.86,48.53,77.21,1736.9,28.16,146.16,2885.5,0,NORMAL
PALA-03,80.9,3207.41,2.29,57.12,87.4,1770.0,26.5,202.47,2391.5,0,NORMAL
PALA-02,78.33,3487.25,2.46,58.79,81.28,1687.3,26.73,204.19,1716.8,0,NORMAL
PALA-01,77.61,3311.74,1.91,57.95,81.58,1377.8,24.91,241.79,2847.3,0,NORMAL
PALA-01,83.51,3367.17,1.49,58.82,89.25,1615.8,27.52,189.96,1685.3,0,NORMAL
CARG-02,79.8,3498.75,2.66,50.25,77.3,1590.2,27.62,215.22,2865.0,0,NORMAL
CARG-02,89.53,3384.47,2.29,58.26,81.56,1764.4,26.57,135.34,806.3,0,NORMAL
PALA-01,88.6,3414.88,2.76,53.21,78.28,1632.4,26.89,110.7,3255.8,0,NORMAL
CARG-01,84.85,3179.9,1.55,64.22,78.08,1659.9,25.86,181.19,3352.5,0,NORMAL
PALA-03,76.69,3519.7,2.08,58.47,82.23,1820.8,26.18,153.28,2250.6,0,NORMAL
CARG-02,78.98,3375.22,2.27,56.15,79.87,1626.3,28.55,218.39,2236.9,0,NORMAL
PALA-02,87.65,3272.69,2.89,62.58,88.91,1744.3,26.03,146.58,2000.1,0,NORMAL
PALA-03,79.47,3448.19,1.45,51.47,88.13,1645.9,27.86,138.56,1543.1,0,NORMAL
PALA-01,87.05,3715.81,2.43,56.75,80.35,1663.5,28.04,149.64,666.6,0,NORMAL
PALA-02,84.14,3039.59,2.63,65.18,74.84,1580.4,26.75,158.52,714.9,0,NORMAL
CARG-02,82.23,3105.33,0.95,58.07,79.84,1657.4,26.3,161.14,2300.9,0,NORMAL
PALA-03,78.84,3733.35,1.88,54.76,85.19,1780.9,25.34,165.26,1661.8,0,NORMAL
PALA-02,81.58,3326.81,2.49,52.65,77.45,1604.2,26.83,207.14,828.7,0,NORMAL
PALA-01,82.85,3284.36,1.23,49.16,87.42,1634.1,26.41,119.7,367.4,0,NORMAL
CARG-01,86.65,3229.23,3.66,52.55,83.32,1982.8,26.32,190.98,3359.1,0,NORMAL
PALA-03,78.01,3467.52,2.33,49.91,76.32,1750.8,26.02,184.47,2425.2,0,NORMAL
PALA-02,80.82,3720.02,2.44,52.85,78.36,1760.6,26.64,171.16,708.0,0,NORMAL
CARG-02,82.2,3130.27,4.02,53.45,78.92,1644.9,26.77,175.7,2636.1,0,NORMAL
PALA-01,84.98,3232.56,1.7,58.94,77.78,1845.1,26.37,144.31,633.6,0,NORMAL
PALA-02,77.91,3186.87,3.39,51.96,76.42,1864.6,27.34,111.27,2082.8,0,NORMAL
CARG-02,76.08,3381.92,2.42,51.02,78.7,1647.4,26.38,173.38,2007.0,0,NORMAL
PALA-02,85.03,3470.03,2.27,58.44,79.48,1848.2,26.28,143.34,423.6,0,NORMAL
PALA-02,75.17,3541.77,3.48,57.48,86.2,1880.8,25.5,180.33,2340.4,0,NORMAL
PALA-03,87.78,3388.01,2.67,52.78,82.75,1471.7,26.23,148.81,1972.6,0,NORMAL
CARG-01,81.3,3703.48,12.85,57.0,82.99,1823.2,26.35,189.89,2828.7,1,FALLA_DESGASTE_RODAMIENTOS
PALA-01,75.04,3146.54,1.06,52.69,82.4,1628.3,24.43,197.12,3183.3,0,NORMAL
CARG-02,79.84,3099.78,3.48,52.93,77.82,1879.1,26.81,192.32,2490.1,0,NORMAL
CARG-01,83.71,3514.48,1.27,61.77,85.59,1623.9,27.13,203.86,1096.8,0,NORMAL
PALA-01,79.6,3272.11,0.7,53.31,79.26,1792.8,28.16,159.52,1179.1,0,NORMAL
CARG-01,82.09,3002.33,0.51,51.97,79.66,1508.9,25.66,195.04,1126.2,0,NORMAL
PALA-02,85.33,3193.11,4.08,54.09,82.52,1853.9,26.31,147.07,3029.5,0,NORMAL
PALA-02,81.09,3296.02,3.66,44.17,91.0,1728.8,26.76,140.93,1717.0,0,NORMAL
CARG-01,77.78,3133.68,3.49,53.16,78.74,1875.0,26.36,162.9,3357.0,0,NORMAL
CARG-02,80.65,3067.36,0.55,55.27,74.48,1634.0,25.8,205.93,2309.7,0,NORMAL
PALA-01,88.37,3212.63,1.2,63.91,82.16,1745.6,25.22,152.91,2130.0,0,NORMAL
PALA-02,89.58,3058.38,2.84,54.46,83.74,1902.3,26.46,191.62,3151.2,0,NORMAL
PALA-02,72.91,1789.77,2.78,28.21,79.26,1716.9,27.38,124.97,2084.2,1,FALLA_PRESION_HIDRAULICA
PALA-02,86.91,2900.12,2.67,55.73,78.63,1771.6,26.4,94.38,2888.8,0,NORMAL
PALA-02,83.13,3266.28,1.71,65.34,75.91,1803.9,26.35,143.06,1770.9,0,NORMAL
PALA-01,86.16,4264.07,2.18,59.01,82.35,1533.8,26.71,309.73,2115.3,1,FALLA_SOBRECARGA
PALA-03,79.52,3233.7,1.77,46.75,88.78,1657.5,27.0,194.86,944.3,0,NORMAL
PALA-02,74.04,3446.78,2.18,60.15,87.85,1856.5,26.66,151.91,3073.3,0,NORMAL
PALA-01,84.63,3003.3,3.99,49.28,82.2,1474.3,25.41,216.52,1009.1,0,NORMAL
CARG-01,77.77,3123.8,1.77,50.73,79.34,1854.2,26.77,177.55,3373.7,0,NORMAL
CARG-01,75.75,3190.59,2.15,47.5,82.53,1649.4,25.9,151.85,1380.6,0,NORMAL
PALA-02,76.07,3378.29,0.7,63.11,79.7,1966.6,25.82,168.16,1551.7,0,NORMAL
PALA-02,84.7,3289.33,4.22,59.93,78.44,1772.4,25.54,123.09,1747.3,0,NORMAL
PALA-03,82.63,3635.81,3.94,60.15,81.65,1623.9,26.33,152.08,1373.0,0,NORMAL
PALA-02,85.52,3104.96,1.29,59.18,86.11,1837.5,25.97,153.75,2034.0,0,NORMAL
PALA-01,85.01,2998.9,1.54,57.45,80.24,1892.0,26.17,166.76,2292.4,0,NORMAL
CARG-01,80.11,3572.04,1.54,52.4,80.2,1792.5,25.6,149.77,644.1,0,NORMAL
PALA-01,81.68,2992.45,1.01,55.03,79.94,1666.5,27.12,176.32,2915.5,0,NORMAL
PALA-01,79.7,3372.95,3.48,51.42,84.17,1892.6,26.09,103.73,2330.7,0,NORMAL
PALA-01,81.05,3073.84,1.47,49.74,84.41,1608.5,25.82,198.66,2616.7,0,NORMAL
PALA-01,77.65,2877.52,0.18,50.8,76.69,1848.6,25.05,159.23,3293.1,0,NORMAL
PALA-01,83.76,3182.54,1.88,65.77,80.29,1431.0,27.75,186.73,2842.7,0,NORMAL
CARG-02,86.84,3411.91,1.14,52.09,85.43,1734.1,25.16,196.44,2178.7,0,NORMAL
PALA-02,78.33,3030.08,1.36,59.0,79.66,1653.0,26.63,166.46,1097.4,0,NORMAL
PALA-01,87.77,3353.7,1.15,64.39,86.57,1555.3,26.93,190.35,2109.4,0,NORMAL
PALA-01,82.51,3387.32,1.21,57.9,83.75,1876.6,26.09,172.58,256.1,0,NORMAL
CARG-02,83.08,3021.1,0.9,50.06,88.03,1462.3,26.74,171.12,2191.8,0,NORMAL
PALA-03,74.35,3209.0,0.5,50.32,79.76,1886.1,26.8,142.89,1540.5,0,NORMAL
PALA-02,73.87,3533.87,1.95,54.59,83.81,1536.1,27.07,202.28,2444.0,0,NORMAL
CARG-02,82.65,3367.11,4.09,65.28,83.93,1846.4,26.88,163.83,1024.2,0,NORMAL
PALA-02,85.55,3202.93,2.36,61.12,85.31,1626.5,26.15,208.82,2186.4,0,NORMAL
PALA-02,78.98,3324.75,2.77,56.68,82.41,1485.6,26.08,120.94,2799.8,0,NORMAL
PALA-01,89.52,3126.65,2.35,52.98,85.45,1665.7,28.04,139.23,407.6,0,NORMAL
PALA-02,85.31,3450.47,0.59,55.9,78.48,1787.7,27.27,121.42,2388.0,0,NORMAL
PALA-02,77.91,3450.39,0.51,54.95,80.78,1612.2,25.84,198.06,3397.2,0,NORMAL
PALA-03,82.14,3271.76,1.23,54.91,75.05,1751.2,26.66,180.9,3071.8,0,NORMAL
PALA-02,93.15,3291.53,2.13,49.62,79.92,1802.8,26.72,106.19,548.3,0,NORMAL
PALA-03,76.41,3070.22,3.04,49.53,77.6,1899.2,26.39,130.46,1592.5,0,NORMAL
PALA-01,84.38,3006.63,4.09,55.64,82.32,1727.6,27.81,120.32,874.1,0,NORMAL
PALA-01,80.55,3182.21,1.42,48.2,84.94,1859.9,26.32,195.97,297.8,0,NORMAL
PALA-02,85.18,3234.27,1.79,50.87,83.26,1821.9,26.33,202.27,2776.0,0,NORMAL
CARG-02,87.7,3441.27,2.67,54.15,84.12,1708.9,27.06,143.6,2916.4,0,NORMAL
PALA-02,80.26,3416.04,2.36,55.65,81.38,1857.7,25.64,87.59,2311.5,0,NORMAL
PALA-03,87.04,3283.27,2.3,59.58,80.44,1827.3,25.98,90.67,364.7,0,NORMAL
PALA-02,92.0,3464.3,1.15,47.73,76.31,1700.1,27.58,205.87,316.2,0,NORMAL
PALA-01,82.3,3080.17,1.26,47.75,73.3,1805.6,26.38,203.24,1977.6,0,NORMAL
PALA-01,85.53,3443.92,0.78,60.53,74.97,1752.6,25.76,214.52,3162.2,0,NORMAL
PALA-02,79.34,3107.72,0.75,62.38,78.35,1785.8,26.54,155.63,656.3,0,NORMAL
PALA-01,82.09,3473.15,1.38,48.78,84.65,1945.9,26.51,88.02,2228.2,0,NORMAL
PALA-01,81.2,3247.6,0.71,49.77,76.08,1623.5,27.47,177.18,1773.0,0,NORMAL
CARG-01,85.59,2890.31,2.59,56.73,77.71,1750.6,27.27,142.92,936.9,0,NORMAL
PALA-01,87.42,3381.43,3.26,54.24,79.12,1723.7,26.56,221.99,1502.0,0,NORMAL
PALA-03,81.51,3395.72,1.65,54.28,86.15,1814.6,27.73,184.01,1611.9,0,NORMAL
PALA-02,88.9,3167.82,1.84,50.1,80.85,1665.8,27.42,166.98,569.1,0,NORMAL
PALA-03,88.89,3183.17,2.49,57.6,81.54,1652.0,26.69,146.14,654.1,0,NORMAL
PALA-03,85.81,3221.28,3.4,52.81,82.64,1712.3,25.72,206.99,2365.3,0,NORMAL
PALA-02,79.68,2903.47,3.01,52.65,86.58,1777.0,27.83,134.95,489.1,0,NORMAL
PALA-02,79.25,2824.35,4.8,48.34,81.33,1665.1,27.41,111.47,2742.7,0,NORMAL
CARG-01,78.34,3484.29,2.69,57.96,73.94,1401.5,25.43,162.84,2973.5,0,NORMAL
CARG-02,86.27,3101.67,2.74,52.19,81.51,1605.7,25.92,198.1,442.8,0,NORMAL
PALA-01,76.55,3583.95,2.4,53.77,86.76,1889.7,25.33,217.46,3307.2,0,NORMAL
PALA-01,85.05,3496.67,2.41,59.95,83.56,1905.6,25.54,104.88,3422.6,0,NORMAL
CARG-02,77.14,3532.1,1.47,48.77,81.86,1660.4,27.41,204.51,235.5,0,NORMAL
PALA-02,85.71,3132.95,1.92,53.57,82.41,1935.7,26.47,157.82,61.9,0,NORMAL
PALA-03,82.08,2960.49,1.55,46.21,73.65,1680.8,25.87,188.3,3320.8,0,NORMAL
PALA-02,88.0,3054.36,0.92,51.38,73.09,1535.8,27.0,110.02,361.9,0,NORMAL
PALA-01,87.14,3169.64,3.97,60.44,84.58,1683.3,27.07,146.56,978.0,0,NORMAL
PALA-03,88.46,2822.82,5.09,46.29,86.14,1807.0,27.47,182.67,1686.6,0,NORMAL
PALA-03,88.57,3164.42,2.39,55.18,78.48,1652.2,26.89,160.02,596.2,0,NORMAL
PALA-01,82.65,1648.55,1.78,32.3,81.77,1792.4,26.91,155.76,1483.2,1,FALLA_PRESION_HIDRAULICA
PALA-02,76.79,3017.0,1.54,56.74,83.48,1752.0,25.74,148.14,3249.1,0,NORMAL
CARG-01,77.26,3062.71,1.52,51.08,87.64,1685.6,26.48,160.2,3110.8,0,NORMAL
PALA-03,72.61,3210.29,3.56,48.44,80.68,1813.2,26.38,160.79,583.0,0,NORMAL
PALA-01,77.12,3314.13,1.31,44.35,83.95,1867.5,24.52,120.41,3307.5,0,NORMAL
PALA-03,82.31,3089.65,2.27,61.81,88.97,1741.8,26.69,140.5,2502.5,0,NORMAL
CARG-01,79.48,3302.61,1.62,51.9,79.88,1790.8,25.03,180.79,3399.0,0,NORMAL
CARG-01,81.19,3274.63,4.36,44.99,81.26,1545.2,26.98,155.39,660.8,0,NORMAL
PALA-03,84.22,1978.88,1.42,20.37,76.58,1887.0,26.09,177.3,274.5,1,FALLA_PRESION_HIDRAULICA
PALA-01,80.63,3132.64,1.71,48.61,76.78,1656.0,26.11,154.19,1482.2,0,NORMAL
CARG-01,76.95,3009.99,0.92,51.52,84.5,1616.6,26.0,140.0,3461.7,0,NORMAL
PALA-03,81.76,3555.36,1.22,65.94,85.78,1826.4,25.91,195.81,1621.8,0,NORMAL
PALA-01,77.96,3363.46,1.94,58.61,85.65,1673.9,26.22,182.52,2275.4,0,NORMAL
PALA-02,80.78,3431.03,1.69,56.42,76.87,1636.7,27.14,156.21,1905.1,0,NORMAL
PALA-02,88.04,3234.95,1.53,59.99,80.18,1684.8,25.53,187.14,3140.0,0,NORMAL
PALA-03,113.39,3220.48,2.32,63.17,101.2,1574.1,26.41,181.73,3049.0,1,FALLA_TERMICA
PALA-01,89.97,3338.32,1.81,56.64,71.89,1635.4,28.09,139.98,3367.5,0,NORMAL
PALA-03,88.44,2919.76,2.72,61.21,82.83,1842.7,25.86,165.79,2154.4,0,NORMAL
CARG-02,79.39,3049.36,1.98,50.8,88.52,1859.9,26.39,173.2,1986.6,0,NORMAL
CARG-01,77.0,3106.4,1.85,49.69,85.55,1727.9,27.07,177.09,269.1,0,NORMAL
CARG-02,81.76,3168.18,1.95,48.84,71.36,1638.5,28.15,221.59,1114.2,0,NORMAL
CARG-02,87.19,3091.65,0.62,55.47,82.59,1769.7,27.64,182.57,1291.1,0,NORMAL
PALA-01,79.79,3309.91,9.97,40.85,81.86,1492.4,26.29,183.01,3753.5,1,FALLA_DESGASTE_RODAMIENTOS
PALA-03,86.09,3264.66,3.37,60.62,82.09,1860.5,26.71,121.99,474.4,0,NORMAL
PALA-02,87.44,3500.72,0.73,51.53,81.43,1711.6,26.23,252.88,1899.1,0,NORMAL
CARG-02,78.52,3695.28,2.42,58.13,79.69,1595.9,27.27,114.93,959.4,0,NORMAL
PALA-02,78.96,3022.69,1.71,47.04,71.7,1898.5,26.3,140.67,3395.6,0,NORMAL
CARG-02,85.21,3276.51,2.29,59.56,82.24,1725.1,27.76,142.16,762.4,0,NORMAL
PALA-03,82.68,3276.19,3.56,60.91,83.51,1668.9,24.86,148.99,650.5,0,NORMAL
CARG-01,78.91,3247.44,1.54,54.51,78.78,1966.0,26.89,129.31,1824.5,0,NORMAL
PALA-01,80.42,3054.73,2.86,56.64,86.03,1657.0,27.0,103.29,3243.4,0,NORMAL
PALA-01,81.68,3084.9,1.44,48.87,74.44,1809.8,24.39,201.29,432.2,0,NORMAL
CARG-01,74.96,3293.27,4.36,54.23,74.1,1803.2,25.09,141.96,3216.1,0,NORMAL
PALA-01,85.45,3079.84,2.55,58.86,81.34,1618.3,27.45,85.82,421.9,0,NORMAL
CARG-01,79.85,3278.67,3.72,52.48,78.27,1703.2,26.82,150.0,643.4,0,NORMAL
PALA-01,69.47,3205.73,3.0,61.63,84.89,1689.8,27.03,175.56,596.4,0,NORMAL
PALA-03,81.89,3275.5,1.6,45.08,79.29,1508.0,27.74,104.15,844.5,0,NORMAL
PALA-02,78.66,3078.41,11.59,52.36,86.43,1484.3,26.12,181.65,3884.7,1,FALLA_DESGASTE_RODAMIENTOS
PALA-03,89.6,3278.34,2.42,44.39,78.11,1458.9,27.74,171.04,1515.3,0,NORMAL
PALA-03,79.37,3091.43,2.24,55.58,81.57,1666.0,28.74,129.54,2849.4,0,NORMAL
PALA-02,77.06,3278.93,2.2,52.93,73.06,1600.8,27.41,170.0,1182.4,0,NORMAL
PALA-01,84.29,3491.09,3.57,53.12,80.79,1608.2,26.75,216.9,1668.9,0,NORMAL
PALA-01,79.03,3296.98,2.41,57.7,81.29,1669.5,26.36,161.97,1758.9,0,NORMAL
PALA-03,78.49,3307.94,0.6,52.58,85.84,1720.4,26.57,142.55,1656.3,0,NORMAL
PALA-03,84.29,3397.1,3.2,68.03,74.96,1682.5,26.54,131.2,1423.9,0,NORMAL
CARG-01,77.32,2997.36,0.78,58.04,79.87,1635.4,26.42,223.51,1258.0,0,NORMAL
PALA-03,75.44,3559.41,3.92,54.15,86.81,1951.7,25.52,152.7,2970.8,0,NORMAL
PALA-02,89.77,3059.99,0.56,50.63,87.34,1695.9,26.74,151.67,1455.5,0,NORMAL
PALA-02,84.61,3408.34,2.89,49.45,77.66,1839.8,26.59,190.81,504.2,0,NORMAL
PALA-01,112.92,3384.44,3.19,56.19,105.99,1571.6,27.49,180.01,718.9,1,FALLA_TERMICA
PALA-02,81.98,3087.61,2.21,51.37,74.2,1880.2,26.86,111.76,2463.2,0,NORMAL
CARG-02,84.28,3431.6,1.59,58.95,72.51,1654.2,25.81,167.13,3477.3,0,NORMAL
CARG-02,86.38,3339.61,3.57,53.59,79.44,2056.2,25.52,142.9,2393.1,0,NORMAL
PALA-02,78.6,3590.2,1.26,53.61,78.42,1562.6,26.4,201.24,344.4,0,NORMAL
PALA-03,83.65,3284.81,0.63,54.57,89.25,1592.0,25.71,119.71,1855.4,0,NORMAL
CARG-01,79.72,3230.46,1.71,53.24,82.39,1697.4,26.52,187.79,2155.3,0,NORMAL
PALA-02,81.15,3157.34,2.72,55.39,80.17,1677.4,25.86,91.36,2023.6,0,NORMAL
PALA-01,82.72,2936.2,2.31,64.35,83.62,1579.3,27.42,182.69,610.3,0,NORMAL
PALA-01,81.97,3192.72,3.27,56.7,85.11,1896.9,26.87,187.11,2348.1,0,NORMAL
PALA-03,85.31,3200.34,0.7,56.12,85.85,1884.3,27.19,128.49,114.0,0,NORMAL
CARG-02,84.19,3297.17,2.62,57.94,82.04,1679.2,26.27,190.31,2664.4,0,NORMAL
PALA-03,75.21,2993.84,3.12,53.46,80.91,1841.2,26.56,155.6,961.5,0,NORMAL
PALA-01,75.89,3206.98,2.22,49.18,81.63,1890.7,27.13,83.44,3374.6,0,NORMAL
PALA-01,105.43,3353.73,4.78,38.9,105.55,1718.8,26.69,170.42,1355.5,1,FALLA_TERMICA
CARG-01,90.23,3371.59,1.48,43.75,78.88,1639.6,26.97,131.83,290.1,0,NORMAL
CARG-01,78.17,2915.23,2.18,57.74,85.17,1873.8,25.86,192.57,3467.4,0,NORMAL
PALA-03,81.06,3377.15,1.86,55.84,80.23,1855.1,27.09,205.87,2239.5,0,NORMAL
PALA-03,79.59,3205.62,3.5,53.26,76.94,1569.6,25.93,145.56,1995.7,0,NORMAL
PALA-01,79.51,3216.7,3.91,65.81,81.08,1889.9,28.07,121.88,1276.0,0,NORMAL
CARG-01,82.8,2824.39,7.8,53.83,83.87,1597.6,26.56,159.1,3778.5,1,FALLA_DESGASTE_RODAMIENTOS
CARG-01,107.25,3518.84,1.17,42.19,94.35,1765.5,27.28,185.64,1588.2,1,FALLA_TERMICA
PALA-02,84.05,3281.82,2.51,57.75,79.92,1622.1,26.05,138.69,983.3,0,NORMAL
CARG-01,78.38,2974.34,2.04,59.8,77.79,1739.7,26.23,176.02,1238.1,0,NORMAL
PALA-01,94.39,3317.54,2.74,57.6,89.73,1733.9,26.19,191.36,3288.6,0,NORMAL
PALA-01,82.35,3312.01,2.72,59.88,81.37,1987.9,24.99,199.35,639.7,0,NORMAL
PALA-01,79.4,3470.06,1.68,45.2,87.21,1525.4,24.29,173.37,1752.6,0,NORMAL
PALA-01,88.35,3194.26,0.73,54.47,81.98,1627.5,26.17,99.68,3171.5,0,NORMAL
PALA-02,79.89,3252.16,1.68,49.85,82.33,1664.2,24.89,149.65,2700.6,0,NORMAL
PALA-02,89.48,3134.29,1.42,56.62,80.75,1759.5,26.63,152.65,3490.0,0,NORMAL
PALA-03,78.08,3357.63,1.46,61.6,80.11,1682.6,26.27,163.08,2746.0,0,NORMAL
PALA-02,88.44,3108.97,3.58,52.16,80.7,1456.2,24.15,69.88,159.2,0,NORMAL
PALA-02,82.9,3089.26,1.21,57.26,78.37,1808.4,25.97,132.06,766.7,0,NORMAL
PALA-01,87.81,3237.8,1.02,49.62,80.96,1880.2,26.38,153.62,3261.9,0,NORMAL
PALA-03,90.56,3029.34,2.12,53.91,74.51,1771.9,27.53,175.45,3328.1,0,NORMAL
PALA-02,76.9,3538.38,1.58,51.43,81.69,1665.2,26.03,239.04,1946.3,0,NORMAL
PALA-02,87.74,3596.91,2.88,63.01,76.18,1744.6,25.09,183.07,1603.9,0,NORMAL
CARG-02,75.66,3168.35,2.43,48.6,81.38,1574.0,24.98,125.11,2203.4,0,NORMAL
CARG-01,77.29,3000.41,2.62,54.44,82.28,1847.3,25.98,130.92,3154.9,0,NORMAL
CARG-02,78.38,3310.59,2.5,60.85,86.67,1779.7,25.61,136.17,1662.4,0,NORMAL
PALA-02,84.27,3163.22,2.4,44.28,82.27,1656.0,26.23,146.3,2259.5,0,NORMAL
PALA-01,82.15,3461.44,1.71,56.16,79.93,1729.8,26.54,167.91,842.1,0,NORMAL
PALA-03,81.25,3108.31,2.21,54.56,78.48,1843.8,26.83,126.97,1951.8,0,NORMAL
PALA-01,82.66,3348.01,5.65,50.59,83.87,1859.7,26.85,152.34,515.8,0,NORMAL
PALA-02,84.66,3270.52,1.9,60.08,80.6,1711.1,25.92,153.02,108.8,0,NORMAL
PALA-01,85.01,3128.27,1.02,62.58,77.99,1977.6,26.9,171.84,2036.1,0,NORMAL
CARG-01,86.92,3293.21,2.39,57.29,81.61,1884.2,25.18,145.74,2455.1,0,NORMAL
PALA-01,90.19,3408.14,1.09,52.52,73.57,1783.3,26.51,133.19,853.4,0,NORMAL
CARG-02,81.9,3265.63,2.95,46.77,81.32,1672.5,26.57,135.36,742.7,0,NORMAL
CARG-02,79.66,2356.54,1.18,35.49,77.88,1676.2,26.5,173.72,2409.6,1,FALLA_PRESION_HIDRAULICA
PALA-02,84.76,3092.9,1.46,53.23,79.69,1744.1,25.57,134.61,2171.1,0,NORMAL
CARG-01,76.85,3455.96,1.29,53.54,88.98,1706.8,25.66,184.48,2884.5,0,NORMAL
PALA-03,78.95,3438.02,3.11,51.52,79.06,1924.0,26.92,172.83,982.7,0,NORMAL
CARG-01,86.5,3176.1,2.86,51.08,84.16,1607.6,26.07,121.88,2471.5,0,NORMAL
PALA-02,81.44,3227.63,2.57,54.15,85.2,1780.7,26.87,203.35,705.6,0,NORMAL
CARG-01,76.56,3504.56,1.56,47.84,84.42,1479.8,25.91,162.79,906.0,0,NORMAL
PALA-02,75.3,2121.64,2.51,33.95,82.48,1765.3,28.68,136.69,1794.2,1,FALLA_PRESION_HIDRAULICA
CARG-02,82.22,3358.77,3.04,50.18,76.57,1824.6,26.18,224.04,2926.2,0,NORMAL
PALA-02,87.14,3149.45,1.98,54.56,78.4,1892.8,27.36,159.58,1059.2,0,NORMAL
PALA-02,87.08,3570.05,1.32,52.38,76.34,1649.0,28.3,172.54,726.1,0,NORMAL
CARG-01,82.5,3261.42,2.61,57.25,79.59,1634.6,27.29,160.54,2185.5,0,NORMAL
CARG-01,109.81,3476.87,3.19,56.98,98.37,1842.8,26.12,210.46,1235.3,1,FALLA_TERMICA
PALA-03,81.53,3112.96,2.93,56.54,77.34,1863.4,26.32,222.32,1439.2,0,NORMAL
PALA-01,81.38,3025.26,3.09,48.16,83.19,1692.7,23.75,169.06,2087.5,0,NORMAL
PALA-02,70.45,3207.83,2.32,53.04,79.03,1484.9,24.53,162.5,363.5,0,NORMAL
CARG-02,79.99,3297.28,3.16,62.01,79.55,1592.9,26.39,192.71,1119.3,0,NORMAL
CARG-01,85.83,3158.07,3.45,52.29,74.72,1708.9,25.93,143.09,2059.8,0,NORMAL
CARG-01,89.04,3386.5,1.9,59.25,81.28,1549.8,25.51,168.65,526.0,0,NORMAL
PALA-01,78.26,3212.21,1.83,53.95,80.62,1807.4,26.43,137.19,1927.1,0,NORMAL
PALA-02,84.08,3960.15,1.65,52.45,78.6,1627.3,25.93,358.69,2526.2,1,FALLA_SOBRECARGA
PALA-03,86.71,3349.51,1.02,54.93,82.52,1711.3,25.62,198.01,1776.5,0,NORMAL
CARG-01,82.05,3091.14,0.9,49.84,81.48,1851.4,27.2,222.4,1790.0,0,NORMAL
PALA-01,71.73,3184.91,5.02,58.5,83.35,1764.1,25.37,142.82,582.1,0,NORMAL
CARG-02,83.11,3529.56,0.56,49.73,83.53,1953.3,26.96,191.79,153.0,0,NORMAL
PALA-03,85.43,3569.11,1.86,56.77,83.86,1887.7,26.59,174.82,298.3,0,NORMAL
PALA-01,77.74,3146.41,3.65,59.39,87.67,1595.3,27.49,170.7,1807.5,0,NORMAL
PALA-02,80.86,3354.0,1.5,56.13,81.51,1791.1,26.02,217.94,1598.4,0,NORMAL
PALA-02,76.8,3150.59,1.39,51.15,77.22,1738.3,25.32,128.07,2854.4,0,NORMAL
PALA-03,70.43,3198.36,1.01,54.93,79.28,1862.5,25.89,138.81,1352.1,0,NORMAL
PALA-01,86.62,3140.96,1.93,50.33,79.39,1782.8,26.37,141.31,3266.3,0,NORMAL
PALA-01,81.98,2939.62,3.11,52.94,77.32,1660.0,27.19,109.47,1210.7,0,NORMAL
CARG-01,89.19,3267.11,1.73,51.38,70.95,1777.1,27.04,90.27,1968.9,0,NORMAL
PALA-01,85.86,3301.87,2.07,50.19,81.92,1675.7,26.23,154.06,2369.0,0,NORMAL
PALA-01,80.41,3129.22,2.7,57.15,81.13,1642.4,26.34,186.05,2702.0,0,NORMAL
PALA-02,81.63,3445.8,1.27,58.92,88.66,1706.6,26.96,152.2,2304.8,0,NORMAL
PALA-03,84.55,3171.51,1.06,59.27,88.4,1749.9,19.92,131.39,483.8,1,FALLA_ELECTRICA
CARG-01,86.35,3135.3,2.97,55.21,83.72,1876.0,26.66,202.5,2420.4,0,NORMAL
PALA-02,115.06,3344.77,1.88,61.35,101.01,1660.4,26.63,120.29,53.3,1,FALLA_TERMICA
CARG-01,86.98,2972.32,1.04,50.62,77.68,1490.0,26.59,95.3,1209.0,0,NORMAL
PALA-03,80.66,3413.2,4.35,60.43,81.75,1696.4,26.62,106.67,1701.0,0,NORMAL
PALA-01,77.51,3177.61,0.87,58.55,80.53,1750.8,26.62,214.72,1472.3,0,NORMAL
PALA-01,81.71,3428.07,1.73,54.2,81.58,1741.9,25.6,152.89,958.5,0,NORMAL
PALA-02,82.92,3481.86,5.49,55.12,77.92,1689.6,25.11,204.52,3013.1,0,NORMAL
PALA-02,76.59,3365.23,2.24,59.18,82.68,1834.0,25.7,202.7,3476.2,0,NORMAL
CARG-01,75.98,3103.84,3.42,57.31,75.52,1757.5,26.03,92.36,2327.1,0,NORMAL
PALA-03,84.01,3024.85,1.27,55.31,93.14,1792.4,26.93,162.17,478.0,0,NORMAL
PALA-02,80.17,2991.87,2.54,51.75,86.79,1499.6,26.18,187.05,693.4,0,NORMAL
PALA-01,81.25,3448.52,1.81,49.38,86.31,1699.2,26.56,122.37,62.4,0,NORMAL
PALA-01,80.38,3225.74,2.2,54.54,75.9,1703.3,26.46,114.9,1316.2,0,NORMAL
PALA-03,88.84,3142.14,1.37,48.28,74.52,1922.1,26.8,177.62,2879.5,0,NORMAL
PALA-02,87.68,3226.23,1.99,57.66,82.1,1707.3,26.06,118.14,860.9,0,NORMAL
PALA-03,76.43,3444.51,4.49,45.13,79.78,1640.8,25.82,170.05,1443.8,0,NORMAL
PALA-01,79.6,3390.17,2.39,55.53,88.39,1633.7,25.08,186.36,3328.1,0,NORMAL
PALA-03,85.83,3328.93,3.63,52.62,83.51,1837.5,26.67,191.1,1882.1,0,NORMAL
CARG-02,84.71,3364.82,2.97,51.8,80.84,1650.3,24.01,188.25,3292.9,0,NORMAL
PALA-02,81.81,3282.43,4.04,52.62,86.92,1617.6,26.53,204.86,222.2,0,NORMAL
PALA-02,76.88,3304.38,3.49,39.59,81.73,1830.0,27.11,124.75,2375.2,0,NORMAL
CARG-02,78.93,3289.78,4.36,51.79,81.92,1767.0,26.28,219.09,502.1,0,NORMAL
PALA-02,79.67,3249.99,1.99,49.66,85.17,1691.7,26.69,142.05,151.2,0,NORMAL
PALA-03,83.25,3385.61,2.21,49.72,78.29,1560.7,26.06,122.19,963.2,0,NORMAL
PALA-01,89.67,3315.03,1.67,69.6,85.07,1786.5,26.4,197.62,117.0,0,NORMAL
PALA-03,78.91,3091.47,1.01,47.06,83.26,1819.2,26.27,181.73,602.8,0,NORMAL
PALA-01,77.38,3345.2,4.0,55.98,77.32,1605.6,26.96,100.35,743.4,0,NORMAL
CARG-02,81.51,3294.5,1.24,50.02,88.83,1763.8,26.17,190.59,3488.5,0,NORMAL
CARG-01,86.64,3360.05,0.79,49.44,79.17,1707.9,25.45,169.94,254.3,0,NORMAL
CARG-01,75.49,3231.24,1.6,47.27,74.46,1613.9,26.66,161.16,3329.9,0,NORMAL
CARG-01,88.54,3396.11,3.02,59.64,77.89,1666.7,26.3,143.37,1373.6,0,NORMAL
PALA-03,81.23,3238.95,3.86,60.02,76.86,1714.4,25.84,205.82,1922.6,0,NORMAL
PALA-02,78.7,3380.3,2.98,50.9,81.78,1561.8,26.92,215.41,165.6,0,NORMAL
CARG-02,74.8,3167.84,2.81,58.56,87.49,1788.5,28.0,182.68,68.5,0,NORMAL
CARG-02,85.18,3180.29,5.59,48.82,81.99,1634.8,26.78,116.32,894.2,0,NORMAL
PALA-02,81.23,3358.37,0.98,51.99,87.34,1639.5,27.04,117.19,2420.1,0,NORMAL
CARG-02,82.77,3190.28,2.19,57.39,85.27,1780.7,26.52,131.09,2444.4,0,NORMAL
PALA-03,77.95,3647.04,1.51,48.99,70.33,1665.7,27.54,193.71,2069.7,0,NORMAL
PALA-03,80.56,3351.96,2.66,50.3,84.6,1694.1,26.92,148.68,1648.3,0,NORMAL
PALA-02,79.81,3254.49,1.59,54.12,78.68,1707.3,25.95,181.73,878.8,0,NORMAL
PALA-01,81.55,3397.58,0.51,54.19,83.05,1627.0,26.88,139.19,2938.5,0,NORMAL
PALA-01,78.99,3163.48,2.66,48.61,80.77,1657.8,26.75,209.03,2027.6,0,NORMAL
PALA-01,75.1,3416.14,2.51,65.16,92.14,1717.9,26.08,119.62,1235.5,0,NORMAL
PALA-03,94.28,3411.14,1.5,49.78,82.74,1718.1,27.39,152.24,561.0,0,NORMAL
PALA-02,75.86,3475.64,1.66,58.76,83.34,1783.2,25.39,151.71,2324.9,0,NORMAL
PALA-02,82.82,3170.65,1.14,56.98,85.31,1788.6,26.7,183.99,724.4,0,NORMAL
CARG-02,74.03,3029.91,1.96,49.97,75.04,1866.2,26.05,172.61,1856.8,0,NORMAL
PALA-02,73.01,3140.17,7.44,56.32,85.33,1539.2,25.11,211.86,1550.7,0,NORMAL
PALA-02,82.44,3199.31,4.67,49.8,80.14,1829.6,26.49,205.4,741.7,0,NORMAL
PALA-01,82.78,3550.1,1.7,54.35,78.23,1679.1,26.07,135.5,2740.3,0,NORMAL
PALA-01,87.68,3645.1,2.17,58.12,84.28,1799.0,25.93,161.53,1630.8,0,NORMAL
CARG-01,83.8,3312.04,1.36,51.21,75.05,1760.7,25.55,159.73,137.5,0,NORMAL
PALA-03,81.33,3251.69,3.5,56.06,84.76,1650.7,28.01,141.07,1786.9,0,NORMAL
CARG-01,77.73,3187.02,0.82,51.12,80.37,1902.4,24.43,106.07,762.6,0,NORMAL
PALA-01,88.75,3398.44,1.12,54.88,80.6,1811.3,24.67,159.3,3476.2,0,NORMAL
PALA-03,86.18,3643.94,0.62,54.53,72.02,1770.5,26.82,190.58,2283.7,0,NORMAL
PALA-02,76.39,3571.45,1.35,52.17,84.6,1982.8,26.77,166.75,384.0,0,NORMAL
PALA-01,82.17,3454.84,1.26,44.84,81.99,1603.1,25.29,171.82,1791.1,0,NORMAL
PALA-01,82.65,3452.19,0.96,57.9,79.13,1723.0,25.92,210.2,1413.8,0,NORMAL
PALA-01,80.44,3399.82,1.46,63.95,77.29,1787.5,26.9,129.44,2094.3,0,NORMAL
PALA-02,85.47,3241.49,2.16,54.7,84.13,1592.0,26.18,132.18,2325.7,0,NORMAL
PALA-01,85.74,3117.42,1.35,50.93,82.39,1640.3,27.04,144.99,1615.7,0,NORMAL
CARG-02,81.14,3246.25,0.99,55.04,81.02,1839.6,26.36,197.74,2254.9,0,NORMAL
PALA-02,80.74,4443.08,1.59,59.73,77.05,1660.4,25.98,381.73,1042.4,1,FALLA_SOBRECARGA
PALA-01,88.75,2988.35,2.2,60.4,82.21,1824.6,25.23,169.27,177.8,0,NORMAL
PALA-01,86.2,3222.47,0.95,58.56,81.97,1644.4,26.35,210.02,242.4,0,NORMAL
PALA-03,82.33,3101.33,2.53,56.23,86.26,1962.4,25.89,127.56,2990.4,0,NORMAL
PALA-01,74.67,3432.49,0.77,57.38,76.21,1438.9,27.2,145.21,1227.2,0,NORMAL
CARG-02,83.55,3151.05,1.59,54.59,78.14,1841.0,27.16,172.72,3304.9,0,NORMAL
CARG-02,85.14,3309.08,1.52,49.22,88.77,1750.1,26.2,152.86,1680.3,0,NORMAL
PALA-01,69.6,3124.0,0.54,52.11,81.77,1536.3,26.37,189.66,2958.2,0,NORMAL
PALA-02,83.13,3537.59,4.92,52.39,82.01,1693.2,26.1,220.49,523.4,0,NORMAL
PALA-01,80.12,2943.86,1.99,55.46,84.86,1488.8,25.98,156.78,3009.9,0,NORMAL
PALA-03,81.01,3335.65,1.41,45.18,88.25,1762.3,25.54,174.35,3287.5,0,NORMAL
PALA-02,77.92,3020.09,0.42,56.56,76.35,1648.4,26.45,192.47,3342.1,0,NORMAL
PALA-02,81.33,3158.32,2.72,43.94,89.73,1486.0,26.17,186.77,1086.6,0,NORMAL
PALA-01,88.26,3287.11,1.53,56.06,80.83,1739.9,27.59,221.97,2530.3,0,NORMAL
PALA-03,79.99,3295.96,2.71,59.85,82.06,1737.4,26.12,174.58,265.5,0,NORMAL
PALA-02,86.35,3291.27,1.33,58.47,81.24,1972.8,28.32,161.87,1048.2,0,NORMAL
PALA-01,78.37,3277.31,2.78,49.52,86.99,1819.4,27.85,126.02,1189.5,0,NORMAL
PALA-03,85.41,3134.47,0.91,57.12,84.83,1433.5,25.82,172.27,2495.7,0,NORMAL
PALA-03,82.01,3220.47,3.95,57.52,80.42,1656.6,26.34,127.87,1159.4,0,NORMAL
CARG-02,83.58,3255.69,1.83,62.53,76.49,1852.6,25.16,126.45,278.8,0,NORMAL
PALA-01,82.03,3285.16,2.19,55.83,80.03,1524.8,26.06,174.49,1663.6,0,NORMAL
CARG-01,84.89,3238.18,2.87,59.13,75.65,1627.4,26.7,148.42,1084.9,0,NORMAL
PALA-03,104.42,3381.33,2.0,51.81,110.57,1720.2,26.56,75.29,2711.2,1,FALLA_TERMICA
PALA-01,75.61,3266.81,2.73,49.74,78.29,1656.6,25.75,241.25,1826.4,0,NORMAL
PALA-03,83.88,3286.24,0.89,58.32,80.59,1910.9,26.34,109.14,1112.5,0,NORMAL
PALA-02,72.8,3181.12,1.99,58.39,85.69,1742.0,26.8,151.09,238.7,0,NORMAL
CARG-02,79.61,3060.56,3.49,50.82,84.23,1724.0,26.3,118.44,800.6,0,NORMAL
PALA-01,81.76,3277.73,1.91,47.94,82.53,1610.0,27.48,151.07,636.2,0,NORMAL
PALA-03,78.27,3467.34,3.83,54.62,77.82,1587.7,26.33,144.61,1252.9,0,NORMAL
PALA-02,78.89,2235.99,1.91,25.05,82.94,1732.5,25.13,136.45,177.1,1,FALLA_PRESION_HIDRAULICA
CARG-02,83.22,3102.85,2.06,55.17,77.82,1710.4,25.12,156.62,195.1,0,NORMAL
PALA-02,86.54,3396.65,1.06,58.43,82.98,1573.9,26.1,122.82,3206.1,0,NORMAL
CARG-02,77.69,4195.88,0.97,59.14,75.77,1748.1,25.45,340.84,3127.3,1,FALLA_SOBRECARGA
CARG-02,79.41,3378.64,2.13,54.04,85.83,1726.9,25.1,175.23,2499.3,0,NORMAL
PALA-02,78.71,3183.62,1.85,49.02,81.8,1683.0,26.06,162.3,2537.6,0,NORMAL
CARG-01,71.1,3313.6,0.4,50.37,80.95,1863.1,27.04,178.93,320.4,0,NORMAL
CARG-02,82.64,3156.67,3.25,51.02,82.56,1718.5,26.03,196.19,560.9,0,NORMAL
PALA-02,86.21,3161.25,0.91,53.4,80.54,1691.4,26.66,110.78,1017.0,0,NORMAL
PALA-02,86.57,2968.07,2.0,51.43,81.27,1855.7,27.55,216.28,1776.0,0,NORMAL
PALA-03,78.08,3342.17,2.07,52.78,86.17,1701.9,26.71,218.53,2975.3,0,NORMAL
PALA-02,76.37,3316.63,3.11,54.37,85.23,1671.8,25.65,190.06,3444.5,0,NORMAL
PALA-01,82.1,3326.76,4.1,50.78,83.85,1579.6,26.38,148.57,2737.4,0,NORMAL
PALA-01,85.73,3299.56,4.09,55.61,82.01,1727.3,26.05,234.45,577.8,0,NORMAL
PALA-02,82.7,3112.79,1.98,63.14,79.73,1831.9,26.8,199.18,3149.4,0,NORMAL
PALA-02,83.3,3423.86,3.45,53.17,85.29,1670.0,26.55,107.65,2438.1,0,NORMAL
PALA-01,87.14,3428.7,2.36,50.59,77.36,1560.5,26.17,146.84,356.4,0,NORMAL
CARG-02,78.67,3108.12,2.0,55.53,88.14,1841.3,26.46,181.17,1224.6,0,NORMAL
CARG-01,81.01,3345.78,1.51,50.02,83.85,1846.0,26.14,115.63,2822.6,0,NORMAL
PALA-01,89.36,3407.5,1.26,53.26,85.73,1790.2,25.12,198.6,3059.5,0,NORMAL
PALA-03,81.11,3165.38,3.05,50.61,82.87,1731.5,24.85,153.14,2632.0,0,NORMAL
PALA-03,76.3,3196.71,1.19,48.65,80.51,1770.4,27.1,125.47,1711.0,0,NORMAL
CARG-02,78.99,3346.14,2.1,49.61,84.79,1534.0,27.22,153.84,3486.4,0,NORMAL
PALA-01,77.78,2978.14,3.21,50.7,75.37,1650.1,26.55,140.6,58.5,0,NORMAL
PALA-01,83.61,3054.07,1.23,48.79,78.65,1801.1,27.15,99.78,415.1,0,NORMAL
CARG-02,77.97,3071.84,2.07,60.39,80.24,1760.6,27.77,158.58,1639.9,0,NORMAL
CARG-02,83.22,2926.66,1.67,56.16,75.48,1828.3,26.04,145.35,2496.7,0,NORMAL
CARG-01,78.69,3445.29,1.88,58.71,83.55,1904.1,25.81,164.05,143.5,0,NORMAL
CARG-01,72.44,2892.14,2.24,47.21,86.06,1571.8,26.99,122.22,1528.0,0,NORMAL
PALA-01,83.38,3311.76,1.71,52.53,74.16,1778.0,27.52,165.64,916.6,0,NORMAL
PALA-03,82.67,3396.1,3.51,56.1,79.34,1689.0,25.86,244.51,1982.9,0,NORMAL
PALA-01,84.33,3197.15,0.77,62.26,80.32,1666.4,27.58,116.27,1133.1,0,NORMAL
PALA-01,78.97,3129.69,2.85,50.24,82.29,2016.6,26.1,162.28,2305.2,0,NORMAL
CARG-01,78.49,3291.91,1.76,47.57,84.42,1531.6,26.58,171.18,556.9,0,NORMAL
PALA-01,83.81,3250.33,0.89,54.95,79.88,1698.2,26.11,162.31,2672.1,0,NORMAL
PALA-02,88.84,3430.63,1.72,50.63,84.76,1691.6,26.6,159.13,1932.6,0,NORMAL
CARG-02,82.05,2776.87,5.07,62.53,81.35,1725.7,25.56,162.73,2642.8,0,NORMAL
PALA-01,83.91,3084.63,1.32,56.71,78.59,1483.3,27.22,144.96,1735.4,0,NORMAL
CARG-02,80.55,3351.08,1.31,52.57,81.92,1602.3,25.09,218.79,1360.5,0,NORMAL
CARG-02,75.05,3259.08,2.2,52.59,75.95,1725.9,25.65,174.47,868.6,0,NORMAL
PALA-03,86.35,3385.37,2.82,53.37,79.98,1552.6,27.44,138.19,3105.4,0,NORMAL
PALA-01,86.09,3297.16,3.19,44.88,80.3,1834.4,28.21,202.39,1556.7,0,NORMAL
PALA-02,85.2,3225.75,3.38,54.21,78.58,1789.6,25.98,134.67,1690.5,0,NORMAL
PALA-02,81.18,3195.59,1.68,51.57,91.13,1529.5,27.63,120.28,1868.4,0,NORMAL
PALA-02,84.69,3668.51,2.41,57.16,86.21,1692.4,27.43,145.26,1843.0,0,NORMAL
PALA-02,86.02,3526.29,6.55,49.51,81.8,1765.1,26.73,210.21,2872.0,1,FALLA_DESGASTE_RODAMIENTOS
CARG-02,89.29,3339.19,1.77,57.41,82.71,1554.9,26.02,120.88,514.9,0,NORMAL
PALA-01,86.45,3264.12,2.89,56.71,83.07,1530.7,27.52,149.98,2926.1,0,NORMAL
CARG-01,82.29,3346.86,0.82,54.8,83.5,1605.1,26.25,139.55,1238.0,0,NORMAL
PALA-01,76.11,3398.83,2.55,60.27,87.25,2042.5,26.77,189.98,575.8,0,NORMAL
PALA-03,82.7,3325.39,1.13,44.58,84.71,1851.3,24.67,122.37,641.9,0,NORMAL
CARG-02,83.15,3114.75,0.8,56.22,73.06,1647.0,26.08,182.06,1296.5,0,NORMAL
PALA-02,85.19,3571.21,1.31,53.78,84.33,1560.3,25.91,113.31,940.1,0,NORMAL
PALA-01,88.09,3294.32,2.43,53.63,77.65,1621.0,26.5,198.26,2929.6,0,NORMAL
PALA-03,81.57,3612.51,2.75,49.09,78.78,1902.7,26.15,179.53,3082.3,0,NORMAL
CARG-01,91.45,3283.69,1.21,46.9,84.93,1964.1,25.99,185.68,2506.0,0,NORMAL
PALA-03,74.08,3205.78,6.37,58.46,73.55,1622.6,26.4,166.31,2850.7,0,NORMAL
PALA-02,83.89,3499.15,2.52,57.94,87.85,1757.3,25.78,122.69,95.1,0,NORMAL
PALA-02,100.81,3304.21,1.51,62.99,101.38,1688.5,25.08,187.83,345.9,1,FALLA_TERMICA
CARG-02,73.42,3274.02,1.6,63.81,82.33,1872.4,26.04,180.58,2844.6,0,NORMAL
CARG-02,81.09,3864.25,4.03,46.26,84.34,1588.7,26.22,313.91,1671.7,1,FALLA_SOBRECARGA
PALA-02,75.44,3368.84,3.11,53.23,85.59,1837.5,27.0,116.68,3293.3,0,NORMAL
CARG-01,81.27,1871.11,1.8,33.62,81.89,1559.2,26.24,162.42,2980.7,1,FALLA_PRESION_HIDRAULICA
PALA-02,82.16,3169.4,1.88,58.81,84.1,1833.7,26.71,165.19,1216.3,0,NORMAL
PALA-02,87.03,3161.7,0.52,61.13,77.08,1617.9,25.82,185.57,1156.5,0,NORMAL
PALA-01,75.22,3329.03,4.05,48.85,84.25,1682.3,26.39,138.11,3094.7,0,NORMAL
PALA-02,86.09,3816.61,1.15,51.3,83.43,1642.5,25.02,335.41,1550.2,1,FALLA_SOBRECARGA
PALA-03,82.44,3212.05,1.53,60.85,86.76,1955.3,25.9,194.33,1599.4,0,NORMAL
PALA-01,86.63,3426.45,1.59,45.63,81.7,1839.3,24.22,87.24,1894.9,0,NORMAL
PALA-02,80.06,3025.78,11.55,48.62,82.23,1670.6,25.45,78.48,3479.7,1,FALLA_DESGASTE_RODAMIENTOS
CARG-01,76.0,3281.12,2.04,56.19,77.31,1621.0,25.38,166.24,1300.3,0,NORMAL
PALA-03,76.52,3136.35,3.26,64.27,81.0,1877.6,26.89,169.97,1491.3,0,NORMAL
PALA-03,76.19,3177.34,0.51,45.61,83.45,1312.2,26.68,137.95,1599.7,0,NORMAL
CARG-02,112.8,3547.93,1.51,54.3,111.3,1777.5,27.25,108.22,2941.6,1,FALLA_TERMICA
PALA-01,88.65,2952.91,2.61,56.77,87.85,1604.9,25.34,223.77,1488.9,0,NORMAL
PALA-03,79.46,3387.81,1.97,61.35,82.85,1990.5,27.06,162.34,2922.7,0,NORMAL
CARG-01,84.83,3163.97,5.83,56.23,80.63,2047.7,25.94,163.9,1960.5,0,NORMAL
PALA-03,75.14,3155.02,2.94,44.79,83.23,1723.7,27.84,142.54,2120.2,0,NORMAL
PALA-02,82.81,4218.84,2.67,47.57,78.77,1676.1,26.26,289.62,2252.8,1,FALLA_SOBRECARGA
PALA-01,85.01,3385.7,1.21,60.86,86.3,1728.2,27.68,150.42,1372.0,0,NORMAL
CARG-02,75.48,3215.55,3.11,56.2,78.23,1645.4,28.7,208.06,2144.2,0,NORMAL
PALA-02,81.08,3192.82,4.13,48.37,79.38,1624.7,26.74,246.89,663.9,0,NORMAL
CARG-02,85.22,3269.77,1.89,56.47,76.7,1748.1,27.83,132.38,1142.2,0,NORMAL
PALA-03,68.8,3219.35,2.19,55.54,81.33,1794.9,26.14,198.21,2990.0,0,NORMAL
PALA-03,88.01,2889.88,4.86,41.53,83.58,1736.0,27.45,216.43,1305.3,0,NORMAL
CARG-01,83.59,1782.94,3.33,16.22,87.61,1754.8,26.35,131.03,1391.8,1,FALLA_PRESION_HIDRAULICA
PALA-03,85.23,3411.18,1.46,55.55,80.77,1644.1,26.85,140.33,3154.1,0,NORMAL
PALA-02,80.14,2978.81,4.79,64.18,80.1,1607.9,26.8,118.16,1226.1,0,NORMAL
PALA-03,74.25,3053.81,2.74,55.32,70.33,1606.8,26.26,139.24,2286.3,0,NORMAL
CARG-01,84.4,3173.18,2.34,41.75,81.89,1812.6,25.21,129.65,3309.9,0,NORMAL
PALA-02,81.63,3119.39,3.66,45.94,81.11,1729.6,25.31,152.3,3493.9,0,NORMAL
PALA-02,82.14,3244.98,2.85,57.13,81.06,1744.2,27.33,115.35,1901.7,0,NORMAL
PALA-01,86.89,3053.25,10.7,57.67,87.02,1761.0,26.55,181.06,3767.1,1,FALLA_DESGASTE_RODAMIENTOS
CARG-02,85.43,3180.19,2.86,53.03,83.18,1713.1,27.18,189.48,1549.0,0,NORMAL
PALA-01,90.65,3241.36,1.42,51.58,79.34,1733.0,26.0,144.86,2637.1,0,NORMAL
PALA-03,82.69,3366.81,3.66,57.97,77.38,1875.5,26.12,122.54,2532.0,0,NORMAL
PALA-02,78.89,3474.06,1.99,59.52,76.37,1813.2,26.11,167.09,1362.9,0,NORMAL
PALA-02,81.15,3202.92,0.94,57.47,79.22,1699.3,25.06,169.47,243.7,0,NORMAL
PALA-03,83.87,3589.85,1.76,49.23,82.5,1663.3,26.12,135.16,2210.2,0,NORMAL
PALA-01,86.57,3216.9,3.3,58.5,72.56,1843.3,26.15,145.39,166.5,0,NORMAL
PALA-03,75.4,3399.2,1.75,52.23,80.46,1759.9,26.39,143.75,2252.7,0,NORMAL
CARG-01,82.04,3597.67,2.29,50.99,84.21,1683.0,26.2,187.78,2859.4,0,NORMAL
CARG-01,89.24,3275.08,0.46,50.8,76.86,1565.0,27.49,166.89,2038.8,0,NORMAL
PALA-01,80.92,3002.77,1.67,54.11,80.29,1923.3,25.94,96.06,1198.9,0,NORMAL
CARG-02,86.19,3266.36,0.78,56.85,77.03,1584.8,27.07,243.59,1787.1,0,NORMAL
PALA-03,84.22,3139.9,1.74,43.9,70.17,1754.1,26.64,144.81,1288.8,0,NORMAL
CARG-02,86.3,3200.6,3.1,50.35,77.8,1939.0,26.42,186.38,432.4,0,NORMAL
PALA-02,78.36,3607.3,1.91,51.7,76.75,1679.1,27.0,162.18,1144.6,0,NORMAL
PALA-03,78.38,3029.9,1.57,59.18,84.1,1714.5,26.13,142.42,1731.4,0,NORMAL
CARG-02,112.75,3304.08,0.7,49.67,105.62,1822.4,25.98,193.45,1230.9,1,FALLA_TERMICA
CARG-02,75.11,3092.01,1.19,52.35,76.83,1576.8,26.11,223.2,129.1,0,NORMAL
PALA-02,80.79,3194.62,1.13,58.05,86.17,1519.6,26.57,120.83,368.8,0,NORMAL
PALA-02,83.14,3384.07,2.63,54.2,83.9,1677.1,24.93,132.59,473.9,0,NORMAL
PALA-02,90.03,3307.27,1.86,61.67,79.97,1729.7,26.27,214.14,1481.4,0,NORMAL
PALA-02,83.81,3209.49,2.9,53.25,82.32,1728.3,26.95,232.42,170.2,0,NORMAL
PALA-02,84.81,3133.04,3.07,63.41,77.22,1890.1,26.38,173.09,1701.0,0,NORMAL
PALA-02,87.24,3306.89,2.03,64.31,71.15,1606.5,26.49,207.23,263.9,0,NORMAL
CARG-02,77.66,3557.38,1.83,56.29,81.36,1702.8,26.77,143.45,3195.2,0,NORMAL
PALA-01,81.26,3087.76,2.66,56.09,75.54,1900.9,26.47,101.66,3478.2,0,NORMAL
PALA-03,92.91,3594.1,1.54,56.8,80.09,1686.7,25.1,157.61,1360.6,0,NORMAL
PALA-01,81.64,3465.91,0.74,58.08,82.64,1958.4,27.57,210.02,2747.3,0,NORMAL
PALA-02,87.02,3496.48,0.94,54.62,73.23,1691.9,28.49,134.77,3137.8,0,NORMAL
PALA-01,86.34,3305.52,2.93,59.84,81.83,1636.7,27.62,216.72,2966.9,0,NORMAL
PALA-02,75.35,3460.8,1.84,56.5,84.31,1715.3,26.23,203.7,1972.9,0,NORMAL
CARG-01,83.4,3068.41,2.84,60.93,72.68,1751.2,25.69,166.09,1613.4,0,NORMAL
CARG-02,82.66,3129.75,1.33,46.74,83.82,1670.6,27.61,260.53,1170.6,0,NORMAL
PALA-01,83.48,3387.85,1.37,55.08,88.6,1767.8,26.51,154.67,350.2,0,NORMAL
PALA-02,78.61,3303.25,3.27,59.08,79.98,1702.1,27.14,114.49,3397.9,0,NORMAL
PALA-02,76.97,3223.29,0.94,48.29,83.96,1872.3,25.61,148.55,259.2,0,NORMAL
CARG-02,79.86,2799.53,1.12,56.15,76.98,1780.9,26.81,173.2,696.1,0,NORMAL
CARG-01,81.56,3171.61,1.04,57.04,84.68,1721.3,26.71,136.68,1800.5,0,NORMAL
PALA-03,87.33,3038.67,2.69,62.64,83.04,1682.0,27.51,135.98,338.4,0,NORMAL
PALA-03,90.18,3338.84,2.77,52.3,81.87,1816.3,27.05,176.83,2482.9,0,NORMAL
CARG-01,88.28,3215.59,1.3,55.06,81.64,1723.7,26.53,189.91,91.9,0,NORMAL
PALA-01,85.87,3136.91,11.26,51.22,82.58,1665.7,27.91,170.4,3075.8,1,FALLA_DESGASTE_RODAMIENTOS
PALA-02,77.48,3725.72,0.97,53.3,80.74,1633.2,26.19,158.55,3224.7,0,NORMAL
CARG-02,80.16,3436.87,3.69,62.1,77.11,1803.9,27.63,140.07,2391.6,0,NORMAL
CARG-01,82.94,3440.06,1.53,53.85,80.41,1663.4,26.85,135.0,2240.6,0,NORMAL
PALA-03,79.15,4718.6,1.93,50.45,80.81,1684.0,26.99,335.18,2090.4,1,FALLA_SOBRECARGA
PALA-03,84.6,3394.39,1.59,53.09,76.3,1786.4,28.78,116.03,301.4,0,NORMAL
PALA-02,85.24,3111.23,2.36,51.41,80.56,1848.5,24.69,139.16,1218.8,0,NORMAL
PALA-03,84.41,3090.18,1.99,51.79,80.75,1791.4,25.29,170.79,2229.4,0,NORMAL
PALA-03,86.61,3423.68,2.93,51.31,78.92,1822.3,27.34,119.59,778.3,0,NORMAL
PALA-02,77.93,2879.32,1.77,51.5,82.41,1805.1,27.13,87.63,65.6,0,NORMAL
CARG-01,86.2,3236.0,1.65,48.07,83.36,1721.0,26.5,143.82,1880.9,0,NORMAL
CARG-02,78.87,2859.2,0.85,54.35,78.35,1767.4,27.3,118.1,1271.9,0,NORMAL
PALA-01,77.77,3267.79,3.05,49.11,81.6,1939.1,25.51,141.45,850.5,0,NORMAL
PALA-02,84.39,3403.73,1.38,59.71,84.64,1696.5,27.96,189.69,2836.0,0,NORMAL
PALA-02,87.47,3300.29,1.16,52.44,76.96,1588.9,27.51,189.42,2473.4,0,NORMAL
PALA-03,84.2,3418.86,0.61,56.04,74.35,1416.8,27.75,158.01,2284.6,0,NORMAL
PALA-01,82.09,3603.67,3.72,56.05,77.24,1952.3,25.14,180.23,3393.6,0,NORMAL
PALA-03,83.4,3224.16,3.31,44.82,83.11,1957.7,20.76,228.9,2308.4,1,FALLA_ELECTRICA
CARG-02,82.61,3755.38,1.2,52.67,79.17,1601.1,16.93,151.1,2568.1,1,FALLA_ELECTRICA
PALA-02,76.93,3288.28,4.19,62.59,76.05,1874.3,28.31,126.07,939.7,0,NORMAL
CARG-02,76.41,3420.85,5.06,50.12,86.08,1843.9,26.61,183.44,2682.2,0,NORMAL
CARG-02,81.65,3140.01,1.74,65.36,76.28,1796.9,25.69,142.37,1935.2,0,NORMAL
PALA-01,82.36,3541.48,4.07,56.72,80.32,1780.4,26.87,122.05,2003.2,0,NORMAL
PALA-01,82.05,3437.51,0.88,56.58,83.95,1630.6,25.05,151.29,532.8,0,NORMAL
CARG-02,85.04,3514.86,3.0,55.2,83.68,1735.5,27.25,173.78,2586.2,0,NORMAL
CARG-02,81.03,3259.81,1.97,59.23,82.67,1761.8,26.06,172.7,2348.8,0,NORMAL
PALA-01,84.53,3024.02,2.14,59.51,78.33,1728.4,26.26,111.55,568.9,0,NORMAL
PALA-01,81.35,3332.87,2.84,53.91,83.23,1713.4,26.6,175.11,669.4,0,NORMAL
PALA-01,90.21,2944.54,9.59,51.85,81.06,1876.0,26.15,108.89,3898.9,1,FALLA_DESGASTE_RODAMIENTOS
CARG-02,82.36,3189.49,2.07,46.88,82.63,1841.9,27.7,114.8,2184.5,0,NORMAL
PALA-01,92.53,3284.39,1.56,58.07,86.48,1824.9,26.17,206.9,575.7,0,NORMAL
PALA-03,83.58,3677.9,2.89,54.33,76.23,1831.9,26.81,99.76,794.1,0,NORMAL
CARG-01,101.18,3307.34,2.73,49.78,105.29,1747.5,26.85,75.82,1666.6,1,FALLA_TERMICA
PALA-01,77.95,3275.12,2.04,51.1,81.57,1859.9,26.43,175.36,3159.2,0,NORMAL
PALA-03,75.51,3238.65,4.56,53.66,84.78,1576.2,25.77,138.99,1791.4,0,NORMAL
PALA-02,77.54,3008.42,1.2,49.09,88.11,1728.3,24.58,146.29,674.4,0,NORMAL
CARG-02,78.04,3265.45,1.54,54.24,87.99,1805.0,27.29,212.02,2975.1,0,NORMAL
PALA-02,83.78,3268.52,1.57,45.9,84.34,1785.2,25.57,197.32,1490.0,0,NORMAL
PALA-03,79.63,3075.65,1.3,51.34,78.61,1764.9,28.01,192.72,2447.7,0,NORMAL
PALA-03,103.16,3036.39,1.63,48.19,98.41,1831.3,25.9,160.99,514.0,1,FALLA_TERMICA
PALA-01,87.77,3163.32,1.47,55.0,83.89,1892.9,27.42,177.96,2690.4,0,NORMAL
PALA-01,81.6,3261.69,0.74,49.11,75.85,1592.4,26.5,143.05,3218.6,0,NORMAL
PALA-02,91.36,1695.48,1.41,30.16,80.07,1756.0,27.67,138.71,2889.4,1,FALLA_PRESION_HIDRAULICA
PALA-02,76.71,3060.84,3.69,65.3,78.05,1633.3,26.7,159.81,156.0,0,NORMAL
CARG-01,81.32,3302.07,1.66,58.32,76.29,1848.4,26.78,181.25,2076.4,0,NORMAL
CARG-01,79.57,3347.0,4.45,57.0,81.99,1806.9,25.47,214.31,2043.5,0,NORMAL
PALA-02,86.21,3271.83,1.58,60.49,84.16,1603.6,27.01,197.54,2865.5,0,NORMAL
PALA-03,71.92,3148.66,2.35,56.56,83.4,1719.2,27.14,183.51,3480.8,0,NORMAL
PALA-03,75.51,3357.07,2.8,46.98,81.47,1539.9,26.54,155.94,3265.0,0,NORMAL
CARG-01,81.52,3215.7,1.38,47.42,79.59,1834.0,27.28,150.84,403.6,0,NORMAL
PALA-02,88.98,3035.96,2.53,40.45,78.9,1655.7,26.73,168.0,2674.6,0,NORMAL
PALA-02,83.02,3436.52,2.2,55.01,84.49,1584.4,27.37,166.19,3251.7,0,NORMAL
PALA-02,75.92,3313.63,1.15,48.7,78.95,1678.5,26.5,122.54,1456.0,0,NORMAL
PALA-03,76.61,3228.53,2.06,51.15,78.84,1790.1,27.29,146.83,3257.0,0,NORMAL
PALA-02,89.53,2967.21,3.92,52.4,82.64,1754.4,26.61,160.98,3169.5,0,NORMAL
PALA-02,79.2,3115.93,1.7,50.96,77.08,1661.3,28.05,182.52,2258.8,0,NORMAL
PALA-01,77.76,3613.34,4.49,53.83,81.34,1707.4,26.13,157.76,3180.9,0,NORMAL
CARG-01,88.65,2978.5,1.62,52.59,78.88,1685.0,26.33,227.36,2602.4,0,NORMAL
PALA-01,86.55,3204.76,2.47,52.09,78.31,1607.9,25.87,138.63,2211.2,0,NORMAL
PALA-01,87.73,3247.06,1.7,46.26,80.0,1496.1,26.09,168.54,1128.3,0,NORMAL
PALA-02,77.72,3307.69,2.22,55.21,84.02,1719.2,25.99,155.69,1976.4,0,NORMAL
PALA-01,75.14,2980.51,0.93,64.88,81.71,1790.2,28.05,174.51,2397.5,0,NORMAL
PALA-03,82.6,3281.35,1.83,55.38,82.17,1718.1,28.07,160.31,1847.6,0,NORMAL
PALA-02,83.51,2946.5,4.4,65.35,84.04,1966.0,26.31,149.18,1779.6,0,NORMAL
PALA-02,83.64,3267.54,2.8,51.16,83.49,1648.5,27.54,179.47,3136.7,0,NORMAL
PALA-03,88.65,3132.57,3.61,52.74,80.29,1715.0,26.27,131.36,3447.4,0,NORMAL
PALA-01,74.2,3094.14,3.28,53.9,83.23,1778.3,26.75,114.0,2522.4,0,NORMAL
PALA-01,85.87,3400.27,0.66,53.15,80.33,1772.9,27.63,193.6,1233.0,0,NORMAL
CARG-02,77.07,3207.59,2.39,59.82,82.75,1689.3,26.21,160.76,3141.9,0,NORMAL
PALA-02,85.85,3335.27,3.17,43.05,85.17,1713.5,25.6,212.74,2888.2,0,NORMAL
PALA-02,79.86,3341.23,1.37,51.73,83.08,1710.0,26.78,160.26,2606.4,0,NORMAL
PALA-01,78.34,3478.59,1.92,62.32,76.01,1802.0,25.75,109.18,1394.2,0,NORMAL
PALA-02,79.26,3032.51,0.99,51.52,79.01,1636.6,26.43,174.79,2129.4,0,NORMAL
PALA-03,75.49,3415.42,4.55,58.64,83.59,1428.0,26.66,97.25,1384.7,0,NORMAL
PALA-03,82.18,3252.96,2.61,57.02,72.38,1678.8,26.95,103.74,647.4,0,NORMAL
CARG-01,78.52,3181.94,2.19,53.64,82.29,1922.5,26.95,160.72,2730.4,0,NORMAL
PALA-01,85.54,3043.13,1.28,55.58,82.07,1816.2,26.65,167.1,2464.0,0,NORMAL
PALA-02,84.88,3359.19,1.15,53.57,91.91,1531.8,27.09,164.68,1091.8,0,NORMAL
CARG-01,89.6,3084.0,1.21,43.37,82.73,1801.0,27.65,133.39,1811.4,0,NORMAL
CARG-02,83.65,3343.21,1.01,56.3,80.57,1745.0,27.08,132.21,2107.7,0,NORMAL
PALA-01,84.34,3597.01,1.76,50.92,85.65,1675.0,27.25,254.41,2829.8,0,NORMAL
PALA-02,88.3,3426.4,3.12,47.12,79.62,1590.6,25.69,120.48,147.6,0,NORMAL
PALA-01,79.18,3500.46,2.46,55.93,81.17,1622.4,26.58,131.88,3058.6,0,NORMAL
PALA-01,75.3,3120.58,1.96,55.6,81.36,1652.8,26.74,210.82,1365.3,0,NORMAL
PALA-02,82.9,3387.29,2.06,58.91,83.4,1940.2,28.26,131.85,1852.3,0,NORMAL
PALA-01,75.6,3044.04,1.38,52.69,77.31,1796.8,24.65,150.9,1654.9,0,NORMAL
CARG-01,93.04,3207.97,1.0,58.29,84.33,1634.8,27.11,161.49,2771.9,0,NORMAL
PALA-03,88.55,3563.43,2.62,54.11,78.9,1655.0,26.84,147.96,2333.9,0,NORMAL
PALA-01,91.74,3140.59,2.09,55.73,89.24,1715.5,26.99,200.22,2623.2,0,NORMAL
PALA-01,82.28,3450.04,0.87,56.14,74.95,1668.0,25.31,195.44,3399.9,0,NORMAL
CARG-01,84.48,3432.82,11.54,47.35,77.97,1721.9,26.56,187.24,3204.4,1,FALLA_DESGASTE_RODAMIENTOS
PALA-01,79.93,3443.45,0.48,55.89,72.88,1702.5,27.9,210.96,2586.2,0,NORMAL
PALA-03,85.97,3021.94,11.76,54.52,92.86,1731.7,25.48,155.91,3012.2,1,FALLA_DESGASTE_RODAMIENTOS
PALA-02,76.53,3344.54,0.83,52.64,76.09,1480.2,26.98,204.46,1265.6,0,NORMAL
PALA-03,70.56,3221.81,1.45,54.57,84.04,1816.0,25.93,176.46,2100.4,0,NORMAL
PALA-02,78.44,3445.93,3.95,66.75,83.91,1652.8,27.74,128.25,1070.7,0,NORMAL
PALA-01,75.45,2952.1,2.09,44.4,77.38,1828.8,27.07,177.29,2306.1,0,NORMAL
PALA-01,88.65,3316.2,1.69,53.34,84.09,1983.5,26.78,144.67,956.2,0,NORMAL
PALA-01,90.17,3290.75,1.82,58.06,76.72,1545.7,25.81,107.21,1146.3,0,NORMAL
PALA-02,75.69,2891.78,1.2,47.77,77.75,1731.8,26.28,107.24,164.7,0,NORMAL
PALA-03,87.81,3090.62,1.53,55.86,74.75,1669.6,26.11,126.28,848.8,0,NORMAL
PALA-02,86.28,2920.57,2.14,55.51,83.68,1767.4,25.7,214.68,1815.1,0,NORMAL
PALA-01,74.94,3119.26,1.49,46.05,73.16,1467.1,26.28,64.74,2238.4,0,NORMAL
PALA-03,80.24,4220.57,1.5,51.08,82.57,1677.0,24.84,304.79,1572.9,1,FALLA_SOBRECARGA
PALA-03,79.39,3285.17,2.92,62.92,80.51,1621.8,26.98,179.05,1224.7,0,NORMAL
CARG-02,85.37,3280.49,2.02,46.05,87.97,1915.2,26.07,154.91,1999.1,0,NORMAL
PALA-03,76.47,3062.85,3.72,51.81,81.13,1943.1,25.84,147.87,266.8,0,NORMAL
PALA-02,81.56,3451.68,1.89,53.17,84.39,1685.7,25.25,131.74,992.4,0,NORMAL
PALA-03,78.91,3246.61,0.86,54.02,83.05,1582.3,26.74,211.66,1381.7,0,NORMAL
CARG-02,84.13,3256.07,1.7,51.93,80.59,1619.4,27.94,144.18,1705.7,0,NORMAL
CARG-01,81.02,3419.27,1.66,54.41,85.46,1724.7,26.16,117.03,2835.3,0,NORMAL
PALA-02,79.59,3071.56,4.6,53.82,82.52,1551.8,27.5,142.72,2649.3,0,NORMAL
PALA-01,81.04,3291.14,4.23,57.55,84.59,1782.3,26.86,169.35,1679.8,0,NORMAL
PALA-02,91.16,3326.22,1.63,58.22,77.29,1696.4,26.27,133.13,1748.1,0,NORMAL
PALA-03,80.12,3151.8,0.86,56.2,83.11,1762.8,27.96,174.43,2473.2,0,NORMAL
CARG-01,77.32,3367.43,1.18,55.18,84.21,1767.3,25.02,158.5,1781.4,0,NORMAL
PALA-03,84.63,3335.88,1.21,46.18,76.64,1885.5,26.52,172.88,506.4,0,NORMAL
PALA-01,81.35,3231.79,2.66,54.58,80.7,1796.2,26.12,209.12,1641.7,0,NORMAL
CARG-01,75.63,3226.21,1.7,59.57,74.05,1755.2,26.65,97.55,2128.4,0,NORMAL
CARG-01,92.04,3344.24,2.67,45.95,74.65,1749.9,25.47,145.37,2071.5,0,NORMAL
PALA-02,80.41,3391.92,3.25,47.41,80.76,1482.6,27.04,128.93,491.2,0,NORMAL
PALA-03,80.3,3261.32,3.99,61.46,88.2,1741.6,25.1,134.64,3397.9,0,NORMAL
PALA-02,82.72,3451.63,1.96,46.51,88.51,1793.5,26.92,164.23,1317.8,0,NORMAL
CARG-02,89.79,3368.53,1.16,53.49,79.78,1705.5,26.0,159.35,3458.2,0,NORMAL
CARG-01,74.44,2928.08,3.12,51.24,77.19,1919.8,26.77,100.61,2872.2,0,NORMAL
PALA-03,83.24,2997.12,3.97,61.16,84.71,1541.8,25.84,117.89,880.4,0,NORMAL
PALA-03,91.39,3462.8,2.08,55.51,72.99,1631.2,25.72,198.82,3217.9,0,NORMAL
CARG-02,82.58,3205.58,2.17,57.96,79.39,1643.8,27.67,112.15,848.6,0,NORMAL
PALA-02,76.44,3279.55,1.05,54.28,78.01,1721.1,27.76,184.09,524.8,0,NORMAL
PALA-02,79.22,3455.07,1.79,63.98,80.65,1642.4,25.48,92.44,1510.6,0,NORMAL
CARG-01,82.93,3248.85,0.66,50.28,86.5,1571.1,26.53,103.02,537.1,0,NORMAL
PALA-01,87.99,3256.71,2.95,55.72,70.65,1677.3,27.02,177.96,215.3,0,NORMAL
PALA-02,80.47,3093.63,2.14,60.29,82.24,1841.8,26.35,212.27,1171.1,0,NORMAL
CARG-02,85.72,3316.6,1.81,61.42,82.37,1810.5,26.37,193.73,1071.7,0,NORMAL
CARG-01,75.54,3355.57,1.5,52.66,80.76,1636.6,26.98,141.7,3236.6,0,NORMAL
PALA-02,75.5,3145.98,0.79,43.87,82.17,1675.2,26.84,133.7,1511.0,0,NORMAL
PALA-01,79.83,3084.04,0.78,52.08,83.06,1626.7,26.04,174.9,3467.9,0,NORMAL
PALA-02,88.47,3722.73,2.06,62.72,81.63,1568.6,26.82,102.9,474.4,0,NORMAL
PALA-02,82.31,3233.28,2.24,50.18,72.86,1771.2,26.19,175.5,1883.5,0,NORMAL
PALA-01,83.3,3126.94,2.34,55.46,77.44,1566.3,26.12,140.5,2533.1,0,NORMAL
CARG-01,83.25,3377.19,5.05,52.46,87.39,1799.5,25.81,216.87,1117.4,0,NORMAL
PALA-02,86.99,3240.86,0.51,53.64,76.33,1938.2,25.81,170.38,553.0,0,NORMAL
PALA-02,79.25,3054.56,1.02,60.56,81.32,1765.1,26.61,153.89,2170.6,0,NORMAL
PALA-02,85.1,3336.95,4.52,55.27,78.11,1794.7,25.18,167.94,2058.2,0,NORMAL
CARG-02,78.26,3096.44,1.46,64.21,83.38,1791.3,25.15,147.41,1207.6,0,NORMAL
PALA-02,90.92,3533.76,4.15,58.88,80.19,1661.4,26.27,177.34,944.7,0,NORMAL
PALA-01,78.4,3339.01,1.62,54.66,83.62,1764.4,26.4,129.07,2987.6,0,NORMAL
PALA-01,78.03,3200.16,1.4,53.53,82.53,1757.5,25.56,197.59,3334.9,0,NORMAL
PALA-03,84.47,3269.68,2.5,55.66,79.44,1644.9,27.8,147.31,2464.4,0,NORMAL
PALA-03,82.36,3412.59,0.89,47.83,72.08,1418.0,25.8,189.11,1777.9,0,NORMAL
PALA-02,83.47,3283.47,0.67,48.71,77.53,1594.2,25.88,186.77,366.0,0,NORMAL
PALA-02,83.02,3631.98,1.05,57.79,76.17,1606.9,25.81,165.31,412.8,0,NORMAL
PALA-01,77.09,3454.46,2.62,58.6,76.14,1780.1,27.16,184.2,1639.7,0,NORMAL
PALA-03,89.26,3337.77,3.19,47.39,83.01,1542.5,27.76,144.46,3157.4,0,NORMAL
PALA-03,86.02,3081.34,3.79,58.3,89.1,1944.5,25.63,182.53,2710.4,0,NORMAL
PALA-01,88.12,3223.56,2.22,53.12,71.14,1915.5,27.07,103.91,2439.8,0,NORMAL
PALA-01,79.62,3336.2,5.6,49.84,74.97,1846.3,26.61,123.07,944.2,0,NORMAL
PALA-01,83.87,3101.88,1.86,52.43,81.93,1658.8,25.79,153.69,525.0,0,NORMAL
PALA-01,82.89,3482.82,1.45,58.44,79.99,1470.6,26.61,93.77,3139.2,0,NORMAL
PALA-03,87.08,3074.65,1.01,57.04,82.81,1819.9,25.34,163.07,696.0,0,NORMAL
PALA-01,87.22,3135.3,4.4,55.49,80.81,1630.3,26.2,234.22,854.9,0,NORMAL
PALA-02,82.87,3148.79,1.89,55.89,86.27,1814.5,25.6,135.09,2688.8,0,NORMAL
PALA-01,75.17,3383.89,3.67,48.3,83.28,1792.1,26.13,161.56,2738.4,0,NORMAL
CARG-02,90.01,3105.11,2.42,56.73,84.51,1667.2,26.46,126.44,2418.0,0,NORMAL
CARG-02,84.5,2926.0,2.79,51.71,85.07,1573.6,27.6,197.8,550.2,0,NORMAL
PALA-01,79.26,3445.85,2.54,64.11,76.23,1742.5,26.44,152.2,695.4,0,NORMAL
PALA-02,83.83,3170.01,1.05,52.1,83.35,1531.6,25.6,159.53,2933.5,0,NORMAL
PALA-01,75.2,3057.67,2.9,65.13,83.57,1753.7,26.41,152.6,1157.4,0,NORMAL
PALA-02,86.75,3114.13,1.6,53.19,79.63,1776.4,24.74,150.94,1964.3,0,NORMAL
PALA-01,75.38,3559.02,1.53,53.53,79.61,1640.9,27.08,116.95,2835.5,0,NORMAL
PALA-03,81.01,3131.73,7.67,52.53,79.72,1539.6,25.75,166.31,1017.9,0,NORMAL
PALA-03,83.1,3227.79,3.91,47.71,77.48,1915.4,27.92,150.91,656.2,0,NORMAL
CARG-02,86.67,3169.55,2.32,60.63,75.48,1655.8,27.13,107.94,1273.7,0,NORMAL
PALA-01,82.48,3028.12,4.32,54.49,89.58,1695.1,26.49,95.64,1854.2,0,NORMAL
CARG-01,84.86,3116.31,2.25,57.14,85.32,1851.0,26.16,154.14,1568.1,0,NORMAL
CARG-01,81.87,3015.8,2.14,62.08,81.1,1651.8,26.06,149.41,1004.4,0,NORMAL
PALA-01,81.86,3422.06,2.16,53.34,75.13,1628.6,26.11,113.87,1428.5,0,NORMAL
PALA-02,82.38,3268.16,0.58,53.54,83.18,1961.2,26.39,188.97,2635.7,0,NORMAL
PALA-01,81.15,3696.88,1.32,54.72,79.54,1632.1,26.08,141.74,1972.5,0,NORMAL
PALA-02,74.41,3122.4,1.66,47.59,80.37,1866.0,26.84,179.51,1125.3,0,NORMAL
PALA-02,78.54,3095.41,2.84,44.86,89.99,1738.4,27.58,130.61,1800.4,0,NORMAL
PALA-03,83.1,3526.08,2.72,46.48,88.59,1735.8,26.48,146.84,2690.1,0,NORMAL
PALA-02,80.88,3440.44,2.61,60.21,71.54,1659.2,27.28,138.78,1060.5,0,NORMAL
CARG-02,101.12,3319.26,1.5,52.37,105.99,1696.1,25.34,146.6,690.9,1,FALLA_TERMICA
PALA-01,80.54,3049.54,5.75,57.92,81.66,1934.5,26.69,167.82,1949.9,0,NORMAL
CARG-02,78.11,3564.1,2.56,52.71,82.42,1822.6,26.47,150.42,1705.6,0,NORMAL
PALA-01,79.78,3237.02,0.62,46.11,78.77,1556.5,25.28,181.87,2083.3,0,NORMAL
CARG-01,80.62,3172.48,1.32,58.33,81.01,1601.0,26.2,119.41,432.4,0,NORMAL
PALA-02,82.02,3455.73,4.93,49.56,76.62,1766.0,27.08,134.62,804.7,0,NORMAL
PALA-01,83.77,3245.99,2.25,56.9,85.15,1796.7,24.25,171.86,264.8,0,NORMAL
CARG-02,81.19,3040.18,1.47,58.62,85.03,1812.0,26.24,191.48,2938.3,0,NORMAL
PALA-02,77.37,3257.25,1.51,53.78,87.56,1710.8,26.04,163.04,1419.3,0,NORMAL
PALA-03,75.71,3109.36,0.82,56.37,77.91,1618.1,26.62,186.05,3131.8,0,NORMAL
PALA-03,93.69,2708.32,3.56,46.88,82.08,1622.8,27.12,128.8,3312.2,0,NORMAL
PALA-02,76.92,3091.29,1.12,68.63,89.17,1443.9,26.96,142.98,252.1,0,NORMAL
PALA-02,79.67,3155.01,0.61,56.2,78.3,1916.0,27.18,180.03,1560.4,0,NORMAL
CARG-01,84.33,3041.98,1.35,57.91,76.96,1404.5,27.34,147.29,1559.5,0,NORMAL
PALA-01,83.62,3353.54,2.65,58.67,82.2,1691.0,26.11,143.98,2286.4,0,NORMAL
PALA-03,84.34,3110.06,2.17,53.3,85.66,1507.4,24.46,146.58,295.6,0,NORMAL
CARG-02,80.01,3336.12,2.88,54.39,78.33,1649.9,26.94,117.67,3274.8,0,NORMAL
PALA-01,83.07,3028.0,2.96,59.42,88.73,1789.1,25.59,123.19,2759.8,0,NORMAL
PALA-01,82.28,3413.66,1.97,52.16,77.34,1445.6,26.63,135.85,128.8,0,NORMAL
CARG-01,80.6,3020.23,2.2,55.96,83.63,1762.3,25.27,210.0,698.9,0,NORMAL
PALA-02,83.1,2828.52,1.65,56.34,78.29,1824.6,25.81,145.15,2895.3,0,NORMAL
PALA-02,86.75,3472.71,3.0,50.33,79.14,1669.9,26.86,147.63,819.9,0,NORMAL
PALA-01,81.9,3095.94,1.0,56.22,84.29,2048.7,26.04,183.27,1318.9,0,NORMAL
PALA-03,81.93,3566.25,1.29,45.53,80.16,1450.6,25.06,159.78,2298.5,0,NORMAL
PALA-01,86.81,3351.63,2.97,58.59,74.92,1514.4,15.95,143.17,290.3,1,FALLA_ELECTRICA
PALA-02,86.33,3392.25,3.22,61.85,77.81,1683.6,27.3,156.9,2377.9,0,NORMAL
CARG-01,89.13,3438.19,4.3,58.53,83.89,1686.1,26.12,128.21,982.7,0,NORMAL
PALA-02,74.1,3270.28,2.02,61.49,82.59,1733.7,26.14,118.06,641.8,0,NORMAL
PALA-02,86.07,3272.33,2.7,50.19,83.9,1831.4,25.91,193.77,391.2,0,NORMAL
CARG-02,84.71,3480.64,2.37,52.88,78.59,1569.3,25.18,170.97,588.7,0,NORMAL
PALA-03,78.01,3270.04,1.84,54.63,76.76,1557.0,26.19,92.2,1954.9,0,NORMAL
CARG-01,83.13,3118.93,1.85,54.64,77.72,1636.7,27.39,187.97,3284.6,0,NORMAL
PALA-02,86.73,3355.44,3.75,51.81,78.0,1843.7,25.78,152.61,2400.9,0,NORMAL
CARG-01,78.27,2869.54,1.92,49.43,80.81,1817.1,24.89,150.84,1604.7,0,NORMAL
PALA-01,83.99,3487.52,2.5,62.63,76.26,1711.6,27.02,192.31,3393.7,0,NORMAL
PALA-01,85.92,3491.28,1.52,49.83,85.26,1659.0,26.47,125.58,878.4,0,NORMAL
PALA-01,77.18,3465.67,1.6,62.28,83.06,1701.7,26.55,161.9,2900.4,0,NORMAL
PALA-02,81.36,3458.76,0.88,56.48,77.54,1763.4,26.7,210.12,608.6,0,NORMAL
CARG-01,115.81,3234.85,1.13,55.02,101.28,1731.9,25.0,149.7,822.6,1,FALLA_TERMICA
PALA-02,78.42,3230.8,2.54,56.71,77.45,1551.0,26.31,145.24,1716.0,0,NORMAL
PALA-03,78.04,3028.66,1.64,61.62,80.4,1542.6,26.59,217.55,403.7,0,NORMAL
CARG-01,81.39,3564.65,1.46,40.88,77.66,1689.0,26.37,140.97,1052.2,0,NORMAL
PALA-03,85.61,3162.7,3.06,55.8,89.57,1807.0,26.36,184.16,2362.4,0,NORMAL
PALA-02,84.9,3311.18,2.5,54.75,74.64,1592.7,27.33,115.14,1647.0,0,NORMAL
PALA-03,108.83,3295.73,2.0,54.93,102.56,1768.9,26.75,187.77,1994.6,1,FALLA_TERMICA
PALA-02,84.93,3008.72,0.99,58.7,80.05,1505.4,26.9,140.63,227.2,0,NORMAL
PALA-01,78.24,2935.96,2.26,50.95,81.37,1728.5,26.27,191.94,914.5,0,NORMAL
CARG-02,74.75,3251.01,2.0,48.25,81.4,1626.2,24.35,140.76,2694.7,0,NORMAL
PALA-01,80.35,3168.32,2.35,47.08,84.67,1469.2,26.14,178.35,2029.1,0,NORMAL
PALA-01,87.05,3233.9,2.29,49.46,82.77,1654.4,26.38,92.62,53.6,0,NORMAL
CARG-02,84.95,3441.77,2.84,57.44,77.31,1568.4,26.24,156.14,2125.9,0,NORMAL
PALA-02,81.99,3290.49,1.04,56.52,85.25,1686.8,26.34,162.78,509.2,0,NORMAL
PALA-03,80.12,3386.53,1.96,58.42,83.51,1769.5,26.57,125.44,505.9,0,NORMAL
PALA-02,80.25,3330.16,1.76,51.7,86.55,1774.8,27.16,161.23,3255.6,0,NORMAL
PALA-02,82.49,3193.06,1.65,51.92,81.21,1482.7,25.71,253.53,3390.4,0,NORMAL
PALA-02,77.19,2082.97,3.97,33.16,85.36,1789.0,26.24,124.37,1869.2,1,FALLA_PRESION_HIDRAULICA
PALA-02,80.43,3297.65,1.32,59.1,70.11,1769.6,27.63,175.85,2090.6,0,NORMAL
PALA-02,81.03,3265.1,2.3,57.76,79.06,1669.2,25.1,139.31,1454.0,0,NORMAL
CARG-01,75.92,3414.73,1.18,44.88,77.35,1567.8,26.18,202.18,3097.5,0,NORMAL
PALA-03,78.23,3222.84,0.84,63.79,83.81,1671.0,24.65,169.26,1853.0,0,NORMAL
CARG-02,83.85,3196.48,2.0,53.54,78.04,1913.3,26.19,142.5,3250.4,0,NORMAL
PALA-01,82.04,3208.69,2.62,54.86,84.9,1791.6,26.48,164.42,815.7,0,NORMAL
PALA-03,80.61,3084.63,0.47,56.24,84.15,1836.7,24.95,219.25,377.0,0,NORMAL
PALA-03,77.9,3510.44,1.78,54.82,78.57,1601.3,26.57,143.27,3456.6,0,NORMAL
CARG-02,89.1,3455.13,2.27,53.14,81.96,1656.1,25.86,191.21,1752.4,0,NORMAL
PALA-01,78.23,3031.65,2.16,54.73,80.14,1564.4,27.26,122.45,2170.5,0,NORMAL
PALA-03,83.13,3394.71,2.3,57.18,81.47,1640.2,26.78,174.51,1232.5,0,NORMAL
CARG-02,79.8,2917.9,2.97,58.24,84.0,1883.0,25.97,156.7,510.8,0,NORMAL
PALA-01,82.16,3427.35,0.65,60.1,79.7,1666.1,26.23,201.75,2951.3,0,NORMAL
CARG-02,84.06,3124.66,1.16,48.51,74.38,1637.3,27.64,158.1,548.9,0,NORMAL
PALA-01,75.83,3314.78,2.02,51.27,83.38,1748.6,26.31,204.56,1782.8,0,NORMAL
CARG-01,81.97,2902.69,1.68,58.26,85.29,1651.1,25.32,131.86,2917.1,0,NORMAL
CARG-02,87.36,3034.23,2.11,46.15,74.2,1731.1,25.49,118.08,2328.1,0,NORMAL
PALA-03,89.93,3334.37,1.08,54.81,80.85,1651.8,26.25,126.19,2377.2,0,NORMAL
PALA-02,81.41,3123.84,2.23,50.07,77.27,1742.9,27.3,176.37,845.3,0,NORMAL
PALA-01,82.19,3098.81,3.56,56.76,85.51,1674.4,26.01,122.19,1863.7,0,NORMAL
CARG-02,91.95,3501.26,3.94,49.77,85.73,1585.8,25.52,82.12,193.7,0,NORMAL
PALA-02,87.11,3647.97,4.07,52.2,77.76,1846.5,26.41,148.13,258.2,0,NORMAL
PALA-01,79.22,3418.66,1.49,52.55,75.74,1938.2,26.66,165.65,2544.3,0,NORMAL
PALA-03,79.21,3053.46,1.75,55.23,81.98,1779.7,26.81,144.24,2762.2,0,NORMAL
PALA-02,86.3,3567.43,3.12,58.79,76.56,1539.8,25.04,120.43,530.1,0,NORMAL
PALA-01,77.45,2968.94,1.02,59.16,84.43,1692.6,26.65,200.82,3331.2,0,NORMAL
PALA-01,86.89,3195.19,3.67,55.02,80.48,1749.4,26.61,188.36,500.8,0,NORMAL
PALA-01,83.5,3259.86,2.05,48.45,87.42,1517.8,26.05,171.89,1499.0,0,NORMAL
PALA-03,84.33,3596.33,1.76,66.9,87.6,1655.7,27.31,205.53,728.8,0,NORMAL
PALA-03,80.84,3414.28,2.09,53.57,87.21,1551.4,26.76,128.45,390.8,0,NORMAL
PALA-03,79.17,3166.52,0.35,55.37,82.61,1596.4,25.71,152.62,3382.2,0,NORMAL
CARG-01,88.58,3079.91,1.3,55.21,77.22,1760.7,26.78,200.96,1563.6,0,NORMAL
CARG-02,80.89,3430.39,1.84,55.77,75.07,1714.1,24.89,165.65,1189.5,0,NORMAL
PALA-03,80.15,3154.0,3.02,49.76,83.38,1588.6,26.02,219.55,1181.7,0,NORMAL
PALA-01,81.64,3289.01,2.19,56.19,83.68,1712.0,26.07,98.74,769.0,0,NORMAL
PALA-03,82.87,3003.44,4.01,63.11,82.05,1676.5,26.93,96.37,3392.6,0,NORMAL
PALA-02,77.36,3352.47,3.33,43.95,75.68,1825.9,28.83,142.63,1736.8,0,NORMAL
PALA-03,108.02,3337.97,1.85,54.16,96.56,1471.1,26.17,180.42,1879.0,1,FALLA_TERMICA
PALA-03,79.22,3026.51,3.69,48.39,81.33,1631.1,27.57,184.88,2501.5,0,NORMAL
PALA-02,85.8,3435.69,1.18,58.94,78.55,1902.1,27.49,151.65,1456.7,0,NORMAL
CARG-02,78.01,3349.85,1.35,59.71,77.9,1580.3,25.34,196.1,1013.9,0,NORMAL
PALA-01,74.1,3383.2,6.63,53.36,77.13,1590.3,27.47,174.55,3223.4,1,FALLA_DESGASTE_RODAMIENTOS
PALA-03,73.15,3181.84,1.03,54.3,80.46,1657.8,25.84,162.3,1251.5,0,NORMAL
PALA-01,75.38,3282.21,1.46,49.6,80.17,1872.3,26.41,206.57,2039.5,0,NORMAL
CARG-02,88.13,3261.41,1.61,42.21,77.69,1768.3,21.88,162.29,2915.9,1,FALLA_ELECTRICA
PALA-01,82.07,3223.33,2.99,52.65,81.04,1592.5,26.81,134.56,887.3,0,NORMAL
PALA-01,84.26,3280.69,3.91,52.93,82.0,1709.9,25.89,152.37,2064.7,0,NORMAL
PALA-02,84.41,3476.16,3.05,54.22,82.41,1677.8,26.76,124.28,2639.6,0,NORMAL
PALA-02,82.25,3443.49,2.62,37.61,77.17,1774.0,25.18,153.09,3481.1,0,NORMAL
PALA-01,81.66,3037.27,1.33,45.37,79.77,1715.0,27.25,131.36,3181.6,0,NORMAL
PALA-03,86.7,3427.37,0.49,46.58,81.06,1743.6,25.89,113.35,2283.0,0,NORMAL
PALA-02,82.66,3464.41,1.32,54.42,81.5,1681.4,24.43,143.26,3316.9,0,NORMAL
PALA-01,88.3,3222.79,1.01,56.93,75.66,1878.7,26.11,107.34,3291.9,0,NORMAL
PALA-02,84.79,3341.52,2.65,48.19,79.64,1714.9,25.99,186.21,203.8,0,NORMAL
CARG-01,79.22,3338.92,0.62,52.62,83.37,1644.8,26.8,182.28,2295.4,0,NORMAL
PALA-03,79.76,3097.01,3.45,51.11,78.62,1847.3,25.48,195.58,2297.0,0,NORMAL
CARG-01,78.73,3181.25,2.49,64.16,82.42,1790.9,26.68,141.39,2384.3,0,NORMAL
PALA-03,87.48,3385.15,2.99,52.08,81.06,1610.8,25.86,175.86,3287.9,0,NORMAL
PALA-02,80.18,3160.75,4.62,51.86,79.16,1247.2,26.34,120.05,1040.8,0,NORMAL
PALA-01,78.41,3425.59,2.97,49.92,86.05,1784.9,27.25,140.02,865.3,0,NORMAL
PALA-02,83.44,3484.9,0.81,44.5,79.79,1667.7,27.28,195.88,1704.7,0,NORMAL
CARG-01,105.38,3455.86,1.95,57.23,100.54,1725.1,27.42,201.11,1097.9,1,FALLA_TERMICA
CARG-02,83.33,3606.36,0.81,52.67,79.06,1861.9,25.79,164.32,1152.1,0,NORMAL
PALA-02,90.5,3233.67,0.88,52.06,86.92,1605.6,26.64,183.75,905.4,0,NORMAL
PALA-01,86.11,3281.9,1.6,54.91,86.56,1585.0,26.67,151.86,2365.6,0,NORMAL
PALA-01,82.12,3307.72,3.96,46.11,85.59,1552.5,27.4,195.2,2583.1,0,NORMAL
PALA-02,75.66,3239.13,1.64,62.85,84.48,1984.4,26.14,128.13,391.9,0,NORMAL
PALA-03,79.75,3347.59,0.88,44.9,77.46,1863.0,25.21,164.21,2806.1,0,NORMAL
PALA-01,85.2,2941.98,2.26,62.88,79.2,1800.6,27.08,201.44,974.7,0,NORMAL
CARG-02,76.73,3286.88,3.43,53.93,77.92,1488.8,27.47,142.29,505.8,0,NORMAL
PALA-02,91.63,3002.06,2.26,52.07,85.12,1549.1,26.65,159.52,1626.2,0,NORMAL
CARG-02,82.06,3076.73,1.15,57.36,90.34,1804.3,25.53,175.14,2167.4,0,NORMAL
CARG-01,82.22,3381.92,2.38,52.27,83.72,1768.2,28.13,192.88,2539.4,0,NORMAL
CARG-01,79.0,3214.16,0.86,58.66,87.7,1687.4,26.5,134.06,2121.5,0,NORMAL
PALA-03,84.24,3375.57,1.5,55.54,82.83,1557.8,25.87,173.15,3285.6,0,NORMAL
PALA-03,76.79,3210.26,2.47,57.56,82.27,1846.6,27.28,194.27,120.4,0,NORMAL
PALA-03,91.74,3449.15,1.36,59.2,78.68,1935.0,27.73,194.16,3194.5,0,NORMAL
PALA-03,87.93,3206.97,1.2,53.13,83.45,1772.6,25.11,158.49,2580.1,0,NORMAL
PALA-03,86.43,2898.11,0.4,58.82,84.65,1629.3,26.83,147.81,3279.5,0,NORMAL
CARG-02,75.74,3290.57,1.33,56.59,85.21,1902.9,27.44,159.56,910.2,0,NORMAL
CARG-01,82.92,2859.61,2.49,60.67,81.41,1740.2,26.32,135.25,706.0,0,NORMAL
CARG-01,87.44,2988.51,0.64,52.16,81.79,1915.6,26.52,178.76,3488.8,0,NORMAL
CARG-02,84.67,3091.07,2.55,60.83,80.76,1677.0,26.3,164.71,1587.4,0,NORMAL
PALA-01,77.49,3068.61,3.43,50.13,78.74,1967.5,27.63,74.53,992.0,0,NORMAL
PALA-01,79.07,3151.89,3.2,43.96,84.52,1666.2,25.52,172.72,2783.3,0,NORMAL
PALA-02,79.97,3062.43,1.46,47.18,73.42,1640.6,26.19,142.89,1902.4,0,NORMAL
PALA-03,79.28,2996.93,1.66,52.34,74.31,1819.5,28.12,165.74,2189.2,0,NORMAL
CARG-01,88.88,3527.53,1.08,55.31,78.81,1711.2,25.9,213.11,238.9,0,NORMAL
PALA-02,73.36,3127.93,1.21,54.08,75.91,1766.5,25.17,128.13,2345.9,0,NORMAL
PALA-03,84.95,2848.46,1.6,57.93,85.34,1597.8,26.39,146.17,2436.1,0,NORMAL
PALA-03,76.18,3185.03,2.34,48.0,79.23,1599.9,27.26,151.88,523.8,0,NORMAL
PALA-01,77.67,3047.55,3.16,62.62,84.51,1674.2,26.37,114.41,2618.9,0,NORMAL
PALA-03,72.96,3090.71,1.32,60.73,86.22,1763.0,26.01,163.51,290.5,0,NORMAL
CARG-01,79.53,3377.86,1.59,58.68,81.25,1626.7,26.8,175.18,373.0,0,NORMAL
PALA-01,88.8,3169.33,1.54,60.33,82.31,1848.3,28.39,146.53,2212.2,0,NORMAL
PALA-03,83.19,3042.53,1.37,46.24,85.91,1707.1,26.19,179.29,3310.3,0,NORMAL
PALA-03,76.61,3330.33,3.2,57.49,85.0,1924.9,28.06,212.11,1575.0,0,NORMAL
PALA-01,86.58,3456.99,2.65,57.7,72.72,1593.7,26.73,135.84,606.6,0,NORMAL
PALA-01,87.54,3346.64,3.57,58.84,79.35,1761.1,25.71,154.65,2622.2,0,NORMAL
CARG-02,82.47,2808.36,2.22,58.23,83.05,1775.1,27.73,149.72,2084.4,0,NORMAL
PALA-02,91.16,3821.7,1.42,56.22,81.86,1752.5,26.12,343.47,3408.1,1,FALLA_SOBRECARGA
PALA-01,85.7,3258.54,1.22,56.02,77.03,1714.1,25.15,180.04,531.9,0,NORMAL
PALA-01,85.07,3206.03,0.56,59.96,74.17,1821.7,26.64,197.48,2700.4,0,NORMAL
PALA-03,78.38,3191.09,1.27,50.88,83.44,1571.7,26.03,153.44,951.2,0,NORMAL
PALA-03,84.82,3073.1,9.99,55.83,77.63,1753.9,27.85,222.94,3476.1,1,FALLA_DESGASTE_RODAMIENTOS
PALA-03,82.98,2996.99,2.89,51.24,80.46,1601.6,16.92,195.12,2770.2,1,FALLA_ELECTRICA
PALA-01,84.34,3611.4,3.03,53.24,81.58,1650.5,25.97,128.68,1624.7,0,NORMAL
CARG-02,78.92,3254.88,1.09,40.64,80.35,1752.2,27.1,118.26,204.6,0,NORMAL
PALA-02,82.58,2383.23,1.92,25.23,77.27,1833.8,26.4,162.0,2410.0,1,FALLA_PRESION_HIDRAULICA
PALA-02,78.32,3251.13,1.24,51.82,80.67,1555.1,26.66,178.34,1643.4,0,NORMAL
PALA-02,72.34,3258.34,3.53,51.88,78.82,1918.1,24.49,147.2,2803.1,0,NORMAL
PALA-02,86.49,3238.82,1.38,52.33,87.62,1840.3,25.48,134.33,2605.0,0,NORMAL
CARG-02,75.24,3048.32,2.14,48.07,81.85,1725.2,26.58,193.89,2631.5,0,NORMAL
CARG-02,82.48,2977.39,4.08,52.34,91.27,1591.9,25.37,172.7,641.5,0,NORMAL
PALA-02,83.5,3319.52,2.78,59.43,75.73,1903.5,25.92,157.28,1555.6,0,NORMAL
CARG-02,83.47,1932.39,2.1,22.35,79.8,1775.5,27.14,134.37,1671.7,1,FALLA_PRESION_HIDRAULICA
CARG-01,80.73,3418.89,1.94,60.49,79.78,1775.4,26.81,157.68,2757.7,0,NORMAL
CARG-02,83.22,3382.36,0.99,60.16,77.89,1638.7,27.33,133.57,1449.5,0,NORMAL
PALA-01,84.12,3104.47,1.67,51.06,79.6,1743.3,26.41,192.16,3035.5,0,NORMAL
PALA-03,85.31,3453.87,2.12,56.85,79.08,1644.9,25.85,186.1,999.0,0,NORMAL
PALA-02,89.8,3387.7,2.8,47.43,77.09,1865.8,27.53,126.9,3452.1,0,NORMAL
CARG-01,83.05,3374.35,1.61,48.73,88.18,1868.8,26.44,127.92,354.8,0,NORMAL
PALA-01,82.29,3654.88,2.49,54.56,80.67,1701.6,25.54,205.75,1764.9,0,NORMAL
PALA-03,77.92,3617.91,1.5,56.54,84.71,1649.8,27.71,188.13,2081.5,0,NORMAL
PALA-02,83.96,3374.18,3.19,62.07,84.96,1815.0,26.45,184.28,1576.7,0,NORMAL
PALA-02,85.0,3351.74,2.57,53.19,86.71,1798.2,27.18,199.98,1941.9,0,NORMAL
PALA-03,81.13,3444.7,2.86,54.88,77.07,1580.0,26.64,126.1,2736.0,0,NORMAL
CARG-02,84.45,3144.89,4.17,54.49,86.07,1685.0,27.18,152.48,637.5,0,NORMAL
PALA-03,80.68,3147.43,3.48,62.97,80.7,1983.1,26.92,226.38,3319.8,0,NORMAL
CARG-02,85.02,3371.22,10.56,60.71,89.14,1719.0,26.16,213.16,4020.2,1,FALLA_DESGASTE_RODAMIENTOS
PALA-02,86.11,3095.83,2.11,55.92,83.1,1748.2,26.11,180.52,2197.2,0,NORMAL
PALA-03,86.04,3356.7,3.56,57.97,76.39,1785.4,26.97,167.32,1572.8,0,NORMAL
PALA-02,82.53,3278.23,2.8,55.75,86.03,1653.0,26.49,179.34,2118.0,0,NORMAL
PALA-01,77.32,3095.89,0.94,59.37,85.64,1812.0,26.4,157.43,2551.0,0,NORMAL
PALA-03,79.25,3254.66,1.27,58.31,75.83,1765.4,26.05,135.64,1799.7,0,NORMAL
PALA-03,84.68,3484.91,2.33,52.49,83.98,1855.0,26.19,131.7,434.8,0,NORMAL
PALA-03,93.02,3264.83,2.35,54.5,87.41,1517.8,25.19,236.44,1199.5,0,NORMAL
CARG-01,80.47,3265.58,0.95,54.81,82.92,1762.5,26.81,139.52,2826.7,0,NORMAL
PALA-03,84.05,3309.22,1.5,54.76,77.1,1745.2,25.89,196.61,2015.5,0,NORMAL
PALA-01,79.5,3332.65,2.9,51.46,85.04,1550.0,26.49,84.57,2666.8,0,NORMAL
PALA-01,77.62,3190.45,1.65,55.68,83.66,1688.0,26.35,141.75,3114.1,0,NORMAL
PALA-03,78.96,3313.05,3.16,51.45,80.08,1767.3,26.56,156.05,1563.4,0,NORMAL
PALA-02,72.63,3061.17,1.8,51.07,79.16,1726.0,26.43,140.82,1267.7,0,NORMAL
PALA-01,88.09,3106.17,2.54,53.41,83.64,1717.0,26.76,133.06,434.5,0,NORMAL
PALA-02,71.96,3129.19,1.4,55.35,77.36,1718.3,25.7,192.87,984.0,0,NORMAL
PALA-03,80.81,3334.56,3.04,60.13,81.81,1664.1,26.34,172.14,1504.5,0,NORMAL
PALA-02,76.7,3278.84,3.48,57.55,85.79,1960.7,26.42,140.9,506.1,0,NORMAL
CARG-01,78.02,3225.82,1.31,59.55,87.08,1759.4,25.71,137.8,440.3,0,NORMAL
PALA-03,88.19,3374.34,2.8,62.86,78.9,1757.2,25.61,112.54,1586.1,0,NORMAL
PALA-02,82.9,3318.2,2.89,51.07,74.65,1560.7,25.95,121.2,1334.7,0,NORMAL
CARG-01,77.66,3197.8,1.87,57.56,78.17,1682.1,26.54,122.69,2970.6,0,NORMAL
PALA-03,79.35,3063.66,3.53,57.76,84.27,1656.5,25.53,144.32,147.0,0,NORMAL
PALA-03,78.56,3102.45,0.71,55.28,78.04,1716.3,27.15,267.34,2683.0,0,NORMAL
PALA-03,81.8,2985.97,6.54,58.46,85.33,1681.4,25.91,140.82,3018.1,1,FALLA_DESGASTE_RODAMIENTOS
PALA-01,82.78,3275.3,4.0,54.44,78.03,1645.9,26.39,144.32,3084.4,0,NORMAL
PALA-03,90.53,3094.82,3.25,57.35,78.77,1692.6,26.94,140.53,1028.0,0,NORMAL
PALA-02,73.38,3160.84,1.43,46.92,80.31,1590.1,25.22,175.86,1949.6,0,NORMAL
CARG-02,81.84,3227.03,3.54,54.01,84.78,1791.4,27.49,115.34,925.5,0,NORMAL
CARG-01,80.58,3437.92,3.82,57.54,74.67,1816.6,25.69,124.75,1471.2,0,NORMAL
PALA-03,86.26,3417.18,3.16,59.14,82.12,1779.8,27.46,198.37,871.8,0,NORMAL
PALA-02,83.6,3240.15,2.4,49.7,82.05,1822.7,26.82,169.27,1337.2,0,NORMAL
PALA-01,84.66,3477.79,2.0,53.59,77.03,1814.3,24.96,166.01,3033.8,0,NORMAL
PALA-02,83.55,1726.92,3.1,20.45,82.42,1565.9,26.28,191.14,2446.6,1,FALLA_PRESION_HIDRAULICA
PALA-02,77.81,3587.9,1.88,52.06,80.28,1899.1,25.77,161.39,1204.9,0,NORMAL
PALA-02,87.45,3374.65,2.25,55.58,76.48,1824.3,27.71,118.27,2997.8,0,NORMAL
PALA-03,85.59,3268.5,1.33,59.18,80.7,1490.9,26.57,177.32,227.3,0,NORMAL
PALA-01,86.12,3089.56,1.17,58.52,76.83,1628.8,24.85,179.73,2482.8,0,NORMAL
CARG-02,87.69,3171.15,2.2,55.11,78.44,1572.1,27.41,106.82,2211.3,0,NORMAL
PALA-01,83.88,3359.68,2.03,50.75,84.52,1772.1,26.84,170.7,1342.1,0,NORMAL
CARG-02,88.66,3363.77,4.11,53.3,79.75,1655.9,26.73,182.79,1473.4,0,NORMAL
CARG-02,83.7,3370.31,3.8,66.69,84.44,1722.9,26.42,184.35,1357.8,0,NORMAL
PALA-03,81.01,1649.83,1.09,25.21,80.37,1928.1,25.26,189.29,2261.5,1,FALLA_PRESION_HIDRAULICA
CARG-01,81.97,3082.63,2.84,47.96,77.15,1893.3,27.66,174.43,871.1,0,NORMAL
PALA-02,81.89,3285.14,3.1,54.88,82.92,1605.1,26.21,194.89,3481.7,0,NORMAL
PALA-03,79.66,3388.57,1.85,57.53,83.24,1774.9,27.55,125.08,60.0,0,NORMAL
PALA-02,89.34,3250.57,2.65,58.32,76.08,1939.3,26.41,214.16,1657.3,0,NORMAL
PALA-02,83.33,3516.67,6.05,55.44,85.54,1610.2,26.25,93.92,841.2,0,NORMAL
PALA-03,82.43,3255.96,1.88,46.4,87.08,1836.2,25.02,190.06,1272.9,0,NORMAL
PALA-02,83.75,3249.87,0.62,52.9,83.51,1699.8,25.83,126.59,3027.7,0,NORMAL
PALA-03,95.41,3370.7,4.03,45.17,81.31,1607.1,27.46,203.62,1282.4,0,NORMAL
PALA-02,76.91,3469.46,2.43,55.97,89.05,1901.7,26.98,185.25,788.5,0,NORMAL
PALA-02,78.2,3007.13,2.58,56.28,83.16,1668.6,26.82,140.72,1315.7,0,NORMAL
PALA-01,75.79,3048.76,4.19,53.37,81.79,1702.1,26.87,150.49,1153.8,0,NORMAL
PALA-01,80.95,3193.61,1.08,48.09,87.8,1677.4,26.4,144.42,1802.3,0,NORMAL
PALA-02,83.1,3818.61,3.65,49.91,87.41,1846.4,26.02,185.61,3154.6,0,NORMAL
PALA-01,79.91,3202.94,1.83,45.88,75.24,1838.0,25.76,110.72,2452.2,0,NORMAL
PALA-01,79.57,3228.08,0.45,53.74,78.98,1631.0,26.03,151.78,2983.0,0,NORMAL
CARG-01,82.64,3361.3,0.82,69.84,83.34,1733.9,26.51,176.92,1089.0,0,NORMAL
PALA-01,79.74,3425.85,3.69,53.49,85.91,1764.3,25.78,93.38,152.1,0,NORMAL
PALA-03,83.4,3280.56,2.09,51.9,76.34,1837.1,26.41,114.71,1298.4,0,NORMAL
PALA-02,87.01,3459.58,3.29,55.08,84.63,1647.1,26.46,202.23,2489.3,0,NORMAL
CARG-02,85.05,3035.09,3.8,48.25,79.38,1885.9,26.25,93.76,1001.9,0,NORMAL
PALA-02,85.96,3112.1,2.95,48.42,83.87,1817.7,25.08,126.09,1004.1,0,NORMAL
PALA-02,86.89,3459.25,6.22,50.91,78.73,1606.0,25.56,217.56,3911.4,1,FALLA_DESGASTE_RODAMIENTOS
PALA-03,83.27,3251.97,1.94,58.43,71.67,1778.2,26.27,172.95,767.9,0,NORMAL
PALA-02,81.29,3022.76,2.02,55.67,73.92,1778.7,24.69,205.12,2578.7,0,NORMAL
PALA-03,78.52,3011.94,1.56,53.2,76.5,1634.9,27.22,132.4,1801.6,0,NORMAL
PALA-01,80.24,3104.03,1.61,57.74,78.63,1771.2,27.44,110.94,281.6,0,NORMAL
CARG-02,79.64,3250.38,2.94,62.54,80.97,1720.3,27.08,163.43,3490.7,0,NORMAL
PALA-02,85.29,3334.13,1.11,57.68,78.93,1536.2,26.63,175.5,2007.5,0,NORMAL
PALA-02,83.56,3190.77,1.39,48.91,80.81,1336.5,25.41,102.21,586.6,0,NORMAL
CARG-01,85.14,3319.3,2.75,44.58,79.01,1965.9,26.65,160.17,217.2,0,NORMAL
PALA-02,76.78,3171.33,3.28,45.28,80.98,1705.1,27.52,130.81,1974.0,0,NORMAL
CARG-01,88.44,3470.31,3.47,58.35,84.72,1733.0,25.49,162.31,922.3,0,NORMAL
PALA-02,80.08,3709.33,3.76,50.21,80.94,1596.8,28.44,195.41,915.3,0,NORMAL
CARG-01,77.05,3179.33,1.63,58.09,83.16,1648.2,27.05,150.35,1758.2,0,NORMAL
PALA-01,80.02,3336.39,1.12,51.73,83.86,1980.2,25.55,201.23,1651.7,0,NORMAL
CARG-01,93.18,3321.71,1.63,55.94,80.37,2010.2,25.59,151.79,1291.4,0,NORMAL
CARG-01,80.26,3274.97,1.05,57.51,73.84,1497.4,26.0,191.66,2841.3,0,NORMAL
PALA-01,80.54,3367.59,2.5,50.09,82.01,1726.9,26.36,190.26,1429.9,0,NORMAL
PALA-01,81.14,3336.19,2.9,58.11,78.3,1944.2,26.1,182.39,1596.9,0,NORMAL
PALA-02,81.33,2247.45,2.82,30.91,84.45,1743.8,24.16,167.75,2217.3,1,FALLA_PRESION_HIDRAULICA
CARG-02,78.48,3486.98,1.69,50.49,86.46,1802.1,25.36,221.5,2516.1,0,NORMAL
PALA-02,116.58,3286.3,2.85,58.11,97.05,1699.7,26.39,167.57,1332.3,1,FALLA_TERMICA
PALA-02,86.84,3180.74,2.48,57.16,81.66,1781.8,26.55,185.67,1846.1,0,NORMAL
PALA-01,83.41,3689.78,3.31,56.3,83.67,1893.5,27.12,108.68,1782.5,0,NORMAL
PALA-02,77.0,3229.08,3.24,48.49,77.75,1782.6,25.87,185.71,3082.6,0,NORMAL
PALA-03,80.45,3295.89,2.73,52.08,81.04,1574.1,26.52,195.59,1489.9,0,NORMAL
CARG-02,79.52,3281.58,4.84,57.45,74.81,1644.3,26.41,146.18,1638.7,0,NORMAL
PALA-03,82.24,3226.62,2.43,65.42,85.18,1812.8,25.73,204.04,2036.3,0,NORMAL
CARG-01,87.99,3330.76,1.27,63.06,87.74,1711.9,26.9,125.51,2345.1,0,NORMAL
PALA-03,81.33,3097.9,3.63,51.66,81.4,1654.6,26.79,126.61,53.3,0,NORMAL
PALA-01,81.6,2405.99,1.26,29.22,77.99,1589.2,28.25,173.95,2298.6,1,FALLA_PRESION_HIDRAULICA
PALA-02,90.0,2933.5,2.21,62.65,82.05,1600.4,27.25,171.98,575.2,0,NORMAL
PALA-03,85.94,3016.35,2.15,57.0,75.9,1634.2,25.16,141.11,3416.9,0,NORMAL
CARG-02,84.58,3578.63,2.07,51.66,79.26,1774.8,27.15,116.98,1284.8,0,NORMAL
CARG-02,90.81,3023.89,0.88,54.63,79.33,1657.9,25.25,201.18,1712.3,0,NORMAL
PALA-01,84.2,2897.21,1.92,47.75,78.91,1741.4,27.58,104.85,285.6,0,NORMAL
PALA-01,73.06,3028.35,4.29,59.04,81.88,1738.9,26.16,175.49,3059.0,0,NORMAL
PALA-01,85.75,3563.21,1.89,61.0,82.74,1812.3,26.65,130.5,904.1,0,NORMAL
CARG-02,74.84,2927.46,0.6,61.7,81.06,1621.4,27.45,169.44,1107.4,0,NORMAL
CARG-02,84.03,3077.95,2.09,59.63,84.6,1914.0,26.78,155.57,2191.6,0,NORMAL
CARG-01,74.29,2987.53,2.82,52.4,82.56,1508.9,27.05,217.65,76.2,0,NORMAL
PALA-02,79.9,3200.66,2.21,58.47,79.02,1680.9,25.88,208.78,3468.2,0,NORMAL
PALA-03,80.36,3171.52,1.68,61.3,80.57,1669.0,25.65,153.99,1800.6,0,NORMAL
PALA-02,78.53,3163.46,1.2,58.73,80.68,1625.2,26.42,200.83,2929.0,0,NORMAL
PALA-02,80.43,3584.1,1.62,58.27,79.47,1455.5,26.93,94.99,3179.5,0,NORMAL
PALA-03,86.65,3034.17,2.72,54.96,83.04,1865.6,26.32,155.26,51.5,0,NORMAL
PALA-01,78.79,3231.61,3.06,49.47,72.47,1819.5,27.71,150.49,1527.3,0,NORMAL
PALA-01,84.45,3310.95,1.39,63.28,81.13,1779.9,26.85,88.4,3119.6,0,NORMAL
CARG-02,77.65,3073.56,3.27,53.82,82.24,1632.8,26.16,144.29,2439.2,0,NORMAL
CARG-01,81.15,3337.59,2.29,60.07,83.4,1659.3,26.28,200.65,2600.3,0,NORMAL
PALA-02,83.46,3178.03,2.43,66.39,85.43,1679.7,25.96,166.39,1952.6,0,NORMAL
PALA-03,77.52,3317.38,2.56,58.54,80.44,1691.2,26.78,178.59,3417.8,0,NORMAL
PALA-02,76.1,3230.56,1.58,59.87,84.33,1815.4,26.09,121.67,406.1,0,NORMAL
CARG-01,84.21,2880.9,4.07,49.32,83.44,1660.7,26.56,128.51,3052.2,0,NORMAL
CARG-01,87.05,3485.1,4.43,50.36,82.06,1617.2,27.63,155.67,2388.2,0,NORMAL
CARG-01,81.64,3622.68,1.12,60.32,75.43,1737.6,26.76,172.25,1939.7,0,NORMAL
CARG-01,79.94,3218.18,0.91,51.25,85.36,1725.1,26.36,181.3,2357.9,0,NORMAL
PALA-01,82.7,3088.37,2.36,47.29,81.39,1780.4,26.22,161.23,2755.1,0,NORMAL
PALA-02,82.25,3521.08,1.3,45.7,79.99,1886.7,27.46,140.36,689.1,0,NORMAL
PALA-02,83.09,3590.27,2.77,52.92,76.37,1671.2,26.71,141.87,811.3,0,NORMAL
PALA-02,70.62,4326.77,2.38,52.85,71.22,1831.9,27.01,280.33,895.1,1,FALLA_SOBRECARGA
CARG-01,77.19,1853.82,1.62,27.31,88.61,1737.1,25.94,134.2,1245.9,1,FALLA_PRESION_HIDRAULICA
PALA-02,78.2,3235.62,0.89,49.05,82.23,1842.9,25.34,129.88,2002.6,0,NORMAL
PALA-01,82.68,2948.58,2.19,60.89,76.57,1867.9,27.43,178.85,3193.0,0,NORMAL
PALA-02,82.84,3197.6,0.68,47.94,75.96,1629.1,27.25,161.82,926.8,0,NORMAL
CARG-02,84.86,3558.69,3.04,48.07,79.89,1957.5,25.55,178.57,1959.3,0,NORMAL
PALA-01,83.16,3219.64,1.16,54.69,84.23,1741.7,27.07,149.76,3419.7,0,NORMAL
PALA-03,76.15,3062.79,2.18,54.27,83.52,1582.3,27.5,157.02,2386.0,0,NORMAL
PALA-02,88.51,3339.4,1.14,56.9,83.73,1583.3,26.09,95.6,1529.6,0,NORMAL
PALA-01,87.72,3129.9,1.93,48.12,77.45,1896.8,26.36,186.41,306.4,0,NORMAL
PALA-02,76.34,3238.04,0.89,55.77,80.28,1877.7,27.93,173.56,1166.8,0,NORMAL
CARG-01,83.5,1994.24,4.47,19.06,81.51,1851.6,27.41,164.46,1159.1,1,FALLA_PRESION_HIDRAULICA
PALA-03,79.32,4180.58,2.19,43.02,80.77,1655.1,25.81,327.13,2374.7,1,FALLA_SOBRECARGA
CARG-02,82.62,3382.78,0.93,63.14,83.18,1675.2,25.89,219.55,640.4,0,NORMAL
PALA-02,86.74,3270.86,1.3,59.23,87.29,1530.9,26.22,132.57,1751.8,0,NORMAL
PALA-01,91.59,3110.31,1.35,53.98,81.84,1685.0,26.61,209.55,1428.5,0,NORMAL
CARG-02,85.38,3271.52,2.78,43.89,78.66,1740.5,26.82,204.22,534.0,0,NORMAL
PALA-02,83.33,3140.71,2.46,51.71,75.19,1900.0,25.4,145.52,3115.2,0,NORMAL
PALA-03,80.47,3108.92,1.38,56.24,81.7,1686.9,25.91,121.8,2193.2,0,NORMAL
CARG-01,82.82,3459.53,1.53,51.7,78.36,1680.0,24.9,169.84,2373.7,0,NORMAL
PALA-02,88.12,3390.92,1.77,61.81,82.71,1754.7,27.01,199.6,1413.7,0,NORMAL
CARG-01,81.8,3246.17,1.32,57.15,82.46,1822.1,26.44,115.93,2940.1,0,NORMAL
PALA-01,78.01,3275.98,1.31,49.38,87.25,1906.3,26.22,116.35,3245.4,0,NORMAL
PALA-02,74.71,3248.49,2.14,46.02,81.86,1636.1,26.06,180.5,135.4,0,NORMAL
PALA-01,84.31,3337.66,2.96,58.37,82.82,1699.5,18.35,164.84,1601.9,1,FALLA_ELECTRICA
CARG-01,83.11,3106.09,1.7,58.21,78.38,1736.4,26.73,189.91,2366.3,0,NORMAL
PALA-01,79.09,4360.5,1.53,57.78,75.27,1688.0,25.45,290.31,2937.3,1,FALLA_SOBRECARGA
CARG-01,86.62,3313.64,2.17,62.43,85.3,1645.5,25.81,172.92,2768.8,0,NORMAL
CARG-02,80.1,3202.65,0.64,56.29,85.83,1689.2,25.59,165.66,3432.9,0,NORMAL
PALA-03,81.39,3162.2,2.5,54.47,79.68,1573.8,24.34,161.4,2665.9,0,NORMAL
PALA-03,81.93,3401.4,3.9,57.82,73.26,1647.3,27.82,182.98,481.6,0,NORMAL
PALA-02,80.42,3222.91,2.05,60.17,86.44,1572.0,26.94,112.67,599.8,0,NORMAL
PALA-02,83.06,3124.2,1.57,57.44,85.75,1721.5,25.75,158.4,3335.0,0,NORMAL
PALA-02,87.18,3180.78,1.65,54.16,80.53,1673.0,26.59,144.59,133.6,0,NORMAL
PALA-03,76.86,3388.46,1.23,58.84,85.28,1654.5,25.47,142.58,1350.8,0,NORMAL
CARG-02,84.2,2960.1,1.96,54.48,80.84,1721.9,26.8,181.93,1538.4,0,NORMAL
CARG-02,82.77,3186.03,3.5,51.56,81.87,1423.2,28.32,188.56,944.9,0,NORMAL
CARG-02,82.69,3442.7,2.13,54.61,74.5,1682.0,27.16,187.5,2568.5,0,NORMAL
CARG-02,85.92,3219.72,2.05,52.4,85.89,1743.4,24.82,188.43,2923.3,0,NORMAL
PALA-02,82.22,1724.78,2.29,26.82,73.99,1837.0,25.17,169.73,3349.5,1,FALLA_PRESION_HIDRAULICA
PALA-03,84.16,3445.62,1.97,49.77,87.89,1793.1,25.21,110.0,3386.4,0,NORMAL
CARG-02,85.22,3410.62,1.6,59.0,88.29,1872.5,26.06,151.3,1401.5,0,NORMAL
PALA-02,79.73,3170.79,4.17,55.07,70.78,1548.0,26.35,175.46,3312.3,0,NORMAL
CARG-02,83.35,3226.53,2.93,57.55,87.23,1845.6,27.53,165.22,1724.5,0,NORMAL
PALA-02,80.87,3412.86,1.4,56.41,80.04,1755.9,25.31,191.2,2924.6,0,NORMAL
PALA-03,81.4,3419.1,2.48,49.49,82.69,1655.6,26.42,170.72,2767.9,0,NORMAL
CARG-01,80.55,3234.15,1.38,60.62,75.36,1733.0,24.29,163.44,824.4,0,NORMAL
CARG-02,84.12,4390.58,1.37,52.87,79.71,2095.1,25.58,313.31,2018.9,1,FALLA_SOBRECARGA
PALA-01,82.37,3298.18,0.64,52.19,76.28,1737.4,25.33,148.27,3400.7,0,NORMAL
CARG-01,83.78,3496.04,1.57,55.07,77.84,1729.6,24.69,195.82,1866.9,0,NORMAL
PALA-03,81.92,3442.16,1.53,55.17,85.89,1823.1,20.27,149.34,1852.4,1,FALLA_ELECTRICA
PALA-02,74.78,3374.81,2.09,67.0,85.0,1693.7,25.88,188.05,2213.1,0,NORMAL
CARG-01,82.14,3055.84,2.59,56.98,84.28,1624.9,26.54,98.56,3254.7,0,NORMAL
PALA-03,82.29,3200.53,2.84,51.57,78.84,1888.5,25.29,131.02,1388.1,0,NORMAL
PALA-03,83.09,3209.99,2.32,63.49,78.24,1547.3,27.34,103.54,181.0,0,NORMAL
PALA-02,79.33,2102.99,2.08,26.07,74.4,1725.2,25.64,80.29,672.5,1,FALLA_PRESION_HIDRAULICA
PALA-02,76.62,3207.0,3.16,51.59,83.71,1712.2,27.29,95.98,3363.1,0,NORMAL
PALA-03,84.81,3475.62,1.84,51.22,88.75,1620.0,27.26,154.24,950.8,0,NORMAL
PALA-02,80.77,3147.27,0.65,53.98,86.82,1561.9,26.61,210.88,2615.8,0,NORMAL
PALA-01,82.77,3161.64,0.64,55.73,81.12,1704.7,26.68,103.9,1373.4,0,NORMAL
CARG-02,80.73,3336.66,1.53,56.18,82.97,1763.9,25.59,160.76,179.6,0,NORMAL
PALA-03,81.97,3532.27,1.88,56.09,81.99,1845.7,25.1,152.1,1191.3,0,NORMAL
CARG-01,79.98,3211.88,1.6,57.15,84.64,1627.4,26.55,161.74,1474.3,0,NORMAL
PALA-02,77.64,1832.05,0.66,23.96,87.97,1625.9,26.57,152.19,849.3,1,FALLA_PRESION_HIDRAULICA
PALA-02,84.13,2968.45,2.95,60.45,78.72,1903.1,26.1,136.34,3394.3,0,NORMAL
PALA-02,79.29,3303.63,1.38,45.94,78.87,1663.9,25.74,81.52,3468.3,0,NORMAL
PALA-02,82.74,2984.54,1.54,41.24,79.85,1679.9,25.71,179.88,1003.9,0,NORMAL
PALA-03,83.85,3094.2,2.2,57.7,80.87,1866.3,25.22,195.83,3359.9,0,NORMAL
PALA-03,79.36,3252.22,2.32,52.34,83.91,1522.5,27.16,158.93,3223.9,0,NORMAL
PALA-02,76.58,2809.11,1.18,62.59,80.73,1575.8,25.84,161.81,3323.7,0,NORMAL
PALA-01,92.92,3181.65,1.06,59.21,77.59,1887.0,25.64,112.47,2591.0,0,NORMAL
PALA-02,79.63,3040.33,0.76,56.94,77.64,1647.8,26.9,142.45,1736.1,0,NORMAL
PALA-01,84.81,2980.15,2.78,51.57,76.3,1655.9,25.98,178.55,1469.9,0,NORMAL
PALA-01,90.73,3105.61,2.29,57.38,80.57,1666.0,25.92,124.54,148.3,0,NORMAL
CARG-02,85.55,3057.54,1.73,52.02,85.14,1681.6,27.31,156.12,788.9,0,NORMAL
PALA-03,80.65,3334.51,6.06,54.3,82.68,1664.9,25.48,235.15,3620.5,1,FALLA_DESGASTE_RODAMIENTOS
PALA-03,81.7,3465.37,1.94,52.37,83.25,1737.1,25.52,167.5,441.2,0,NORMAL
PALA-02,78.25,3184.4,4.59,55.3,76.66,1870.3,24.89,120.56,95.2,0,NORMAL
CARG-02,85.97,3142.7,1.76,52.75,76.31,1623.6,26.38,257.53,2779.8,0,NORMAL
PALA-03,84.55,3175.44,1.85,59.0,81.71,1649.1,25.93,173.04,1402.1,0,NORMAL
CARG-01,79.69,3050.53,1.78,56.26,85.99,1723.8,27.89,131.24,1414.6,0,NORMAL
PALA-02,77.31,3018.03,1.11,51.45,84.38,1908.6,25.93,156.48,987.6,0,NORMAL
CARG-02,76.05,2953.8,0.44,51.76,78.31,1684.5,26.92,100.47,2947.9,0,NORMAL
CARG-01,86.44,3010.69,2.76,47.65,90.16,1612.1,19.98,131.28,2869.7,1,FALLA_ELECTRICA
CARG-02,82.54,3543.76,1.47,44.24,72.88,1477.7,27.05,190.55,1794.3,0,NORMAL
PALA-01,82.97,3125.72,0.91,58.66,81.12,1628.7,27.56,116.73,2077.5,0,NORMAL
PALA-02,78.3,2720.51,1.85,52.22,81.41,1615.9,25.98,110.51,897.9,0,NORMAL
PALA-02,75.41,3144.33,3.2,47.91,80.16,1577.0,26.27,192.94,547.5,0,NORMAL
PALA-02,86.33,2963.73,1.36,56.22,83.1,1728.4,26.23,236.88,1196.2,0,NORMAL
CARG-02,82.19,3260.71,0.79,50.39,80.19,1688.4,26.62,179.28,2729.2,0,NORMAL
PALA-01,86.08,3241.3,4.4,53.65,75.02,1891.1,27.19,221.9,3130.1,0,NORMAL
PALA-01,80.26,3260.06,1.92,47.54,80.65,1745.9,25.9,119.83,1488.5,0,NORMAL
PALA-02,80.93,3242.67,2.77,57.25,81.66,1841.0,27.24,176.23,3145.4,0,NORMAL
PALA-01,85.21,3182.91,3.19,54.44,84.65,1699.5,26.56,199.53,1065.7,0,NORMAL
PALA-01,85.3,2987.94,0.87,56.5,86.67,1614.6,27.66,142.19,1363.5,0,NORMAL
CARG-01,85.59,3236.56,1.3,51.86,77.58,1794.3,26.67,126.71,1147.1,0,NORMAL
PALA-03,80.67,3433.41,2.02,55.24,87.69,1584.5,25.28,156.32,883.8,0,NORMAL
PALA-01,84.77,3576.46,1.62,46.72,79.29,1858.9,26.97,172.32,1433.8,0,NORMAL
PALA-02,86.99,3207.16,1.26,65.37,78.96,1630.3,26.41,152.05,1214.1,0,NORMAL
PALA-02,81.53,3226.67,2.46,56.07,79.36,1808.8,26.17,167.3,793.3,0,NORMAL
PALA-01,79.69,3340.08,2.4,62.54,73.19,1765.2,26.82,116.17,1874.2,0,NORMAL
PALA-03,88.04,3518.78,10.66,52.67,79.31,1603.5,25.78,170.46,2902.3,1,FALLA_DESGASTE_RODAMIENTOS
CARG-01,79.05,3162.47,2.14,48.75,86.24,1865.3,26.25,186.53,2596.8,0,NORMAL
CARG-01,84.83,3374.68,2.4,51.54,82.91,1950.5,25.98,169.67,2778.4,0,NORMAL
CARG-01,81.74,3101.89,3.09,53.78,81.91,1630.1,26.95,132.71,1801.3,0,NORMAL
PALA-01,73.71,3309.37,1.51,53.42,82.4,1641.5,26.14,103.55,1304.3,0,NORMAL
CARG-02,108.61,3424.71,3.86,63.31,111.64,1728.2,26.51,163.34,956.8,1,FALLA_TERMICA
CARG-01,69.59,3017.65,1.53,49.72,77.49,1824.1,26.53,139.99,1504.7,0,NORMAL
CARG-02,73.07,3155.47,0.64,50.98,84.62,1866.9,26.79,216.7,1091.9,0,NORMAL
PALA-01,84.37,3421.86,2.05,57.57,81.27,1677.0,26.02,209.66,1944.3,0,NORMAL
CARG-02,84.37,3360.91,1.83,46.07,77.86,1736.5,27.36,94.65,91.7,0,NORMAL
CARG-01,79.13,3436.47,1.06,53.8,82.85,1677.8,27.23,150.75,1684.1,0,NORMAL
CARG-01,82.67,3402.72,4.51,54.71,81.34,1670.4,27.9,133.46,2602.3,0,NORMAL
PALA-01,70.61,3188.6,2.21,56.17,77.77,1656.2,25.68,118.44,1014.0,0,NORMAL
CARG-01,85.18,3645.85,2.13,55.74,76.72,1556.4,26.55,154.08,3056.5,0,NORMAL
CARG-02,83.12,3274.64,2.66,63.94,79.26,1823.6,25.13,132.34,676.5,0,NORMAL
PALA-03,81.79,2699.97,3.75,49.58,78.96,1732.2,25.5,128.03,2776.0,0,NORMAL
PALA-03,82.09,3199.18,1.93,50.78,85.88,1903.1,27.0,124.39,2607.6,0,NORMAL
CARG-02,84.22,3165.55,1.48,57.05,80.14,1818.9,26.31,206.44,1410.8,0,NORMAL
PALA-02,81.87,3393.14,1.68,55.13,79.51,1672.0,25.63,153.06,55.9,0,NORMAL
PALA-03,73.57,3168.79,3.76,55.76,85.52,1583.1,27.02,157.81,380.6,0,NORMAL
PALA-02,91.88,3447.81,3.37,46.97,86.4,1944.1,26.67,204.14,1950.6,0,NORMAL
CARG-02,87.4,3350.46,4.61,64.91,77.67,1516.2,24.49,148.93,3252.8,0,NORMAL
PALA-01,76.22,3069.98,1.29,56.26,76.02,1679.0,27.28,171.2,1582.2,0,NORMAL
PALA-03,80.45,3224.73,1.91,46.09,83.06,1680.8,26.45,134.67,2678.7,0,NORMAL
PALA-03,80.94,3110.4,1.82,57.06,80.17,1642.4,25.96,142.62,592.6,0,NORMAL
CARG-01,86.85,3283.26,14.64,48.48,78.82,1617.8,25.32,164.27,2942.8,1,FALLA_DESGASTE_RODAMIENTOS
PALA-03,72.28,3109.33,3.31,58.65,85.15,1573.4,26.77,167.0,958.8,0,NORMAL
CARG-02,79.75,3263.4,1.93,47.42,79.96,1632.9,26.01,186.09,478.3,0,NORMAL
CARG-02,74.08,3200.98,3.65,59.03,88.67,1713.9,26.28,197.49,1673.2,0,NORMAL
PALA-01,80.72,3222.6,1.84,47.9,81.19,1756.7,26.44,158.13,1791.7,0,NORMAL
PALA-02,79.87,3619.17,1.03,49.13,81.66,1657.0,26.82,197.81,2088.9,0,NORMAL
PALA-01,82.36,3185.11,2.29,54.69,89.96,1656.4,26.63,131.2,1675.9,0,NORMAL
PALA-02,79.28,2901.8,1.48,50.94,82.24,1594.9,27.61,184.72,1505.7,0,NORMAL
PALA-03,78.62,3432.85,1.14,51.23,78.18,1740.1,24.98,134.27,2249.9,0,NORMAL
CARG-02,84.79,3431.43,1.21,46.35,76.92,1725.8,25.94,135.48,2554.9,0,NORMAL
CARG-01,84.05,2893.79,3.47,52.35,79.15,1765.5,27.27,196.09,1463.5,0,NORMAL
PALA-01,84.48,3123.84,5.99,58.42,81.94,1655.1,28.05,81.85,2889.6,0,NORMAL
PALA-01,81.2,3328.45,1.5,63.39,84.64,1610.7,27.33,183.19,1307.5,0,NORMAL
PALA-03,79.43,3344.36,3.1,58.14,74.98,1717.7,26.8,166.94,3142.2,0,NORMAL
PALA-03,81.47,3249.15,2.3,57.42,81.01,1782.5,27.1,165.89,709.1,0,NORMAL
PALA-02,84.26,3253.21,0.85,45.56,86.11,1613.5,27.08,216.64,2065.0,0,NORMAL
CARG-02,72.2,3081.05,5.02,53.86,82.05,1644.7,25.94,122.44,3221.1,0,NORMAL
CARG-02,83.77,2818.03,4.12,50.74,86.42,1573.0,19.78,118.81,802.7,1,FALLA_ELECTRICA
PALA-02,83.39,3618.91,2.08,46.45,74.97,1579.4,25.63,198.84,3450.0,0,NORMAL
CARG-02,82.28,3075.64,2.2,47.64,80.09,1654.4,26.51,152.62,2832.4,0,NORMAL
PALA-02,81.33,3281.77,2.99,57.34,81.48,1619.0,26.01,202.46,1447.1,0,NORMAL
CARG-01,70.45,3221.41,8.08,51.21,83.21,1816.1,26.78,183.06,1740.6,0,NORMAL
PALA-02,80.02,3411.5,2.56,46.62,77.59,1723.6,25.98,171.57,362.3,0,NORMAL
PALA-01,90.05,3270.68,3.21,50.82,82.66,1871.8,26.46,152.71,1595.4,0,NORMAL
CARG-02,82.06,3277.62,1.17,55.45,82.98,1873.0,25.6,151.16,3466.5,0,NORMAL
PALA-02,80.62,2775.82,0.9,50.63,80.71,1721.8,26.11,229.52,3476.1,0,NORMAL
CARG-01,82.08,3100.0,3.99,47.95,82.88,1479.5,27.33,138.58,617.1,0,NORMAL
PALA-02,83.6,3384.03,1.93,49.4,82.27,1767.8,24.91,196.41,101.1,0,NORMAL
PALA-01,84.96,3367.84,3.65,58.42,78.37,1857.3,26.45,127.7,540.7,0,NORMAL
PALA-01,80.97,3078.7,3.31,43.61,80.37,1795.9,27.52,128.77,1992.3,0,NORMAL
PALA-02,83.91,2043.0,1.38,31.61,76.0,1761.9,27.11,166.39,3193.1,1,FALLA_PRESION_HIDRAULICA
PALA-03,89.54,3272.78,1.93,53.42,75.02,1690.2,26.47,154.66,127.3,0,NORMAL
PALA-02,86.53,2726.78,1.76,50.22,82.02,1578.6,27.0,193.63,1237.9,0,NORMAL
PALA-03,92.53,3043.24,1.47,49.21,73.42,1795.1,25.81,150.29,3480.8,0,NORMAL
PALA-03,79.04,2514.01,1.24,33.56,80.03,1696.6,26.99,141.84,1924.7,1,FALLA_PRESION_HIDRAULICA
CARG-01,89.54,3510.11,2.77,58.9,82.65,1757.5,27.38,115.49,1770.6,0,NORMAL
PALA-02,78.44,3337.7,1.32,54.53,81.07,1649.5,26.59,241.79,287.2,0,NORMAL
CARG-02,83.59,3305.32,1.19,51.28,89.74,1959.9,27.2,108.15,1311.7,0,NORMAL
PALA-02,85.3,2898.97,2.08,54.56,82.71,1748.7,25.59,269.07,1601.6,0,NORMAL
PALA-02,79.7,3116.68,1.51,56.02,79.93,1674.4,25.47,183.46,1781.4,0,NORMAL
PALA-01,82.4,3196.87,1.88,53.44,83.43,1583.6,27.03,175.75,3147.0,0,NORMAL
PALA-02,86.1,4108.86,2.06,56.16,75.75,1552.2,28.38,242.58,3180.2,1,FALLA_SOBRECARGA
PALA-01,78.8,3186.96,3.78,52.23,85.0,1794.5,26.47,179.12,1505.0,0,NORMAL
PALA-03,89.51,3483.86,1.73,38.24,78.98,1650.1,27.11,105.68,140.2,0,NORMAL
PALA-01,75.77,3152.47,3.91,53.03,85.43,1666.0,24.05,154.23,3043.4,0,NORMAL
PALA-02,90.73,3188.63,2.91,57.42,82.6,1654.9,26.89,198.45,2009.4,0,NORMAL
CARG-01,86.51,3383.12,3.36,54.15,83.5,1589.0,26.01,109.51,646.0,0,NORMAL
PALA-02,81.6,2994.49,0.41,55.72,78.78,1685.2,28.0,182.9,2163.3,0,NORMAL
PALA-01,80.19,3098.76,2.07,52.64,76.42,1726.8,27.02,147.32,2035.3,0,NORMAL
PALA-01,79.72,3117.21,1.81,53.04,76.35,1599.2,26.47,179.74,1287.3,0,NORMAL
CARG-01,81.39,3260.01,1.61,54.85,74.14,1759.8,25.96,113.01,257.7,0,NORMAL
PALA-01,81.78,3187.91,2.53,63.72,79.47,1573.2,27.43,206.42,137.1,0,NORMAL
PALA-02,87.65,3193.6,2.21,58.21,78.65,1667.1,27.45,184.29,2432.0,0,NORMAL
PALA-03,90.86,3130.33,4.53,57.55,85.05,1763.8,25.75,130.56,384.7,0,NORMAL
PALA-03,82.9,3057.25,3.36,55.02,76.87,1718.4,27.34,132.8,3201.0,0,NORMAL
PALA-03,78.19,3359.65,1.73,47.34,89.78,1523.0,27.21,204.46,556.9,0,NORMAL
CARG-01,79.54,3189.2,1.5,60.13,76.99,1385.6,26.62,145.05,1948.5,0,NORMAL
PALA-01,81.18,3361.42,1.13,58.54,77.37,1788.0,27.06,130.52,2722.0,0,NORMAL
PALA-02,77.36,3049.91,3.23,55.83,75.08,1802.8,26.85,178.26,3008.8,0,NORMAL
PALA-02,76.69,3130.26,12.48,53.78,81.04,1772.5,25.57,182.54,2972.8,1,FALLA_DESGASTE_RODAMIENTOS
PALA-01,91.44,3210.19,3.97,56.73,79.71,1692.7,26.69,140.55,1965.0,0,NORMAL
PALA-02,83.36,3226.98,2.06,52.84,80.57,1690.2,26.3,210.12,873.5,0,NORMAL
PALA-02,78.25,3385.79,3.36,57.64,82.63,1707.2,25.53,159.94,751.1,0,NORMAL
PALA-03,85.67,3172.51,2.97,49.81,84.93,1790.2,25.77,191.94,1595.8,0,NORMAL
PALA-03,76.7,3384.41,2.0,44.45,76.32,1704.0,25.07,191.83,2220.9,0,NORMAL
PALA-02,77.07,3317.49,2.26,47.99,81.08,1764.9,25.01,113.67,3022.7,0,NORMAL
CARG-01,78.39,3230.77,1.01,54.71,84.42,1877.7,25.94,200.53,1786.9,0,NORMAL
PALA-02,89.45,3078.77,5.09,52.49,76.62,1604.0,27.29,195.8,2468.8,0,NORMAL
PALA-02,80.86,3386.24,2.15,53.26,92.06,1697.8,25.37,171.73,2430.7,0,NORMAL
PALA-03,71.01,3083.26,0.39,47.52,90.36,1617.0,25.44,75.6,458.0,0,NORMAL
PALA-01,87.45,2129.21,1.62,32.44,80.7,1672.8,27.93,168.2,2862.3,1,FALLA_PRESION_HIDRAULICA
PALA-01,80.62,3240.29,0.99,48.82,76.57,1707.9,25.64,128.18,1534.1,0,NORMAL
PALA-02,73.68,3212.72,4.44,56.48,77.09,1614.4,26.42,112.22,246.3,0,NORMAL
CARG-02,80.57,3179.92,1.75,46.93,81.93,1525.1,26.8,154.51,2014.3,0,NORMAL
CARG-01,84.34,3102.03,1.15,49.81,83.56,1563.2,26.24,83.71,3179.7,0,NORMAL
PALA-01,83.82,2958.95,2.19,49.13,73.63,1773.2,26.36,156.36,2669.7,0,NORMAL
CARG-01,90.09,3502.68,2.59,56.87,77.22,1639.8,25.76,198.23,464.2,0,NORMAL
CARG-01,78.16,3161.49,3.43,51.69,81.57,1693.8,25.88,179.22,2809.2,0,NORMAL
PALA-03,82.21,3226.94,0.73,56.12,75.38,1725.9,26.66,201.03,207.0,0,NORMAL
CARG-01,78.85,3225.84,1.41,59.7,79.81,1828.9,25.44,148.87,2034.1,0,NORMAL
PALA-02,75.06,3447.21,2.15,62.9,82.72,1685.9,27.54,175.86,446.9,0,NORMAL
PALA-01,85.98,3597.97,2.48,55.16,80.35,1749.6,24.97,121.9,2127.9,0,NORMAL
PALA-03,84.08,3278.77,2.63,48.49,78.06,1584.2,26.57,91.9,577.6,0,NORMAL
PALA-03,83.28,3221.74,1.61,60.26,81.35,1700.7,25.55,121.11,3133.4,0,NORMAL
PALA-03,83.92,3047.78,1.35,61.56,83.03,1602.7,26.78,134.12,2299.6,0,NORMAL
PALA-03,78.92,2990.15,0.87,53.7,77.32,1703.1,25.62,132.7,1566.2,0,NORMAL
CARG-02,77.47,2930.68,2.37,60.59,82.38,1735.3,26.87,202.98,3180.0,0,NORMAL
CARG-02,82.17,1761.71,1.04,25.95,82.3,1691.9,27.05,154.7,646.2,1,FALLA_PRESION_HIDRAULICA
CARG-02,87.23,2873.65,1.8,45.7,83.08,1669.2,27.12,234.99,3079.7,0,NORMAL
CARG-01,89.24,3444.19,1.16,50.84,82.05,1752.3,26.01,213.37,440.9,0,NORMAL
CARG-02,85.58,3326.16,1.85,51.47,81.52,1671.6,27.61,124.69,2714.1,0,NORMAL
PALA-01,82.13,3204.7,1.99,52.18,80.38,1670.3,26.44,195.92,542.6,0,NORMAL
PALA-02,83.21,3449.69,2.59,49.33,79.8,1593.7,26.37,196.64,580.2,0,NORMAL
PALA-02,82.05,3057.19,0.91,49.18,83.89,1780.7,26.84,147.41,3022.6,0,NORMAL
CARG-01,77.38,3102.4,2.76,60.73,80.62,1714.9,25.09,160.69,1594.8,0,NORMAL
PALA-03,82.11,2901.92,2.83,45.32,83.14,1662.4,26.22,136.93,928.4,0,NORMAL
CARG-01,75.99,3389.38,1.21,50.38,83.08,1595.4,26.69,243.42,2322.3,0,NORMAL
PALA-01,81.44,1684.02,1.16,29.5,77.24,2000.4,25.93,216.57,3022.6,1,FALLA_PRESION_HIDRAULICA
PALA-02,89.36,3252.83,1.51,51.21,79.73,1358.0,26.37,149.81,1483.9,0,NORMAL
CARG-01,85.7,3430.46,3.91,56.0,80.79,1629.0,27.74,214.68,1036.3,0,NORMAL
PALA-01,77.85,3496.75,0.83,51.99,81.36,1662.1,25.76,144.42,1004.1,0,NORMAL
PALA-02,81.67,3244.75,2.72,56.19,82.72,1830.5,27.04,193.28,2404.6,0,NORMAL
PALA-02,78.25,3319.16,2.35,48.81,81.71,1682.3,25.9,168.96,2488.9,0,NORMAL
PALA-02,81.72,3087.31,4.15,44.71,81.17,1741.8,26.47,156.9,3201.2,0,NORMAL
CARG-01,86.68,3553.01,2.95,51.99,79.26,1667.1,26.83,124.33,122.8,0,NORMAL
PALA-02,84.94,3220.09,0.42,45.06,85.23,1941.2,27.06,139.66,523.0,0,NORMAL
PALA-03,93.18,3264.45,3.29,53.67,82.39,1767.4,26.7,181.32,2084.0,0,NORMAL
PALA-01,87.37,3176.77,8.17,48.32,80.55,1642.0,27.0,162.44,3332.3,1,FALLA_DESGASTE_RODAMIENTOS
CARG-01,82.92,2466.1,1.67,28.97,79.44,1804.4,26.26,148.36,1602.6,1,FALLA_PRESION_HIDRAULICA
PALA-02,85.05,3285.93,1.04,61.36,82.12,1690.3,26.06,210.93,3248.5,0,NORMAL
PALA-03,81.09,3386.97,2.93,55.37,81.12,1939.2,27.23,164.53,383.3,0,NORMAL
CARG-01,76.93,3313.71,0.76,46.32,74.9,1882.2,24.93,160.05,2286.6,0,NORMAL
PALA-01,87.88,3210.33,1.91,53.76,77.04,1755.3,26.08,141.17,2824.3,0,NORMAL
CARG-02,86.54,3417.3,4.22,53.29,86.22,1691.6,26.2,170.33,465.6,0,NORMAL
PALA-03,80.92,3312.16,3.0,43.66,82.48,1643.8,26.54,180.75,2280.8,0,NORMAL
PALA-02,83.23,3077.02,2.47,55.74,78.44,1825.9,27.12,165.16,2919.1,0,NORMAL
PALA-01,87.58,3071.94,1.58,58.76,79.51,1894.2,26.57,180.6,763.2,0,NORMAL
CARG-02,85.81,3276.79,3.21,51.89,77.55,1685.0,26.23,136.89,515.4,0,NORMAL
CARG-01,75.42,3413.34,1.41,52.54,78.9,1773.9,27.07,122.08,274.6,0,NORMAL
PALA-01,83.1,3545.1,2.66,51.21,85.1,1780.7,26.63,150.95,2564.5,0,NORMAL
PALA-02,81.25,2930.1,3.37,55.93,80.28,1826.8,26.5,174.91,1478.2,0,NORMAL
CARG-01,87.01,3254.62,1.35,52.75,84.33,1626.6,27.68,196.15,1772.9,0,NORMAL
PALA-03,86.64,3338.14,2.12,52.95,87.51,1773.3,27.18,238.25,391.2,0,NORMAL
CARG-01,87.93,3303.22,2.08,49.95,79.42,1989.3,28.52,182.57,449.7,0,NORMAL
PALA-02,76.97,3431.68,2.8,64.21,75.82,1731.5,24.84,88.96,2375.3,0,NORMAL
CARG-01,78.47,3368.0,1.23,52.7,82.73,1774.4,27.44,201.02,1472.8,0,NORMAL
PALA-02,87.01,3072.61,2.34,57.5,77.72,1765.5,27.59,174.57,2949.3,0,NORMAL
PALA-01,79.34,3067.34,1.84,55.33,81.0,1786.4,25.85,135.77,2765.4,0,NORMAL
PALA-03,75.15,3306.24,3.48,41.2,81.67,1581.1,26.31,188.84,2760.4,0,NORMAL
CARG-02,84.4,3428.29,2.53,52.15,88.43,1965.7,26.47,174.77,3019.3,0,NORMAL
PALA-02,79.54,3275.82,2.62,48.24,82.29,1732.0,26.04,143.09,2973.5,0,NORMAL
PALA-02,90.05,2965.97,2.43,58.88,79.17,1785.4,26.13,164.25,1923.6,0,NORMAL
PALA-03,83.33,3061.51,1.47,47.67,83.5,1730.6,29.04,128.66,1041.5,0,NORMAL
PALA-03,82.72,3374.47,1.29,56.47,84.26,1833.2,26.4,153.03,1992.1,0,NORMAL
CARG-01,80.34,3187.24,2.74,58.98,85.82,1659.8,26.87,114.3,866.4,0,NORMAL
CARG-01,89.16,3271.23,0.65,55.4,77.31,1563.1,26.7,174.9,711.9,0,NORMAL
PALA-01,83.61,3441.78,1.42,54.02,86.16,1705.9,26.47,172.97,1796.2,0,NORMAL
CARG-02,80.16,3033.6,2.05,52.02,90.14,1777.5,25.5,199.69,2199.0,0,NORMAL
CARG-01,78.43,3175.44,2.55,53.38,86.07,1678.4,27.17,195.11,1605.9,0,NORMAL
CARG-02,81.67,3155.88,1.0,47.3,86.8,1639.4,26.36,136.92,2831.8,0,NORMAL
PALA-03,77.6,3313.97,1.9,54.89,79.26,1761.8,25.15,173.53,2065.4,0,NORMAL
CARG-02,86.63,3389.12,2.12,59.26,87.76,1608.7,26.53,174.74,3423.8,0,NORMAL
PALA-01,73.86,2983.55,1.93,49.64,79.1,1837.5,26.65,132.01,636.7,0,NORMAL
PALA-02,81.37,3249.0,2.16,54.09,80.84,1682.5,27.33,191.75,1127.1,0,NORMAL
CARG-02,84.75,3406.48,1.54,53.48,79.14,1779.7,25.32,148.93,293.8,0,NORMAL
PALA-01,83.54,2916.14,3.13,55.56,78.68,1580.7,26.31,137.38,1772.4,0,NORMAL
PALA-01,78.77,3238.41,2.47,51.32,80.98,1882.4,25.86,154.11,222.3,0,NORMAL
CARG-01,84.97,3031.16,1.85,46.46,76.38,1776.3,25.73,101.0,2296.6,0,NORMAL
CARG-01,78.01,3134.52,0.7,48.4,78.25,1793.6,26.58,98.04,911.4,0,NORMAL
PALA-01,81.9,2799.09,2.31,42.41,77.11,1565.1,26.04,180.4,2655.6,0,NORMAL
CARG-02,84.93,3500.69,0.98,57.88,87.14,1630.0,26.8,136.81,187.3,0,NORMAL
PALA-03,84.08,3185.95,0.72,55.99,87.48,1743.9,25.69,117.2,1211.9,0,NORMAL
PALA-03,78.96,3104.71,1.21,53.93,91.18,1590.1,26.29,103.09,3262.1,0,NORMAL
CARG-01,112.17,3309.09,2.49,50.51,101.4,1644.8,26.63,115.52,287.7,1,FALLA_TERMICA
PALA-02,82.39,3062.38,2.49,53.19,81.12,1810.6,26.73,133.09,3070.2,0,NORMAL
PALA-01,85.34,3045.3,0.35,53.86,84.09,1647.3,26.55,90.25,1190.6,0,NORMAL
PALA-02,88.88,3521.86,2.46,51.39,75.89,1764.9,26.37,183.01,180.9,0,NORMAL
PALA-03,87.03,3575.56,0.77,51.58,77.09,1620.8,25.94,174.52,3156.1,0,NORMAL
PALA-03,87.04,3143.43,3.17,60.55,74.61,1792.1,27.67,132.12,1530.2,0,NORMAL
CARG-01,82.87,3442.12,2.83,47.75,84.35,1585.5,26.57,205.71,1548.9,0,NORMAL
CARG-01,85.57,3314.09,0.68,58.96,77.56,1791.3,25.49,135.05,2426.6,0,NORMAL
PALA-03,82.96,2995.51,2.29,45.92,85.01,1979.6,24.83,158.67,1666.5,0,NORMAL
CARG-01,76.56,3082.94,9.76,62.04,79.15,1655.8,27.36,206.6,3785.9,1,FALLA_DESGASTE_RODAMIENTOS
PALA-01,83.36,3529.2,3.14,42.05,81.01,1640.6,25.37,147.87,2007.7,0,NORMAL
PALA-01,83.15,2993.18,1.39,56.33,80.32,1856.7,26.55,188.0,1147.0,0,NORMAL
CARG-02,84.63,3660.58,3.8,50.71,81.76,1727.8,25.44,184.38,2253.9,0,NORMAL
PALA-01,81.42,3147.15,2.92,53.16,79.04,1579.6,26.51,142.95,352.1,0,NORMAL
PALA-01,78.57,3534.55,1.03,53.32,85.16,1760.7,26.65,150.25,1747.9,0,NORMAL
PALA-03,84.95,3195.0,4.05,57.03,80.33,1746.0,27.04,112.18,1225.5,0,NORMAL
PALA-02,76.09,3393.98,2.28,44.19,82.46,1644.1,26.33,62.11,1438.3,0,NORMAL
CARG-02,88.56,3501.11,1.92,53.85,81.44,1639.5,26.33,132.9,2376.7,0,NORMAL
PALA-02,80.96,3500.19,1.29,54.93,76.95,1824.2,25.55,168.31,608.9,0,NORMAL
PALA-01,83.1,3144.81,2.18,50.69,86.4,1601.4,26.2,117.27,168.8,0,NORMAL
PALA-02,84.51,3095.67,3.18,53.44,78.39,1555.5,26.43,181.48,3069.3,0,NORMAL
PALA-03,84.66,3235.38,2.47,50.68,84.23,1627.0,26.43,144.4,2990.7,0,NORMAL
PALA-02,75.66,3015.91,2.54,56.77,83.92,1823.9,26.27,194.72,3220.7,0,NORMAL
PALA-03,85.71,3293.07,2.1,55.82,75.0,1688.6,25.54,122.41,2497.4,0,NORMAL
CARG-02,83.36,3102.26,3.49,55.08,80.28,1652.3,25.36,157.97,3099.9,0,NORMAL
CARG-02,79.14,3444.89,2.29,57.31,83.32,1711.8,27.61,117.73,1164.6,0,NORMAL
PALA-02,78.63,4165.43,1.33,60.24,79.84,1778.5,26.87,243.61,566.9,1,FALLA_SOBRECARGA
PALA-02,80.5,2936.39,1.48,49.04,80.49,1904.2,28.29,150.81,2447.3,0,NORMAL
PALA-03,76.16,3502.16,2.01,65.11,81.87,1762.1,26.72,118.02,1266.1,0,NORMAL
CARG-02,89.75,3283.01,1.82,55.97,79.5,1955.2,26.93,157.92,992.3,0,NORMAL
CARG-02,88.69,3255.24,3.28,51.49,82.43,1807.8,25.68,174.71,2093.2,0,NORMAL
PALA-01,84.03,3446.99,2.57,65.5,81.17,1684.3,27.57,109.08,549.6,0,NORMAL
CARG-01,80.99,3406.88,2.02,51.92,80.21,1826.9,24.92,189.05,2095.1,0,NORMAL
PALA-02,81.11,3112.87,1.41,47.94,77.12,1796.4,26.92,117.85,3063.8,0,NORMAL
PALA-01,85.41,3169.04,1.74,51.45,82.62,1859.5,26.49,134.99,2425.1,0,NORMAL
PALA-01,89.91,3049.67,1.62,51.21,71.36,1808.4,27.57,136.7,1810.5,0,NORMAL
PALA-02,79.43,2986.4,2.87,59.42,82.05,1733.7,26.3,167.54,1728.7,0,NORMAL
PALA-02,76.97,3354.15,0.46,53.44,81.06,1662.3,26.43,179.85,1148.5,0,NORMAL
PALA-01,88.96,3320.59,1.39,54.5,77.75,1736.2,24.85,178.23,2669.3,0,NORMAL
PALA-03,73.96,3386.95,0.99,54.32,75.44,1542.2,24.89,135.65,3275.6,0,NORMAL
PALA-02,77.46,3480.69,1.38,59.83,82.67,1700.4,26.7,178.58,1686.7,0,NORMAL
PALA-03,80.89,3389.41,2.52,52.39,80.01,1578.4,27.31,189.96,3097.2,0,NORMAL
PALA-02,74.98,3405.42,2.57,52.97,81.55,1775.0,26.63,139.13,127.1,0,NORMAL
PALA-01,87.0,2875.97,2.44,50.56,73.65,1820.1,26.29,105.34,704.4,0,NORMAL
PALA-02,85.86,3194.74,0.96,51.9,82.91,1757.9,26.65,148.04,229.4,0,NORMAL
PALA-01,104.77,3423.62,2.12,56.63,111.44,1700.5,26.56,199.97,1895.3,1,FALLA_TERMICA
PALA-03,87.76,3039.72,3.61,57.64,80.39,1685.8,26.93,220.7,1188.2,0,NORMAL
PALA-01,88.52,3266.5,1.73,62.5,77.41,1864.1,25.63,85.29,2956.0,0,NORMAL
PALA-03,81.49,3343.5,1.87,53.48,82.74,1838.4,26.6,169.29,2403.3,0,NORMAL
PALA-01,79.97,3329.71,1.46,52.68,79.86,1592.6,25.59,172.87,2186.2,0,NORMAL
PALA-03,92.17,2366.36,1.99,24.87,84.45,1750.6,27.28,211.17,482.7,1,FALLA_PRESION_HIDRAULICA
CARG-01,85.25,3357.8,2.09,51.66,81.08,1759.0,25.52,165.84,1009.0,0,NORMAL
PALA-01,83.15,3282.53,2.01,50.8,72.43,1695.3,26.22,166.47,2552.9,0,NORMAL
PALA-02,88.14,2986.67,1.92,55.62,71.6,1556.1,26.88,147.57,746.3,0,NORMAL
PALA-01,83.36,3341.25,0.55,52.04,78.16,1473.5,25.34,126.61,2462.8,0,NORMAL
PALA-03,79.72,3301.25,4.79,52.55,82.81,1740.7,25.75,140.17,3157.4,0,NORMAL
PALA-02,82.36,2989.05,3.77,57.03,79.03,1516.8,28.19,173.73,3051.2,0,NORMAL
PALA-03,86.67,3498.35,2.73,55.55,82.97,1657.2,27.15,118.98,154.6,0,NORMAL
PALA-03,73.04,3346.09,1.85,64.0,78.35,1802.1,26.67,202.27,3088.8,0,NORMAL
CARG-02,80.7,3001.54,3.15,58.61,89.25,1769.9,26.92,169.28,1055.4,0,NORMAL
PALA-03,88.22,3102.9,2.67,50.16,80.25,1648.4,25.04,105.48,1551.1,0,NORMAL
PALA-03,79.7,3148.47,3.48,52.0,82.08,1827.5,26.9,169.35,1880.7,0,NORMAL
PALA-02,88.96,3148.34,1.7,47.14,77.17,1783.1,27.96,140.24,1466.3,0,NORMAL
CARG-02,88.37,3302.75,1.69,49.14,79.33,1661.4,26.0,218.08,2219.7,0,NORMAL
CARG-01,81.71,3074.26,4.47,60.31,82.98,1902.5,27.86,104.71,2930.3,0,NORMAL
PALA-02,79.44,3453.06,3.26,52.61,80.82,1778.5,26.03,155.62,2451.0,0,NORMAL
CARG-01,80.71,3438.24,2.92,47.07,69.87,1626.4,26.5,130.57,874.0,0,NORMAL
PALA-02,93.99,3361.48,1.14,44.26,83.0,1473.6,25.33,184.43,3220.2,0,NORMAL
CARG-01,90.43,3257.96,1.38,46.64,83.44,1746.9,26.75,193.17,2446.1,0,NORMAL
CARG-01,82.56,3418.74,0.79,49.99,83.92,1659.4,26.52,111.99,520.8,0,NORMAL
PALA-01,79.26,3200.33,0.99,54.02,85.4,1722.5,26.22,165.97,2568.0,0,NORMAL
CARG-01,82.53,3119.59,1.84,52.02,81.72,1691.6,25.71,220.04,167.6,0,NORMAL
PALA-02,83.1,3464.22,1.53,57.49,90.58,1456.2,26.58,190.46,2205.6,0,NORMAL
PALA-02,76.4,3307.16,1.98,49.32,81.93,1684.9,25.9,214.74,3240.1,0,NORMAL
PALA-02,82.36,3126.87,2.33,60.13,71.79,1587.7,27.29,172.73,2033.3,0,NORMAL
CARG-01,87.95,3174.81,1.25,53.32,81.89,1659.0,26.61,112.11,1108.7,0,NORMAL
PALA-01,73.9,3117.44,2.41,56.29,85.48,1650.5,26.01,103.38,3459.6,0,NORMAL
PALA-01,85.72,3613.99,2.22,51.4,75.49,1727.7,27.2,140.29,2839.5,0,NORMAL
CARG-01,88.19,3250.74,1.43,59.08,79.92,1756.0,26.06,135.32,905.2,0,NORMAL
PALA-01,79.48,3278.4,3.16,47.36,85.85,1775.4,27.18,219.96,299.2,0,NORMAL
PALA-01,89.62,3379.82,1.89,47.83,78.74,1432.3,26.49,229.74,3383.0,0,NORMAL
PALA-01,78.89,3031.24,0.93,49.15,80.05,1890.5,24.87,183.76,171.7,0,NORMAL
PALA-02,83.98,3447.38,1.02,59.88,84.12,1524.2,26.87,181.93,2383.8,0,NORMAL
PALA-02,80.62,3140.59,2.87,52.81,75.87,1718.4,26.36,128.91,3442.0,0,NORMAL
PALA-01,80.62,3579.4,2.15,49.26,80.95,1620.6,26.84,177.87,894.4,0,NORMAL
CARG-02,79.22,3193.72,1.87,53.02,77.11,1755.5,26.57,110.13,3244.6,0,NORMAL
CARG-01,85.14,3436.78,1.9,54.86,79.93,1500.5,26.58,120.96,1502.9,0,NORMAL
PALA-02,85.82,2800.58,1.21,48.61,81.95,1905.9,26.43,212.66,863.0,0,NORMAL
PALA-02,81.71,3038.48,1.9,54.8,85.24,1676.9,28.71,170.63,332.8,0,NORMAL
PALA-02,75.88,3197.15,1.21,53.32,82.25,1780.1,26.82,184.9,2123.9,0,NORMAL
PALA-03,83.81,2884.46,1.99,51.47,78.74,1623.9,24.99,73.84,2449.3,0,NORMAL
PALA-01,83.9,3358.16,2.18,47.67,85.79,1919.3,25.19,144.08,2276.8,0,NORMAL
PALA-01,81.02,3306.33,1.11,58.44,83.46,1555.4,26.75,141.79,2137.7,0,NORMAL
CARG-02,90.4,3071.65,1.39,51.66,73.23,1404.3,25.94,198.05,2193.1,0,NORMAL
PALA-02,74.96,3247.13,2.58,39.33,84.35,1883.5,27.26,193.18,1819.7,0,NORMAL
PALA-02,72.02,3395.17,3.04,55.78,81.26,1578.9,26.66,190.96,788.5,0,NORMAL
CARG-02,78.71,2871.45,3.0,55.9,80.87,1711.6,26.7,164.44,2139.3,0,NORMAL
PALA-03,85.2,3020.77,1.87,58.66,85.76,1907.0,25.66,209.37,3112.3,0,NORMAL
PALA-02,77.25,3189.68,8.35,56.07,80.18,1671.4,26.86,132.1,3677.7,1,FALLA_DESGASTE_RODAMIENTOS
PALA-03,77.59,3254.27,1.38,54.69,84.58,1751.2,26.54,149.96,3439.4,0,NORMAL
PALA-01,86.28,3239.45,0.81,51.57,86.11,1817.8,25.65,221.18,3405.9,0,NORMAL
CARG-01,84.08,3410.07,1.57,51.58,81.25,1723.6,25.65,163.52,970.0,0,NORMAL
PALA-02,83.7,3335.9,1.5,57.38,82.79,1876.1,27.72,205.08,1513.3,0,NORMAL
CARG-01,85.52,3375.39,1.34,53.22,83.78,1804.6,26.85,144.17,1999.5,0,NORMAL
CARG-02,80.09,2999.82,2.82,46.81,82.85,1612.7,26.09,164.37,2967.4,0,NORMAL
CARG-02,80.29,3276.07,2.05,52.28,84.56,1807.8,25.96,196.98,260.4,0,NORMAL
CARG-02,111.93,3194.71,3.43,53.73,101.41,1715.9,26.41,206.57,832.3,1,FALLA_TERMICA
PALA-03,75.95,3513.17,1.55,44.05,78.43,1716.5,26.63,157.05,2327.4,0,NORMAL
PALA-02,72.36,3281.39,1.78,57.73,75.96,1759.9,25.32,111.77,262.6,0,NORMAL
PALA-02,80.05,3129.57,2.57,54.0,87.74,1830.5,26.3,128.07,3129.7,0,NORMAL
PALA-03,86.19,3403.45,3.09,47.19,74.3,1604.5,24.76,146.45,3107.8,0,NORMAL
CARG-02,83.15,3351.39,4.3,52.51,86.28,1876.7,26.38,176.61,390.2,0,NORMAL
PALA-01,85.86,3102.11,1.81,53.49,82.89,1869.3,27.57,133.2,1483.4,0,NORMAL
CARG-02,72.93,3187.27,0.49,58.73,77.5,1644.1,25.36,176.16,1810.3,0,NORMAL
CARG-01,83.42,3190.34,0.43,58.59,75.91,1931.0,26.29,170.26,2288.8,0,NORMAL
CARG-02,84.94,3470.94,5.15,59.39,80.85,1699.2,26.23,143.85,1920.3,0,NORMAL
CARG-02,75.92,3286.58,1.74,55.88,80.1,1788.1,25.5,94.06,54.6,0,NORMAL
PALA-02,85.88,3380.82,4.3,50.73,82.58,1664.6,26.04,177.56,496.5,0,NORMAL
PALA-01,81.5,3161.21,2.12,49.46,72.2,1818.3,25.34,100.81,2922.0,0,NORMAL
PALA-01,95.82,3310.26,3.6,50.5,80.25,1666.6,25.63,189.61,2769.7,0,NORMAL
PALA-02,72.2,3484.6,3.04,53.67,77.49,1739.2,26.53,235.58,108.9,0,NORMAL
PALA-03,88.16,3185.01,1.08,53.87,86.11,1405.8,26.71,160.8,101.2,0,NORMAL
CARG-01,80.23,3270.73,4.11,59.14,82.64,1663.4,26.14,142.04,2986.5,0,NORMAL
CARG-02,74.72,3004.6,1.22,52.73,78.97,1652.2,27.47,213.14,1296.5,0,NORMAL
PALA-03,79.63,3112.2,3.18,43.88,86.69,1493.0,26.99,150.44,1453.3,0,NORMAL
PALA-01,83.25,3189.8,2.82,48.04,79.26,1812.2,27.97,169.35,3307.5,0,NORMAL
PALA-01,86.67,3059.05,3.37,49.12,80.58,1673.7,26.31,183.3,3144.7,0,NORMAL
PALA-01,89.75,3487.96,2.03,49.12,82.08,1501.8,25.56,131.9,1397.5,0,NORMAL
PALA-02,88.4,3099.16,3.13,39.97,84.64,1792.2,26.25,213.13,2805.1,0,NORMAL
PALA-03,77.66,3391.62,1.28,61.85,81.05,1850.7,28.01,199.77,1614.7,0,NORMAL
PALA-01,87.09,3283.63,1.94,43.09,86.68,1703.9,25.6,238.54,1532.4,0,NORMAL
PALA-02,83.76,3255.55,3.07,51.13,79.39,1538.8,27.08,180.29,116.9,0,NORMAL
PALA-01,79.05,3517.51,3.49,57.29,77.08,1493.9,25.58,148.3,2787.6,0,NORMAL
PALA-03,81.05,2843.09,1.27,56.95,87.37,1573.1,26.11,117.31,2836.5,0,NORMAL
PALA-02,78.81,3214.68,3.08,46.65,79.75,1620.4,26.0,164.53,2687.0,0,NORMAL
PALA-02,82.17,3055.53,2.98,60.03,83.37,1925.2,25.67,163.6,3379.4,0,NORMAL
PALA-02,78.72,2896.94,2.8,59.31,84.07,1695.5,27.02,204.19,215.0,0,NORMAL
CARG-02,77.37,3034.95,1.77,53.09,89.33,1567.3,27.55,153.43,3385.8,0,NORMAL
PALA-01,84.16,3253.1,0.28,54.14,79.81,1646.2,21.75,134.65,3011.7,1,FALLA_ELECTRICA
PALA-03,84.83,3119.44,2.95,49.43,83.11,1848.5,26.42,97.27,455.7,0,NORMAL
CARG-01,81.16,3411.39,3.51,55.26,77.87,1786.6,25.21,156.52,195.5,0,NORMAL
PALA-03,88.15,3211.51,3.78,55.13,79.08,1725.6,26.5,135.1,121.0,0,NORMAL
CARG-02,80.83,3191.55,0.95,51.57,77.97,1699.8,26.9,146.09,452.6,0,NORMAL
PALA-02,80.64,3192.35,0.6,57.23,84.39,1720.4,26.33,152.89,2877.4,0,NORMAL
PALA-02,84.97,3232.27,1.61,55.66,84.68,1738.7,27.46,163.35,1327.6,0,NORMAL
PALA-01,81.4,3174.67,2.61,70.07,82.48,1696.7,26.24,128.14,2194.2,0,NORMAL
PALA-03,82.38,3096.77,2.88,49.49,77.9,1732.3,25.92,135.98,1408.6,0,NORMAL
PALA-02,70.66,3428.05,1.67,60.66,78.4,1683.9,27.19,210.78,2022.3,0,NORMAL
PALA-01,82.08,3137.66,1.85,49.74,78.19,1617.3,27.09,150.87,1009.7,0,NORMAL
PALA-03,73.78,3180.97,1.95,56.64,82.43,1688.4,27.6,185.05,3149.4,0,NORMAL
PALA-03,76.51,3327.29,1.06,41.0,74.68,1759.6,26.82,146.49,2183.7,0,NORMAL
PALA-01,75.99,3307.37,2.57,51.44,79.41,1632.7,25.76,151.0,1655.4,0,NORMAL
PALA-03,77.31,3089.18,4.69,56.36,75.64,1770.5,24.33,195.81,1006.0,0,NORMAL
PALA-03,79.53,3385.9,2.44,55.2,83.03,1819.6,25.02,141.42,1073.3,0,NORMAL
PALA-01,79.81,3346.78,3.23,43.97,77.04,1760.9,25.94,190.51,2451.2,0,NORMAL
PALA-02,84.99,3282.04,1.57,51.94,88.83,1652.6,27.46,180.71,1464.5,0,NORMAL
CARG-01,83.0,3172.36,1.64,61.38,85.18,1731.5,27.38,146.47,1998.4,0,NORMAL
PALA-03,73.45,3176.79,2.02,59.14,80.64,1738.4,26.08,119.92,3456.7,0,NORMAL
PALA-02,82.37,3213.68,1.67,58.8,82.65,1743.9,27.05,187.25,1140.3,0,NORMAL
PALA-02,83.43,3028.27,1.21,65.76,82.87,1898.8,25.3,138.23,1462.8,0,NORMAL
PALA-03,80.52,3242.93,2.5,45.28,77.16,1581.0,27.39,149.81,1159.6,0,NORMAL
CARG-02,81.73,3410.58,1.28,52.03,85.95,1744.8,26.18,141.06,359.9,0,NORMAL
PALA-03,82.86,3407.75,1.44,54.16,80.62,1672.0,26.92,99.8,3294.0,0,NORMAL
PALA-01,85.44,3181.45,3.02,50.34,77.93,1570.5,26.83,160.67,2638.5,0,NORMAL
PALA-02,74.91,3441.53,2.92,54.62,83.17,1569.0,26.77,86.63,2166.3,0,NORMAL
CARG-02,80.9,3593.06,0.32,60.5,76.51,1825.3,25.44,181.77,132.7,0,NORMAL
PALA-01,88.79,3193.08,1.71,54.55,83.62,1551.5,25.93,182.74,2924.7,0,NORMAL
CARG-02,88.37,3374.47,2.4,42.98,82.37,1755.8,27.24,156.08,297.8,0,NORMAL
CARG-02,85.83,2842.69,5.88,57.38,78.4,1735.8,26.81,116.85,494.1,0,NORMAL
PALA-01,84.42,3023.53,0.48,53.93,84.83,1617.0,25.54,179.12,350.9,0,NORMAL
CARG-02,89.45,3266.4,1.53,43.1,83.82,1820.3,26.7,30.32,555.0,0,NORMAL
PALA-02,90.63,3068.79,2.98,50.92,79.71,1578.2,25.56,159.61,2249.7,0,NORMAL
CARG-01,81.42,3617.06,1.42,45.32,83.16,1654.1,25.39,205.21,330.3,0,NORMAL
PALA-02,77.64,3357.62,1.47,52.56,75.67,1589.0,25.9,170.6,2240.4,0,NORMAL
PALA-02,80.78,3423.85,0.86,51.48,82.97,1811.8,26.32,137.74,2729.3,0,NORMAL
PALA-03,95.94,3244.78,1.76,46.37,75.16,1862.0,25.44,118.16,1630.8,0,NORMAL
CARG-01,74.94,3069.42,1.36,55.26,81.51,1749.8,27.11,246.57,2252.7,0,NORMAL
PALA-01,79.88,3156.61,1.84,48.59,83.76,2024.7,25.83,145.48,1270.7,0,NORMAL
PALA-03,75.64,3295.79,1.69,60.62,82.35,1773.5,26.37,152.7,2628.6,0,NORMAL
PALA-01,82.56,3135.18,2.03,54.84,87.21,1795.9,26.76,141.74,3454.9,0,NORMAL
PALA-02,76.59,3370.81,2.02,52.7,77.83,1840.8,27.88,126.61,1224.0,0,NORMAL
PALA-02,81.51,3378.05,2.99,60.27,82.63,1639.3,26.87,72.6,2151.8,0,NORMAL
PALA-02,73.22,3250.9,2.06,55.3,72.47,1769.0,26.16,139.08,3402.0,0,NORMAL
PALA-02,84.78,2921.39,1.44,55.73,78.95,1604.0,25.61,156.59,159.8,0,NORMAL
PALA-01,118.1,3558.66,3.34,53.67,98.95,1561.8,25.4,123.58,1014.1,1,FALLA_TERMICA
PALA-01,80.27,3211.72,1.3,52.43,87.27,1851.1,25.61,69.24,604.4,0,NORMAL
PALA-01,81.39,3737.67,3.06,56.02,80.91,1618.0,26.28,168.7,2149.5,0,NORMAL
PALA-02,81.26,3367.46,1.31,61.62,84.65,1742.0,27.36,158.91,662.1,0,NORMAL
CARG-02,82.81,3212.21,5.97,36.9,77.38,1915.8,26.3,211.98,1132.6,0,NORMAL
PALA-01,81.83,3330.61,1.45,63.34,79.67,1502.7,25.95,155.24,1546.2,0,NORMAL
CARG-02,85.46,2886.53,9.02,48.96,77.65,1798.1,26.49,92.2,3197.1,1,FALLA_DESGASTE_RODAMIENTOS
CARG-01,87.55,3434.71,0.94,54.96,77.02,1717.4,27.72,204.64,1073.8,0,NORMAL
PALA-03,78.34,3712.05,6.72,45.41,77.3,1711.6,25.8,205.92,828.9,0,NORMAL
PALA-03,80.61,2873.94,1.7,61.46,78.54,1727.2,26.77,111.62,1532.8,0,NORMAL
CARG-01,86.06,3198.27,1.19,47.09,89.17,1722.1,17.46,178.3,3493.2,1,FALLA_ELECTRICA
PALA-01,75.6,3231.04,2.48,59.61,80.77,1782.8,26.56,209.91,3492.8,0,NORMAL
PALA-03,73.13,3407.54,2.58,52.79,75.59,1593.8,26.91,217.52,682.2,0,NORMAL
PALA-03,83.02,3629.08,2.13,53.19,78.9,1780.3,27.5,206.75,2520.8,0,NORMAL
PALA-03,84.23,2078.4,1.53,19.65,85.07,1584.7,26.36,170.54,3126.1,1,FALLA_PRESION_HIDRAULICA
CARG-01,78.75,3635.52,1.61,60.1,78.19,1972.5,27.31,158.02,1844.8,0,NORMAL
PALA-01,79.4,3280.68,1.41,53.26,86.95,1707.4,26.72,138.99,2602.4,0,NORMAL
PALA-03,78.58,3331.26,2.4,57.59,85.12,1741.5,25.36,137.42,1481.0,0,NORMAL
PALA-03,78.1,3309.08,1.56,43.67,80.22,1932.5,26.24,115.15,2116.4,0,NORMAL
PALA-02,85.12,3469.65,3.28,49.54,78.38,1627.0,28.26,176.28,1641.6,0,NORMAL
PALA-02,76.69,3173.98,2.86,55.25,77.2,1718.7,26.31,153.59,1092.7,0,NORMAL
PALA-03,80.81,3397.29,2.72,46.11,81.77,1550.8,26.15,145.48,557.1,0,NORMAL
CARG-02,77.93,1959.64,1.36,30.88,82.66,1603.6,26.15,154.78,1056.3,1,FALLA_PRESION_HIDRAULICA
PALA-02,75.45,3198.79,1.13,50.69,86.36,1549.1,26.03,198.65,3089.0,0,NORMAL
CARG-01,85.92,3135.39,2.69,50.11,82.43,1815.8,25.3,184.46,3160.3,0,NORMAL
PALA-02,79.66,3265.83,2.33,56.56,79.59,1788.3,24.56,90.37,3021.4,0,NORMAL
PALA-01,82.85,3193.11,9.79,54.85,86.5,1667.5,25.78,245.46,3765.3,1,FALLA_DESGASTE_RODAMIENTOS
PALA-01,75.21,3453.78,1.7,48.38,84.28,1659.2,26.12,199.4,3133.5,0,NORMAL
PALA-01,78.66,3091.84,1.49,59.62,78.25,1836.5,26.84,142.65,600.7,0,NORMAL
PALA-02,85.4,2938.36,2.81,56.53,80.67,1719.4,26.1,160.12,3010.4,0,NORMAL
PALA-02,93.64,3005.69,1.38,43.93,83.64,1615.9,26.5,156.12,997.9,0,NORMAL
CARG-01,73.11,3428.95,3.01,52.48,82.22,1848.8,25.45,123.63,2304.3,0,NORMAL
CARG-01,81.1,3075.48,2.46,55.87,76.97,1703.0,25.03,146.72,2644.4,0,NORMAL
PALA-01,83.86,3321.61,1.46,53.44,81.7,1801.3,26.68,124.75,317.1,0,NORMAL
PALA-01,79.23,3196.94,2.45,37.38,78.3,1728.6,26.92,192.2,1047.7,0,NORMAL
PALA-02,85.82,3398.36,2.73,54.32,81.25,1969.3,27.19,101.87,2218.0,0,NORMAL
PALA-03,78.1,3208.46,3.3,57.79,75.8,1695.2,27.36,137.24,2121.7,0,NORMAL
PALA-01,82.69,3747.58,1.44,53.59,77.44,1479.0,27.45,125.37,3109.8,0,NORMAL
PALA-01,79.65,3591.66,1.68,54.28,89.39,1692.7,26.95,222.08,2290.1,0,NORMAL
CARG-02,87.49,3193.26,3.59,59.1,79.3,1752.0,25.94,187.8,754.7,0,NORMAL
CARG-01,78.96,3168.62,2.45,46.08,85.45,1775.2,26.63,177.58,2747.5,0,NORMAL
PALA-01,80.42,3813.82,1.49,57.68,80.5,1817.1,26.14,198.47,3355.9,0,NORMAL
PALA-02,86.26,3055.81,3.13,55.7,76.19,1650.3,26.22,161.48,2294.5,0,NORMAL
PALA-02,77.37,3240.1,3.64,45.88,76.68,1907.7,26.71,154.72,1657.2,0,NORMAL
CARG-01,82.31,3254.04,2.19,57.49,77.83,1835.8,27.41,155.56,2840.3,0,NORMAL
PALA-03,73.8,3249.58,3.14,63.03,89.58,1735.7,27.01,143.62,1625.4,0,NORMAL
PALA-01,77.1,2937.03,1.83,55.67,80.08,1636.7,26.39,184.31,572.3,0,NORMAL
CARG-01,83.72,3339.39,2.34,56.77,81.72,1951.4,26.48,193.6,332.2,0,NORMAL
PALA-02,77.54,3075.34,2.45,48.67,83.73,1807.5,26.69,183.85,1421.1,0,NORMAL
PALA-02,100.03,3508.48,1.31,50.91,102.0,1660.9,27.34,144.42,2500.6,1,FALLA_TERMICA
PALA-02,84.22,2987.93,1.52,48.91,84.46,1888.3,27.88,140.22,2448.6,0,NORMAL
PALA-02,79.39,3260.7,2.47,55.98,78.9,1746.4,26.5,238.3,1884.7,0,NORMAL
PALA-02,85.7,2851.1,4.47,51.41,76.26,1901.1,26.24,147.28,1560.0,0,NORMAL
PALA-01,82.97,2862.21,1.44,51.1,77.22,1618.8,26.53,209.17,2331.7,0,NORMAL
PALA-02,83.96,3098.92,1.16,57.52,74.87,1695.9,27.23,146.22,3361.9,0,NORMAL
PALA-01,87.58,3124.32,1.93,62.35,78.92,1885.8,26.82,147.12,1047.0,0,NORMAL
CARG-01,83.44,3513.83,2.96,53.56,66.1,1639.7,25.99,175.18,1984.7,0,NORMAL
PALA-01,88.92,3242.69,2.54,46.13,83.9,1689.6,26.41,213.54,2965.3,0,NORMAL
PALA-01,86.1,3482.63,1.51,54.2,83.29,1391.5,26.41,173.54,945.9,0,NORMAL
PALA-03,79.64,3181.64,4.56,54.96,77.1,1769.5,25.88,139.14,944.5,0,NORMAL
CARG-01,87.82,3359.1,2.31,58.16,75.49,1858.5,25.87,244.15,3093.4,0,NORMAL
CARG-01,83.19,3119.41,2.21,52.38,87.11,1609.4,25.43,168.17,3367.9,0,NORMAL
PALA-02,80.22,1753.84,2.24,32.92,84.87,1773.7,26.28,151.83,2412.2,1,FALLA_PRESION_HIDRAULICA
PALA-01,83.25,2922.25,1.82,57.64,79.97,1655.1,27.3,181.74,2273.6,0,NORMAL
CARG-01,87.01,3310.44,4.57,52.51,78.3,1538.9,27.22,123.64,1866.4,0,NORMAL
PALA-03,84.05,3297.18,0.8,58.1,81.15,1681.0,26.38,188.39,2745.5,0,NORMAL
PALA-01,90.2,3389.92,1.82,58.65,75.24,1651.0,27.83,123.51,3380.8,0,NORMAL
CARG-02,86.89,3288.69,1.2,48.54,82.17,1735.3,26.36,183.1,1372.1,0,NORMAL
PALA-01,84.35,3614.72,1.79,58.8,76.19,1683.3,26.13,215.79,1057.9,0,NORMAL
CARG-02,77.38,3281.68,3.69,53.4,71.44,1880.5,24.82,129.13,3408.1,0,NORMAL
CARG-02,81.19,3428.53,4.86,52.76,77.74,1653.1,26.56,164.26,1796.6,0,NORMAL
PALA-03,82.32,3191.66,1.37,53.46,76.94,1704.5,25.68,172.42,650.9,0,NORMAL
CARG-02,85.13,3086.48,2.25,60.21,88.23,1748.7,27.56,193.4,3089.7,0,NORMAL
CARG-01,84.87,3379.19,2.33,60.19,87.7,1713.9,25.41,178.08,411.1,0,NORMAL
PALA-01,82.76,3233.95,0.38,56.38,76.53,1655.7,27.43,163.06,1837.5,0,NORMAL
PALA-02,82.54,3399.77,1.49,55.35,80.6,1726.2,26.56,207.45,2667.6,0,NORMAL
PALA-01,85.24,3313.53,2.33,53.48,78.37,1783.0,25.48,167.91,3083.4,0,NORMAL
PALA-02,78.14,3107.26,4.33,67.49,88.35,1827.8,25.07,137.05,333.1,0,NORMAL
CARG-01,89.63,3443.38,1.03,50.58,73.72,1465.9,26.7,121.6,2389.9,0,NORMAL
PALA-02,72.79,3093.19,2.39,51.76,82.86,1780.8,25.66,201.47,2837.3,0,NORMAL
PALA-02,88.55,3362.56,2.67,55.51,86.11,1639.1,24.82,211.15,2201.4,0,NORMAL
PALA-03,81.8,3480.69,3.92,49.47,78.82,1859.0,27.98,166.1,933.4,0,NORMAL
CARG-02,86.51,3180.77,1.49,59.24,81.09,1831.9,27.09,108.43,2398.2,0,NORMAL
PALA-01,83.64,3458.08,1.09,46.64,85.21,1831.1,25.48,140.84,3174.3,0,NORMAL
PALA-02,83.56,3321.57,1.46,50.43,76.57,1650.0,24.95,207.11,3255.1,0,NORMAL
PALA-01,84.49,3403.35,1.87,51.99,83.55,1552.9,27.34,179.24,2505.4,0,NORMAL
PALA-03,85.64,3099.38,2.56,48.98,74.81,1872.5,25.32,107.53,833.0,0,NORMAL
PALA-01,80.52,3288.57,3.59,59.2,74.62,1860.3,26.48,177.6,811.5,0,NORMAL
PALA-03,86.66,2996.55,2.68,47.43,84.4,1479.6,26.75,158.22,1306.4,0,NORMAL
PALA-02,77.12,3558.03,1.34,49.18,77.13,1885.0,25.99,191.01,702.8,0,NORMAL
PALA-01,81.98,2887.48,2.03,50.62,81.72,1762.6,25.62,144.66,861.5,0,NORMAL
CARG-02,85.76,3186.14,2.11,58.21,76.29,1735.8,24.88,206.52,814.3,0,NORMAL
PALA-01,86.48,3082.29,2.37,61.26,82.12,1621.3,26.77,151.31,398.6,0,NORMAL
PALA-02,84.07,3371.45,1.97,56.61,74.36,1841.7,28.3,56.43,1875.1,0,NORMAL
PALA-01,80.23,3596.31,2.56,47.43,86.18,1664.8,25.48,138.26,1008.9,0,NORMAL
PALA-02,86.04,3367.88,1.63,50.9,84.25,1664.2,25.6,168.8,3480.9,0,NORMAL
PALA-03,78.99,3783.03,3.84,61.86,78.59,1463.7,27.02,164.75,1496.7,0,NORMAL
PALA-02,89.88,3001.97,3.04,54.14,73.55,1630.7,24.45,143.05,2243.6,0,NORMAL
PALA-01,81.62,3939.11,2.58,46.77,80.18,1601.0,25.77,302.52,3327.3,1,FALLA_SOBRECARGA
PALA-02,75.07,3089.24,1.77,64.97,79.57,1470.8,26.57,200.33,2794.1,0,NORMAL
PALA-03,76.62,3271.82,2.16,51.15,78.82,1907.1,25.74,217.08,2856.8,0,NORMAL
CARG-01,82.2,3065.15,1.53,53.64,85.2,1705.0,26.81,126.88,3283.3,0,NORMAL
PALA-03,82.63,3114.7,3.23,50.58,85.85,1548.9,26.73,190.5,2971.1,0,NORMAL
PALA-03,90.86,3361.69,3.91,49.22,82.71,1604.3,26.49,181.77,3130.2,0,NORMAL
PALA-01,77.33,3026.95,3.45,60.48,86.96,1650.3,25.79,116.22,3195.8,0,NORMAL
PALA-02,82.18,3046.02,0.94,54.98,69.79,1648.4,26.07,173.06,1753.9,0,NORMAL
PALA-01,77.23,3178.26,2.22,55.58,79.78,1816.1,26.46,259.61,602.3,0,NORMAL
PALA-01,79.78,3195.2,0.85,47.6,79.59,1687.7,26.57,113.66,2918.8,0,NORMAL
PALA-01,89.58,3431.8,3.4,52.5,84.37,1731.8,27.54,207.31,2955.3,0,NORMAL
PALA-03,76.89,3087.88,1.94,50.89,79.73,1688.2,26.98,158.59,2054.1,0,NORMAL
PALA-03,84.64,3120.35,0.63,49.87,83.22,1859.5,26.1,150.24,2740.3,0,NORMAL
CARG-02,83.77,3354.7,2.0,56.34,79.07,1885.3,26.85,204.53,3201.1,0,NORMAL
PALA-01,81.89,3394.25,4.06,52.31,78.3,1703.9,26.91,138.18,1888.7,0,NORMAL
PALA-03,84.34,3507.17,4.34,57.46,84.2,1606.5,25.88,163.14,1873.8,0,NORMAL
CARG-01,76.78,3334.44,1.78,57.6,80.99,1706.9,26.87,155.43,3172.6,0,NORMAL
PALA-03,89.45,3273.47,2.57,51.82,82.23,1346.8,26.21,125.88,1927.8,0,NORMAL
PALA-02,90.66,3353.51,1.9,56.27,76.04,1757.6,26.63,203.42,2874.0,0,NORMAL
PALA-02,82.21,3201.87,3.74,51.69,83.71,1556.9,27.21,176.6,2916.6,0,NORMAL
PALA-01,92.9,3200.54,2.34,50.06,76.69,1693.5,27.22,239.47,1150.1,0,NORMAL
PALA-02,80.2,2930.66,1.57,48.7,87.85,1776.6,25.7,165.33,3491.5,0,NORMAL
CARG-01,83.8,3410.81,2.65,54.43,79.97,1651.6,25.51,156.21,2947.2,0,NORMAL
PALA-01,88.44,3288.06,2.65,50.29,79.34,1667.4,27.82,148.4,2581.9,0,NORMAL
PALA-01,79.93,3389.87,2.04,60.89,84.57,1751.0,27.83,150.06,1382.1,0,NORMAL
CARG-01,75.78,2743.15,1.97,62.13,80.79,1653.0,26.99,213.2,624.7,0,NORMAL
CARG-01,74.75,3241.52,3.78,56.37,83.87,1830.9,26.16,140.27,1226.0,0,NORMAL
PALA-02,91.27,3095.94,2.25,55.22,79.8,1812.7,26.17,175.98,358.8,0,NORMAL
PALA-03,79.62,3520.25,1.02,54.09,83.85,1788.1,25.62,147.85,3038.6,0,NORMAL
PALA-02,81.16,3360.56,1.28,65.87,80.69,1644.4,26.57,114.55,2689.1,0,NORMAL
PALA-01,76.99,3292.16,2.31,63.81,84.47,1788.8,26.3,171.4,878.1,0,NORMAL
PALA-02,86.27,3172.25,1.99,52.98,85.6,1630.8,26.32,105.87,750.1,0,NORMAL
PALA-03,78.48,3321.5,1.97,53.01,74.66,1709.5,25.48,168.65,911.2,0,NORMAL
CARG-02,79.79,3082.93,1.07,55.63,82.43,1403.7,27.16,144.06,1489.9,0,NORMAL
PALA-01,83.35,4413.62,2.83,48.1,88.32,1858.9,26.76,275.59,1736.1,1,FALLA_SOBRECARGA
PALA-03,77.21,3145.89,2.44,45.0,83.47,1927.2,26.77,155.59,336.5,0,NORMAL
PALA-02,81.2,3657.97,2.14,47.31,90.75,1747.0,24.97,160.8,313.6,0,NORMAL
PALA-03,88.31,3514.59,0.92,52.49,77.29,1530.2,25.19,152.82,1254.6,0,NORMAL
PALA-01,83.93,3441.35,1.38,49.28,82.03,1693.9,25.52,178.36,2225.7,0,NORMAL
PALA-02,82.59,2981.74,1.03,61.27,82.95,1728.5,27.02,160.25,2408.0,0,NORMAL
CARG-01,82.97,3405.55,1.13,46.65,78.89,1721.9,26.01,258.14,2390.8,0,NORMAL
PALA-03,107.29,3283.78,1.21,47.32,100.46,2024.9,25.57,121.46,1850.0,1,FALLA_TERMICA
PALA-02,90.98,3470.22,1.17,44.83,89.68,1690.7,26.92,120.62,3353.1,0,NORMAL
PALA-02,78.35,3308.03,1.37,50.77,85.49,1650.7,26.14,146.51,2661.6,0,NORMAL
PALA-02,82.95,3248.79,4.62,52.01,83.23,1739.6,26.7,129.74,1730.3,0,NORMAL
PALA-02,82.52,3292.08,2.22,53.6,81.19,1702.9,25.59,201.98,1656.9,0,NORMAL
CARG-01,86.54,2924.99,1.84,53.83,81.56,1630.1,26.38,221.22,1913.6,0,NORMAL
CARG-02,86.96,3111.87,2.65,50.89,83.51,1508.6,27.47,145.96,1229.5,0,NORMAL
PALA-02,81.86,3317.2,0.68,48.74,86.77,1807.9,27.39,178.02,3150.6,0,NORMAL
PALA-02,83.31,3455.09,2.0,56.09,78.17,1616.3,25.77,174.34,1836.8,0,NORMAL
CARG-01,83.48,3150.91,2.75,49.5,81.42,1599.2,26.18,144.06,2279.9,0,NORMAL
PALA-02,71.78,3242.65,4.39,57.91,79.52,1622.7,27.05,181.62,801.7,0,NORMAL
PALA-03,74.85,2961.82,2.05,46.59,76.77,1544.6,26.47,189.04,970.2,0,NORMAL
PALA-01,79.28,3512.68,1.55,50.26,78.55,1798.7,26.68,101.6,3263.4,0,NORMAL
CARG-01,79.47,3450.47,1.08,64.21,81.87,1782.7,27.51,118.69,233.4,0,NORMAL
PALA-03,76.6,2030.85,2.06,43.59,79.8,1742.8,26.57,149.78,1226.6,1,FALLA_PRESION_HIDRAULICA
CARG-01,85.37,3323.23,1.55,47.19,81.11,1805.2,25.92,148.77,1760.2,0,NORMAL
CARG-01,82.01,3529.46,1.67,60.04,83.9,1771.8,27.4,162.73,1201.0,0,NORMAL
PALA-01,81.03,3105.1,2.13,62.07,85.62,1790.5,25.74,127.84,1317.8,0,NORMAL
CARG-01,76.35,3085.63,1.47,59.32,91.62,1938.9,26.38,123.6,3494.0,0,NORMAL
CARG-01,81.8,3441.07,0.91,53.67,84.08,1837.8,25.94,147.35,2056.7,0,NORMAL
PALA-02,70.18,3428.98,2.35,44.35,78.53,1741.1,25.45,119.14,1839.7,0,NORMAL
PALA-01,113.48,3035.17,1.38,54.42,105.95,1608.0,26.32,201.85,1509.3,1,FALLA_TERMICA
PALA-01,82.28,3154.36,2.95,56.06,79.73,1528.5,26.45,196.41,2731.3,0,NORMAL
PALA-02,83.09,3554.04,1.18,55.19,78.2,1508.9,26.2,181.36,2543.2,0,NORMAL
PALA-02,74.96,3324.1,3.45,56.38,83.49,1833.6,27.2,195.69,2272.7,0,NORMAL
PALA-03,83.01,3391.69,1.53,49.94,86.65,1653.1,25.79,144.99,653.1,0,NORMAL
PALA-01,77.31,3041.37,4.11,51.58,78.58,1729.5,26.69,144.65,459.8,0,NORMAL
CARG-02,78.34,3368.2,0.9,42.03,82.26,1605.6,25.43,174.06,1744.9,0,NORMAL
PALA-02,85.23,2994.48,3.27,58.45,82.83,1984.7,28.32,187.15,2807.4,0,NORMAL
PALA-01,91.06,2893.63,1.43,49.51,77.21,1504.5,25.88,172.65,291.0,0,NORMAL
PALA-02,82.23,3380.83,0.8,52.75,75.27,1736.6,25.1,170.25,3146.6,0,NORMAL
PALA-02,78.32,3508.2,1.26,55.27,75.39,1677.0,26.21,172.28,2981.5,0,NORMAL
PALA-01,82.85,3204.32,4.18,51.2,86.12,1722.2,26.58,194.06,760.6,0,NORMAL
PALA-02,86.23,3151.62,1.65,48.64,79.14,1681.5,27.11,198.18,1470.0,0,NORMAL
PALA-01,84.79,3557.95,2.44,55.28,78.48,1613.0,27.26,151.82,263.2,0,NORMAL
CARG-01,94.34,3214.94,1.66,45.08,82.27,1585.8,26.9,181.94,209.3,0,NORMAL
CARG-01,78.78,3238.16,2.05,57.83,86.2,1965.8,27.07,85.86,1486.4,0,NORMAL
PALA-02,116.03,3554.91,1.64,57.3,92.95,1684.3,27.28,101.95,1177.5,1,FALLA_TERMICA
CARG-01,88.97,3186.35,1.35,51.25,73.45,1761.1,26.6,147.72,2830.1,0,NORMAL
CARG-01,88.69,3132.28,2.49,51.53,86.9,1528.7,25.79,137.71,990.6,0,NORMAL
PALA-01,73.22,3396.79,0.8,49.06,83.06,1466.0,26.47,221.35,2744.7,0,NORMAL
CARG-02,81.98,3121.87,1.08,52.09,76.71,1638.8,25.83,149.64,1103.2,0,NORMAL
CARG-01,88.68,3223.97,2.67,53.0,79.25,1824.8,27.24,173.01,1957.6,0,NORMAL
PALA-01,95.01,3012.55,1.94,52.41,76.99,1723.4,27.36,167.38,2997.1,0,NORMAL
PALA-01,85.17,3283.37,3.09,61.24,83.56,1655.2,27.41,110.81,615.1,0,NORMAL
PALA-01,80.34,3262.26,0.84,45.25,85.09,1771.6,25.48,170.15,1255.3,0,NORMAL
PALA-01,77.46,3424.24,4.47,49.46,83.68,1654.0,27.25,161.16,2551.1,0,NORMAL
CARG-01,91.98,3404.31,2.68,57.66,81.67,1885.2,25.94,214.77,773.1,0,NORMAL
PALA-02,85.28,3349.27,4.47,64.27,82.51,1890.1,26.7,140.62,290.8,0,NORMAL
CARG-01,78.18,3320.97,3.21,49.68,78.03,1650.7,27.06,181.78,3427.6,0,NORMAL
CARG-01,81.09,3236.81,1.65,59.06,79.22,1626.8,25.25,180.29,1244.4,0,NORMAL
PALA-03,83.4,3359.72,2.92,48.25,81.02,1711.2,27.09,130.41,3081.2,0,NORMAL
PALA-03,84.45,3049.78,3.99,52.05,79.89,1771.2,25.16,77.87,811.0,0,NORMAL
PALA-01,77.95,2827.19,2.45,54.05,81.0,1687.1,26.24,161.26,1878.5,0,NORMAL
PALA-02,79.24,4252.97,2.65,50.55,74.53,1845.5,27.18,386.37,3044.5,1,FALLA_SOBRECARGA
PALA-03,74.56,4201.86,1.28,51.9,84.52,1751.9,27.46,332.19,263.9,1,FALLA_SOBRECARGA
PALA-01,86.68,3227.14,2.7,47.18,76.71,1850.6,27.05,191.99,2650.8,0,NORMAL
PALA-01,80.46,3443.42,2.08,57.37,72.57,1585.3,25.95,137.84,507.6,0,NORMAL
CARG-02,84.1,3118.33,1.65,49.51,78.14,1648.9,25.92,186.96,837.1,0,NORMAL
PALA-03,88.4,3123.01,3.36,50.68,80.14,1784.0,26.29,96.96,1275.8,0,NORMAL
PALA-02,82.99,3098.06,0.87,50.09,89.07,1726.3,26.44,180.24,1070.5,0,NORMAL
PALA-03,81.49,3352.17,2.5,50.36,79.04,1697.5,27.1,101.94,1338.4,0,NORMAL
CARG-01,82.87,2965.07,2.94,54.72,81.84,1657.7,26.35,180.91,2448.8,0,NORMAL
PALA-02,82.28,3111.95,6.16,54.31,82.28,1730.4,26.03,140.42,891.1,0,NORMAL
PALA-01,87.61,3302.15,1.89,66.59,74.94,1891.4,26.11,189.65,2165.5,0,NORMAL
CARG-02,83.4,3033.25,4.28,52.77,80.58,1478.9,27.31,158.62,2102.6,0,NORMAL
PALA-02,79.55,3131.14,2.03,53.5,79.94,1701.8,26.44,198.44,886.0,0,NORMAL
PALA-01,86.72,2851.92,1.26,60.68,81.33,1707.0,27.62,175.23,325.0,0,NORMAL
PALA-02,87.54,3359.05,1.24,55.12,82.69,1589.5,27.16,163.12,915.7,0,NORMAL
CARG-01,75.98,3126.19,2.08,53.51,84.4,1701.3,25.98,201.48,2292.1,0,NORMAL
PALA-01,88.9,3052.13,1.15,53.33,77.57,1523.3,26.04,175.67,928.1,0,NORMAL
PALA-02,83.64,3016.9,4.88,54.97,82.93,1649.9,26.31,220.85,784.5,0,NORMAL
PALA-01,83.27,3174.72,9.51,58.87,78.09,1687.8,26.29,158.84,3565.4,1,FALLA_DESGASTE_RODAMIENTOS
CARG-02,86.53,2965.57,3.87,60.73,77.36,1719.4,27.32,152.65,3357.1,0,NORMAL
PALA-01,79.45,3599.63,3.54,59.16,88.01,1945.0,25.97,128.56,1428.1,0,NORMAL
PALA-03,86.29,2820.75,2.4,56.33,73.75,1622.1,26.49,140.52,2731.4,0,NORMAL
CARG-02,80.3,3168.89,1.86,55.05,78.93,1561.1,26.67,151.65,297.5,0,NORMAL
PALA-01,75.36,3269.24,2.07,64.19,81.89,1839.1,26.96,135.82,3171.1,0,NORMAL
CARG-02,77.51,3110.43,3.19,51.63,78.6,1184.4,26.78,182.36,1243.2,0,NORMAL
CARG-02,84.55,3288.18,2.28,57.49,81.6,1645.7,26.72,116.04,2692.6,0,NORMAL
CARG-02,77.75,3106.07,3.38,59.87,75.63,1680.9,26.02,129.68,2312.5,0,NORMAL
PALA-01,89.25,3525.42,1.35,59.22,73.62,1607.1,26.1,85.35,1440.3,0,NORMAL
PALA-03,87.35,3048.6,2.44,50.19,77.5,1708.6,26.6,135.84,314.6,0,NORMAL
CARG-01,88.0,2826.78,1.61,68.08,81.61,1642.2,26.25,202.61,2173.6,0,NORMAL
CARG-02,82.56,3016.27,1.51,62.35,80.31,1511.0,25.65,141.98,298.3,0,NORMAL
PALA-01,83.16,3319.57,1.66,59.3,83.54,1794.2,26.05,130.62,3359.8,0,NORMAL
CARG-01,76.63,3228.77,2.8,48.97,75.3,1798.8,26.54,133.9,1529.5,0,NORMAL
PALA-02,86.48,3385.38,2.59,58.9,78.7,1601.5,27.35,172.26,1054.0,0,NORMAL
PALA-01,83.71,3340.31,0.59,42.44,80.71,1655.1,25.65,204.71,768.6,0,NORMAL
PALA-02,84.55,3135.47,4.22,52.84,77.12,1942.7,19.87,190.59,306.7,1,FALLA_ELECTRICA
CARG-01,89.6,3161.96,2.42,54.53,81.55,1773.8,27.01,113.68,2493.2,0,NORMAL
PALA-02,79.27,3180.64,1.44,51.75,79.88,1720.0,26.07,208.78,3467.6,0,NORMAL
PALA-03,81.43,3589.18,3.0,61.92,82.95,1914.1,25.72,195.61,1633.8,0,NORMAL
CARG-02,83.47,3374.35,3.49,54.52,82.16,1525.4,26.39,176.51,2481.0,0,NORMAL
PALA-02,77.79,3590.5,2.21,49.19,73.59,1476.1,25.68,120.37,1721.4,0,NORMAL
PALA-03,81.16,3401.34,1.99,57.77,86.89,1740.0,28.16,128.37,1446.1,0,NORMAL
PALA-02,84.22,3238.55,1.67,55.99,72.31,1820.8,25.78,133.15,1301.2,0,NORMAL
PALA-02,80.54,3066.51,2.79,45.23,74.79,1514.7,26.55,141.24,3137.6,0,NORMAL
PALA-03,87.89,3286.27,2.69,60.69,80.7,1564.0,26.81,166.74,2673.3,0,NORMAL
CARG-02,75.2,3239.04,3.22,54.51,82.18,1815.2,27.16,64.5,3012.9,0,NORMAL
PALA-03,87.05,3233.14,2.92,58.93,79.87,1581.7,25.54,115.09,383.0,0,NORMAL
CARG-01,84.98,3212.36,2.55,56.05,78.83,1689.3,26.76,151.96,1299.5,0,NORMAL
PALA-01,79.44,2880.56,2.28,52.32,80.67,1745.2,25.09,194.49,769.8,0,NORMAL
PALA-01,77.84,3476.95,2.39,56.12,83.11,1834.6,26.65,149.28,640.8,0,NORMAL
PALA-03,72.64,3240.92,3.13,53.5,76.41,1683.2,26.35,166.55,3092.2,0,NORMAL
PALA-01,78.42,2995.43,3.02,55.45,76.54,1779.1,27.0,198.46,3117.4,0,NORMAL
PALA-02,86.71,3336.72,1.99,57.01,77.54,1571.3,26.61,132.11,2023.1,0,NORMAL
PALA-03,81.75,3095.95,1.83,54.73,86.28,1790.7,26.31,124.69,944.6,0,NORMAL
PALA-01,87.23,3351.19,4.53,56.33,82.49,1610.9,26.37,121.31,3413.2,0,NORMAL
PALA-02,79.21,3408.7,0.95,52.14,83.29,1554.3,25.24,150.28,428.9,0,NORMAL
PALA-03,85.18,3433.53,8.07,51.14,87.36,1967.8,25.75,137.19,3471.7,1,FALLA_DESGASTE_RODAMIENTOS
PALA-03,78.77,3221.03,2.34,57.87,84.15,1939.6,27.62,218.15,1184.8,0,NORMAL
CARG-02,77.65,3175.52,3.74,61.25,81.63,1737.8,26.56,168.51,1439.4,0,NORMAL
PALA-03,81.52,3137.4,3.44,51.41,87.23,1905.7,26.95,183.59,2812.8,0,NORMAL
PALA-02,79.01,3119.94,2.2,55.58,77.11,1680.9,25.91,130.09,174.9,0,NORMAL
CARG-02,75.06,3246.9,0.97,46.95,79.94,1703.7,27.1,158.28,1666.8,0,NORMAL
CARG-01,81.18,3212.32,1.58,63.02,85.63,1698.8,26.18,149.25,1464.3,0,NORMAL
PALA-01,82.48,3101.45,2.44,59.73,72.22,1610.4,25.25,166.69,955.0,0,NORMAL
PALA-01,87.71,3044.12,2.85,51.08,77.81,1438.7,26.33,173.37,3373.7,0,NORMAL
PALA-03,86.22,3230.42,3.61,52.24,84.16,1682.9,27.44,147.62,1766.0,0,NORMAL
PALA-03,87.49,3171.84,2.06,60.05,81.43,1876.3,24.75,152.71,1549.5,0,NORMAL
CARG-01,85.24,3044.55,1.12,54.88,83.06,1753.1,26.99,199.5,2428.4,0,NORMAL
CARG-01,83.5,3399.5,0.96,57.16,73.33,1817.7,26.53,127.92,2615.1,0,NORMAL
PALA-03,76.47,3568.98,1.85,49.07,77.64,1767.2,28.47,185.21,955.7,0,NORMAL
CARG-02,82.67,3423.27,3.02,56.88,83.6,1618.4,28.24,170.17,1095.8,0,NORMAL
PALA-03,84.69,3120.37,2.07,53.26,77.39,1749.8,24.99,186.21,180.9,0,NORMAL
PALA-01,88.56,3240.96,0.89,55.49,84.3,1680.1,27.51,149.07,3471.9,0,NORMAL
CARG-01,85.09,3527.28,1.75,52.01,82.15,1592.5,26.09,196.16,50.7,0,NORMAL
PALA-02,87.58,3038.73,3.54,52.95,76.31,1830.3,26.24,137.69,1705.8,0,NORMAL
CARG-01,77.36,3390.87,0.66,54.52,82.38,1563.4,25.94,177.53,1584.8,0,NORMAL
CARG-02,80.53,2989.35,1.79,51.07,84.0,1640.9,25.84,177.42,2826.1,0,NORMAL
PALA-03,83.93,3553.13,3.43,65.34,82.45,1986.0,27.45,165.48,289.3,0,NORMAL
PALA-03,87.22,3172.54,1.41,48.73,83.15,1804.2,24.52,195.91,1124.7,0,NORMAL
PALA-02,81.35,3651.23,2.19,56.5,74.09,1749.4,25.87,198.67,2541.7,0,NORMAL
PALA-02,81.63,3561.05,2.95,55.51,90.02,1459.2,26.94,183.94,3428.9,0,NORMAL
PALA-02,85.09,3230.84,5.11,57.8,92.28,1705.9,24.77,222.16,3486.8,0,NORMAL
PALA-03,76.93,3120.51,3.06,41.5,86.71,1580.3,26.22,145.98,671.1,0,NORMAL
CARG-01,89.23,3285.06,1.14,45.57,81.46,1710.6,25.43,150.64,297.0,0,NORMAL
PALA-03,78.04,3217.57,3.87,51.26,79.38,1697.2,26.59,170.0,1747.6,0,NORMAL
PALA-01,73.37,3177.72,2.3,58.6,79.46,1617.2,26.44,153.86,172.3,0,NORMAL
PALA-02,82.05,2951.54,1.06,52.68,84.14,1860.7,27.15,147.24,1670.4,0,NORMAL
CARG-01,89.64,3157.38,0.66,52.48,85.28,1834.6,24.54,108.7,3309.4,0,NORMAL
PALA-02,109.98,3050.11,0.95,54.08,100.89,1584.9,26.74,187.25,2955.2,1,FALLA_TERMICA
PALA-03,85.38,3349.3,1.57,49.79,80.91,1908.9,25.8,156.21,208.4,0,NORMAL
CARG-01,82.19,3428.39,2.0,56.35,86.03,1582.0,27.56,158.01,126.3,0,NORMAL
PALA-03,102.17,3383.32,2.35,54.96,101.0,1919.7,26.05,124.37,1496.5,1,FALLA_TERMICA
PALA-02,75.05,3311.63,2.95,56.51,81.45,1694.7,25.75,146.31,432.0,0,NORMAL
CARG-02,71.83,3096.48,0.97,61.58,86.51,1671.9,25.96,168.29,1326.8,0,NORMAL
PALA-01,82.88,3286.97,1.42,52.85,85.86,1898.7,26.85,117.82,2458.8,0,NORMAL
CARG-02,87.91,3392.7,2.13,54.55,84.22,1700.3,26.96,154.13,1208.2,0,NORMAL
PALA-01,83.55,3144.48,2.05,49.07,76.72,1851.7,26.38,144.78,1309.3,0,NORMAL
PALA-01,84.81,3271.42,2.39,47.74,76.77,1563.9,25.62,156.38,324.9,0,NORMAL
CARG-02,89.13,3223.82,1.8,53.96,78.06,1723.4,25.45,153.7,3169.0,0,NORMAL
PALA-01,83.48,3549.23,3.25,54.51,78.91,1776.9,26.94,112.89,2900.7,0,NORMAL
CARG-01,81.45,3403.28,2.64,57.45,81.86,1863.6,26.82,189.7,1350.0,0,NORMAL
CARG-01,78.32,3359.65,2.61,56.88,80.63,1805.5,26.73,73.73,1971.9,0,NORMAL
CARG-02,91.1,2941.0,1.01,55.27,80.35,1725.4,27.67,167.49,1751.3,0,NORMAL
CARG-02,84.37,3281.11,3.48,62.42,79.97,1776.8,25.77,196.4,794.9,0,NORMAL
PALA-02,77.75,3222.1,3.7,52.44,77.49,1632.7,27.98,157.06,845.2,0,NORMAL
CARG-01,76.73,3220.54,1.0,53.05,79.16,1792.5,26.67,111.77,1773.0,0,NORMAL
PALA-01,87.64,2968.59,4.86,55.42,90.73,1777.3,26.0,187.61,1511.2,0,NORMAL
PALA-02,77.33,3054.2,2.23,48.08,83.8,1626.7,26.36,103.53,1450.3,0,NORMAL
CARG-01,122.51,3237.76,1.54,57.44,104.78,1734.8,25.45,148.21,2939.0,1,FALLA_TERMICA
PALA-02,69.6,3450.58,1.5,54.36,75.0,1812.5,25.58,199.82,130.9,0,NORMAL
PALA-03,88.4,3143.71,0.88,54.45,77.04,2013.3,26.31,156.11,3366.0,0,NORMAL
PALA-03,84.19,3178.01,3.93,56.71,80.83,1862.3,27.02,160.73,2781.1,0,NORMAL
PALA-03,82.53,3570.6,1.58,55.88,86.44,1747.0,25.84,203.11,3137.3,0,NORMAL
CARG-02,81.21,3196.57,1.71,56.06,81.92,1754.2,28.12,106.83,2285.0,0,NORMAL
PALA-01,90.51,3226.82,0.97,52.05,81.86,1702.6,26.37,161.71,1029.7,0,NORMAL
PALA-03,85.18,3229.26,2.47,61.85,85.44,1733.4,25.92,160.22,1849.4,0,NORMAL
CARG-02,77.94,3007.81,2.13,46.69,77.11,1813.2,25.37,133.03,1589.3,0,NORMAL
PALA-02,74.26,3352.92,4.0,50.57,86.62,1810.2,25.98,138.21,660.9,0,NORMAL
PALA-01,82.8,3132.48,0.84,51.24,79.47,1709.8,27.55,195.11,3424.4,0,NORMAL
PALA-03,82.0,3244.59,2.4,50.4,85.63,1588.1,27.78,94.95,1092.3,0,NORMAL
PALA-02,75.16,3329.99,1.03,45.27,87.68,1694.3,26.89,153.53,194.1,0,NORMAL
PALA-01,81.75,3599.66,1.39,62.22,77.37,1619.7,26.44,135.35,1735.4,0,NORMAL
CARG-01,79.42,3012.8,2.13,57.21,81.0,1574.1,25.25,166.71,420.5,0,NORMAL
PALA-03,82.04,3405.7,4.49,50.84,84.16,1793.0,24.34,141.53,2905.4,0,NORMAL
CARG-02,85.27,3406.37,0.5,57.49,79.85,1761.5,26.55,166.1,164.0,0,NORMAL
CARG-01,88.72,3135.12,0.6,53.2,79.96,1609.7,26.08,157.98,226.2,0,NORMAL
PALA-03,86.09,3357.91,1.05,52.55,79.41,1681.1,25.96,161.22,2776.3,0,NORMAL
PALA-01,78.75,3545.82,2.11,49.2,73.56,1756.8,26.72,156.28,488.3,0,NORMAL
PALA-02,83.66,3112.31,0.93,54.09,85.23,1750.9,25.33,163.34,1993.6,0,NORMAL
PALA-01,82.28,3293.46,0.64,50.84,76.96,1772.7,27.57,167.22,2205.4,0,NORMAL
CARG-02,76.01,3322.86,2.49,49.14,71.84,1628.5,27.89,162.23,3483.0,0,NORMAL
PALA-01,83.79,3346.15,1.67,58.78,85.19,1763.0,26.95,153.35,927.6,0,NORMAL
PALA-02,90.36,3388.47,3.48,49.89,82.94,1714.3,26.16,195.34,1070.7,0,NORMAL
PALA-03,82.15,3279.93,2.51,61.02,75.73,1812.6,25.92,127.45,277.3,0,NORMAL
PALA-02,74.83,3342.42,2.53,50.43,85.34,1849.0,26.15,235.79,223.6,0,NORMAL
PALA-01,82.14,3085.93,9.55,46.49,83.66,2083.5,26.66,129.32,3238.0,1,FALLA_DESGASTE_RODAMIENTOS
PALA-03,76.54,3279.52,3.67,56.63,81.0,1877.2,27.21,143.1,2322.6,0,NORMAL
PALA-01,85.89,3164.26,6.18,51.77,79.6,1735.1,26.76,96.08,4101.6,1,FALLA_DESGASTE_RODAMIENTOS
PALA-01,84.36,3028.63,1.74,46.1,80.51,1715.5,27.41,149.4,2729.7,0,NORMAL
PALA-02,81.23,3158.35,2.2,55.27,81.83,1607.7,26.84,190.84,1912.2,0,NORMAL
CARG-01,80.51,3298.5,3.42,47.47,77.85,1610.7,27.23,126.37,2786.9,0,NORMAL
PALA-03,81.04,3328.44,0.94,44.05,85.47,1752.6,26.38,207.81,672.3,0,NORMAL
PALA-02,82.04,3021.68,2.57,57.39,83.22,1756.3,25.48,153.86,2237.8,0,NORMAL
PALA-03,78.52,3081.22,1.31,61.44,80.46,2041.2,27.43,110.56,2735.1,0,NORMAL
PALA-02,75.76,3380.44,1.77,52.03,87.97,1632.7,28.15,130.81,2019.9,0,NORMAL
CARG-02,87.12,3341.47,3.38,60.06,79.79,1620.2,26.64,176.44,2547.1,0,NORMAL
PALA-01,80.27,3409.68,1.79,58.01,87.2,1750.0,25.96,141.35,538.6,0,NORMAL
PALA-03,82.75,3496.21,1.76,57.34,82.17,1659.5,26.78,216.31,1578.4,0,NORMAL
CARG-02,83.28,3346.82,1.14,53.15,84.03,1766.7,26.12,135.71,2987.1,0,NORMAL
CARG-01,83.45,3175.33,2.96,51.02,79.53,1663.2,26.43,156.08,1146.7,0,NORMAL
PALA-01,76.72,3270.67,1.12,55.72,73.52,1685.8,26.47,137.79,3151.4,0,NORMAL
PALA-02,74.46,3548.78,2.65,57.24,82.92,1771.5,25.79,192.13,3458.6,0,NORMAL
CARG-01,79.35,3747.6,2.2,47.7,76.25,1652.0,25.82,107.72,531.0,0,NORMAL
PALA-01,83.78,3333.36,2.49,52.38,78.55,1676.7,26.34,87.84,559.4,0,NORMAL
CARG-01,78.72,3346.4,1.79,53.05,81.3,1783.4,26.24,141.16,1343.2,0,NORMAL
CARG-01,80.4,3380.63,1.84,52.59,78.43,1725.6,26.86,152.43,1992.3,0,NORMAL
CARG-01,91.57,3254.28,2.69,50.62,80.87,1643.2,26.62,100.69,2682.1,0,NORMAL
PALA-01,73.7,3459.49,2.21,47.34,81.8,1662.2,26.88,175.02,282.6,0,NORMAL
CARG-01,78.6,3431.45,0.55,52.48,75.1,1845.1,26.29,184.76,2746.5,0,NORMAL
PALA-03,90.53,3313.79,4.13,52.61,82.1,1757.2,25.75,147.62,614.1,0,NORMAL
CARG-01,81.8,3192.76,1.47,51.64,78.52,1676.6,25.57,136.14,343.4,0,NORMAL
PALA-01,78.82,2976.27,3.26,57.25,76.73,1823.9,27.19,211.18,2129.6,0,NORMAL
PALA-01,87.26,3381.83,3.31,47.16,72.99,1772.3,26.01,121.05,316.2,0,NORMAL
PALA-02,82.25,3288.31,2.75,55.4,74.78,1882.6,25.89,178.59,302.2,0,NORMAL
PALA-01,80.43,3117.2,2.98,45.03,81.1,1826.3,27.42,143.28,2180.8,0,NORMAL
PALA-03,82.87,3046.61,5.01,53.67,81.17,1860.0,26.09,166.4,2460.7,0,NORMAL
CARG-02,79.04,3369.06,0.6,42.72,83.07,1679.2,24.66,187.61,3221.4,0,NORMAL
PALA-02,77.42,2961.78,2.6,49.55,87.86,1613.3,26.58,171.18,3353.3,0,NORMAL
CARG-01,81.49,3303.94,3.28,53.89,86.42,1812.6,25.96,96.61,1695.5,0,NORMAL
PALA-01,77.45,3401.84,0.85,46.87,84.98,1813.8,25.82,191.97,2271.3,0,NORMAL
PALA-01,82.05,3348.98,2.95,46.91,85.75,1707.4,26.29,92.87,2734.4,0,NORMAL
PALA-01,83.59,3179.67,1.11,58.91,81.72,1594.8,24.76,183.21,3234.8,0,NORMAL
PALA-02,85.84,3025.11,1.64,46.02,81.65,1756.8,24.91,175.8,126.3,0,NORMAL
CARG-02,87.08,3355.66,1.86,53.41,87.15,1766.6,26.03,150.04,802.5,0,NORMAL
PALA-01,80.17,3466.09,1.39,61.38,81.87,1557.1,26.85,176.21,1859.1,0,NORMAL
PALA-03,84.25,3146.91,1.97,54.71,81.95,1764.9,26.19,121.0,849.2,0,NORMAL
PALA-02,84.22,3341.24,2.3,54.14,85.66,1858.1,26.15,113.31,1833.1,0,NORMAL
CARG-02,83.48,3534.67,0.96,50.43,79.89,1562.3,26.4,179.34,2393.0,0,NORMAL
PALA-01,79.84,3310.99,3.55,50.45,80.46,1783.5,27.11,148.32,2705.2,0,NORMAL
PALA-01,77.37,3178.56,2.38,53.16,75.55,1877.2,26.43,212.27,2933.9,0,NORMAL
PALA-01,84.26,3437.35,3.26,44.02,79.15,1884.7,26.36,147.31,3481.2,0,NORMAL
PALA-02,74.32,3117.24,2.21,59.06,79.68,1495.1,25.95,124.19,3084.7,0,NORMAL
PALA-02,80.79,3016.33,4.77,55.04,79.91,1850.5,26.09,252.45,1248.5,0,NORMAL
CARG-02,70.51,3396.22,3.37,45.26,84.24,1682.4,26.54,110.17,1052.1,0,NORMAL
PALA-03,75.99,3176.89,1.88,59.13,76.97,1668.4,27.45,165.25,1091.7,0,NORMAL
PALA-03,78.05,3193.03,1.35,57.4,86.96,2021.5,26.59,163.76,367.6,0,NORMAL
PALA-03,86.94,3137.15,1.38,56.2,72.76,1746.4,25.75,184.97,2337.5,0,NORMAL
PALA-01,85.1,3164.89,1.43,65.18,83.39,1674.1,26.16,148.2,86.5,0,NORMAL
PALA-02,79.51,3502.55,3.11,54.48,84.27,1815.9,27.29,150.42,1059.1,0,NORMAL
CARG-02,85.28,3549.25,4.71,61.65,83.77,1922.3,26.46,154.78,2696.4,0,NORMAL
CARG-01,85.99,3573.1,2.21,54.13,85.38,1740.8,25.29,223.02,1668.7,0,NORMAL
CARG-02,81.28,3446.22,4.56,56.26,80.15,1656.0,26.75,190.29,1474.6,0,NORMAL
CARG-01,75.77,3333.93,1.97,51.23,86.01,1730.9,25.88,130.13,2762.1,0,NORMAL
PALA-01,81.06,2992.19,1.91,44.57,78.24,1850.9,25.48,141.5,1438.2,0,NORMAL
PALA-01,81.56,3216.25,1.54,44.87,78.57,1682.7,26.47,155.41,1684.0,0,NORMAL
PALA-01,76.45,3638.22,1.49,53.58,89.28,1851.0,25.73,128.65,1752.6,0,NORMAL
PALA-02,83.65,3171.59,0.79,52.81,81.71,1703.2,27.05,103.75,1796.0,0,NORMAL
PALA-01,83.26,3522.55,3.63,48.1,84.81,1497.4,26.47,136.18,400.3,0,NORMAL
PALA-02,84.0,3259.91,1.0,52.61,82.98,1902.4,27.48,128.11,1872.0,0,NORMAL
PALA-03,83.26,2767.93,1.38,56.25,83.89,1760.2,26.68,215.17,1385.2,0,NORMAL
CARG-02,85.28,3365.29,1.84,60.45,72.98,1846.5,26.0,162.95,3153.9,0,NORMAL
CARG-01,81.19,3477.93,0.82,50.54,82.51,1756.3,25.99,107.53,93.2,0,NORMAL
CARG-02,82.91,3241.18,1.62,55.96,81.06,1724.5,26.11,149.21,1831.6,0,NORMAL
PALA-01,80.21,3471.95,1.14,62.7,84.89,1808.4,26.79,175.35,3412.1,0,NORMAL
PALA-01,79.37,2949.79,1.96,57.75,77.82,1701.5,25.25,185.63,102.6,0,NORMAL
PALA-03,88.02,3000.6,5.73,50.15,85.77,1937.6,26.62,166.95,2433.6,0,NORMAL
PALA-02,72.8,3286.88,1.76,54.51,76.17,1716.3,25.66,178.47,153.1,0,NORMAL
PALA-02,85.95,4144.48,2.45,54.92,79.19,1938.2,28.19,354.88,3025.6,1,FALLA_SOBRECARGA
PALA-02,79.21,3494.18,3.1,57.19,74.69,1792.6,26.84,155.19,727.7,0,NORMAL
PALA-02,78.62,3365.01,1.45,54.2,76.68,1434.3,26.92,275.27,2896.8,0,NORMAL
PALA-03,83.18,3035.15,0.61,56.42,81.03,1601.2,26.46,138.94,3212.4,0,NORMAL
PALA-02,75.3,3288.35,1.0,59.1,86.47,1822.0,25.12,115.93,519.7,0,NORMAL
PALA-03,78.33,3358.13,2.21,48.74,81.14,1609.8,26.41,144.68,389.1,0,NORMAL
PALA-03,78.18,2912.64,0.86,47.4,75.86,1557.2,26.71,156.2,2936.3,0,NORMAL
PALA-02,81.0,3242.15,2.06,57.04,72.56,1874.1,25.94,105.18,654.2,0,NORMAL
PALA-02,78.38,3189.6,2.27,53.23,83.69,1529.4,26.34,177.55,234.0,0,NORMAL
PALA-01,89.21,3132.16,1.1,58.32,78.37,1813.4,26.9,138.66,811.7,0,NORMAL
PALA-02,90.09,3339.78,2.15,59.44,78.91,1676.4,26.49,79.04,758.3,0,NORMAL
CARG-01,72.9,3043.06,1.6,44.75,85.31,1804.3,26.62,159.28,2377.5,0,NORMAL
CARG-01,84.45,3325.04,2.52,49.81,80.46,1752.0,26.82,131.57,1678.4,0,NORMAL
PALA-03,85.86,3350.71,2.81,53.37,79.81,1471.2,27.39,195.49,2691.5,0,NORMAL
PALA-01,84.44,3445.08,1.43,48.88,81.65,1682.2,25.73,124.64,863.7,0,NORMAL
PALA-03,79.04,3047.78,4.87,51.64,86.93,1690.7,27.95,141.06,1743.5,0,NORMAL
PALA-03,80.9,2979.06,0.83,47.61,82.02,1769.1,27.95,172.07,414.0,0,NORMAL
PALA-02,78.63,3300.2,1.19,51.81,72.36,1758.2,25.96,147.08,1678.8,0,NORMAL
PALA-03,80.11,3198.47,1.41,49.17,77.73,1690.6,26.94,126.94,1772.9,0,NORMAL
PALA-02,76.56,4882.52,2.52,55.72,79.86,1583.9,27.86,309.47,3194.7,1,FALLA_SOBRECARGA
PALA-03,81.48,3332.53,0.85,58.51,84.45,1777.7,21.56,202.0,3323.1,1,FALLA_ELECTRICA
CARG-01,75.24,3260.47,3.89,56.04,76.03,1824.5,25.03,141.29,3069.8,0,NORMAL
PALA-01,81.1,3218.89,1.51,66.99,81.6,1759.7,26.28,117.93,3232.4,0,NORMAL
CARG-01,76.38,3030.75,1.7,58.69,80.67,1693.7,26.0,151.18,210.6,0,NORMAL
PALA-01,82.93,3351.5,1.15,58.51,85.07,1675.5,27.08,154.89,2902.4,0,NORMAL
PALA-01,78.94,3235.75,2.37,53.59,77.01,1609.9,27.16,180.11,279.7,0,NORMAL
CARG-02,83.31,3235.9,2.89,52.47,81.67,1749.8,25.45,115.05,2022.9,0,NORMAL
CARG-02,86.87,3267.0,1.7,60.37,87.13,1743.0,25.83,219.48,344.2,0,NORMAL
PALA-01,89.15,3289.82,3.74,52.73,84.6,1820.3,25.14,141.04,2778.9,0,NORMAL
PALA-02,70.62,2936.93,1.66,54.17,83.4,1645.2,26.33,220.44,57.8,0,NORMAL
PALA-01,78.25,3400.66,1.81,53.14,79.76,1734.3,26.17,167.1,1374.4,0,NORMAL
PALA-02,80.64,3097.64,1.56,56.7,81.61,1562.1,26.77,179.85,1876.8,0,NORMAL
CARG-01,84.07,3225.15,2.57,58.46,80.55,1679.3,27.84,188.92,984.6,0,NORMAL
CARG-02,74.57,3481.46,2.09,59.32,84.43,1652.6,26.61,145.5,1793.1,0,NORMAL
PALA-03,77.58,3570.3,1.49,52.48,83.11,1846.9,26.16,112.52,3072.9,0,NORMAL
PALA-02,82.59,2943.91,2.15,54.91,78.49,1924.8,27.04,185.1,2154.6,0,NORMAL
PALA-03,82.38,3255.44,2.64,55.66,87.98,1578.8,26.12,235.94,1958.1,0,NORMAL
PALA-02,83.7,3299.12,2.34,61.32,85.82,1828.9,26.26,160.38,3434.2,0,NORMAL
CARG-02,84.0,2978.64,1.46,45.07,77.53,1801.7,26.54,161.98,1395.5,0,NORMAL
CARG-02,83.52,3394.47,2.26,54.06,79.62,1654.1,25.45,171.66,3092.7,0,NORMAL
PALA-03,82.87,3270.93,1.27,50.78,80.37,1629.8,26.15,108.89,2281.3,0,NORMAL
PALA-02,82.25,3284.95,1.7,51.34,84.27,1628.3,25.76,201.18,2724.4,0,NORMAL
PALA-02,84.99,3084.84,1.32,49.75,77.76,1674.7,27.05,116.54,1126.5,0,NORMAL
PALA-01,71.92,3324.32,1.97,56.7,78.32,1676.9,25.58,212.35,2156.7,0,NORMAL
CARG-01,88.95,3400.88,2.71,41.75,84.51,1701.7,25.65,169.14,2977.3,0,NORMAL
PALA-02,72.08,3272.91,4.59,53.31,83.23,1658.8,25.83,204.79,2208.4,0,NORMAL
PALA-02,77.14,3157.49,3.68,44.89,73.21,1816.7,25.77,97.55,2382.1,0,NORMAL
PALA-02,80.98,3171.51,4.86,50.54,83.63,1781.1,27.74,190.76,1813.1,0,NORMAL
CARG-01,85.03,3289.67,3.13,52.93,75.1,1699.2,27.27,166.61,488.4,0,NORMAL
PALA-01,68.52,3258.78,13.29,51.97,78.46,1655.3,26.79,151.25,3102.2,1,FALLA_DESGASTE_RODAMIENTOS
CARG-02,81.87,3412.87,0.29,57.41,79.54,1652.1,26.07,200.13,2447.3,0,NORMAL
CARG-02,85.57,3163.55,5.62,60.25,79.12,1772.7,26.35,187.22,1761.0,0,NORMAL
CARG-02,86.48,3030.69,1.91,63.79,78.4,1726.7,27.66,166.22,1440.9,0,NORMAL
PALA-02,78.86,3314.69,5.65,53.96,76.85,1743.8,26.15,84.23,2350.8,0,NORMAL
PALA-01,80.65,3164.04,4.45,59.81,83.05,1823.0,25.54,148.78,2465.4,0,NORMAL
